{
"type": "FeatureCollection",
"name": "geo_17_5",
"crs": { "type": "name", "properties": { "name": "urn:ogc:def:crs:OGC:1.3:CRS84" } },
"features": [
{ "type": "Feature", "properties": { "内容": "クスリのアオキ鈴見薬局【5:薬局】石川県金沢市もりの里３丁目１８３番地", "url": "https://www.iryou.teikyouseido.mhlw.go.jp/znk-web/juminkanja/S2430/initialize?prefCd=17&kikanCd=1001&kikanKbn=5", "url2": "https://www.kusuri-aoki.co.jp/" }, "geometry": { "type": "Point", "coordinates": [ 136.681562, 36.561042 ] } },
{ "type": "Feature", "properties": { "内容": "アルプ薬局粟崎店【5:薬局】石川県金沢市粟崎町１丁目６２番地", "url": "https://www.iryou.teikyouseido.mhlw.go.jp/znk-web/juminkanja/S2430/initialize?prefCd=17&kikanCd=1002&kikanKbn=5", "url2": "http://www.alp-grp.jp" }, "geometry": { "type": "Point", "coordinates": [ 136.628669, 36.626756 ] } },
{ "type": "Feature", "properties": { "内容": "クスリのアオキ粟崎薬局【5:薬局】石川県金沢市粟崎町２丁目３番地", "url": "https://www.iryou.teikyouseido.mhlw.go.jp/znk-web/juminkanja/S2430/initialize?prefCd=17&kikanCd=1003&kikanKbn=5", "url2": "https://www.kusuri-aoki.co.jp/" }, "geometry": { "type": "Point", "coordinates": [ 136.630099, 36.628624 ] } },
{ "type": "Feature", "properties": { "内容": "アルプ薬局大浜店【5:薬局】石川県金沢市粟崎町３丁目３１番地２", "url": "https://www.iryou.teikyouseido.mhlw.go.jp/znk-web/juminkanja/S2430/initialize?prefCd=17&kikanCd=1004&kikanKbn=5", "url2": "http://www.alp-grp.jp/" }, "geometry": { "type": "Point", "coordinates": [ 136.627099, 36.626971 ] } },
{ "type": "Feature", "properties": { "内容": "クスリのアオキ安原薬局【5:薬局】石川県金沢市福増町南１２５２番地", "url": "https://www.iryou.teikyouseido.mhlw.go.jp/znk-web/juminkanja/S2430/initialize?prefCd=17&kikanCd=1005&kikanKbn=5", "url2": "http://www.kusuri-aoki.co.jp" }, "geometry": { "type": "Point", "coordinates": [ 136.582214, 36.563622 ] } },
{ "type": "Feature", "properties": { "内容": "県庁北ゆうゆう薬局【5:薬局】石川県金沢市鞍月４－１４７", "url": "https://www.iryou.teikyouseido.mhlw.go.jp/znk-web/juminkanja/S2430/initialize?prefCd=17&kikanCd=1007&kikanKbn=5", "url2": "http://www.youyu-p.com/" }, "geometry": { "type": "Point", "coordinates": [ 136.624075, 36.59652 ] } },
{ "type": "Feature", "properties": { "内容": "クスリのアオキ鞍月薬局【5:薬局】石川県金沢市鞍月５丁目７７番", "url": "https://www.iryou.teikyouseido.mhlw.go.jp/znk-web/juminkanja/S2430/initialize?prefCd=17&kikanCd=1008&kikanKbn=5", "url2": "http://www.kusuri-aoki.co.jp/" }, "geometry": { "type": "Point", "coordinates": [ 136.624991, 36.599899 ] } },
{ "type": "Feature", "properties": { "内容": "鞍月あおぞら薬局【5:薬局】石川県金沢市鞍月東１－８－２", "url": "https://www.iryou.teikyouseido.mhlw.go.jp/znk-web/juminkanja/S2430/initialize?prefCd=17&kikanCd=1010&kikanKbn=5", "url2": "http://www.granpharma.co.jp" }, "geometry": { "type": "Point", "coordinates": [ 136.629631, 36.594284 ] } },
{ "type": "Feature", "properties": { "内容": "クオール薬局磯部町店【5:薬局】石川県金沢市磯部町ニ６－１", "url": "https://www.iryou.teikyouseido.mhlw.go.jp/znk-web/juminkanja/S2430/initialize?prefCd=17&kikanCd=1011&kikanKbn=5", "url2": "https://www.qol-net.co.jp/pharmacy/map/detail.php?id=79" }, "geometry": { "type": "Point", "coordinates": [ 136.659834, 36.599061 ] } },
{ "type": "Feature", "properties": { "内容": "アルプ薬局駅西店【5:薬局】石川県金沢市駅西本町３丁目１番２５", "url": "https://www.iryou.teikyouseido.mhlw.go.jp/znk-web/juminkanja/S2430/initialize?prefCd=17&kikanCd=1012&kikanKbn=5", "url2": "http://www.alp-grp.jp/" }, "geometry": { "type": "Point", "coordinates": [ 136.635881, 36.581991 ] } },
{ "type": "Feature", "properties": { "内容": "ラン薬局【5:薬局】石川県金沢市駅西本町６－１４－７", "url": "https://www.iryou.teikyouseido.mhlw.go.jp/znk-web/juminkanja/S2430/initialize?prefCd=17&kikanCd=1013&kikanKbn=5", "url2": "http://www.ran-yakkyoku.jp/" }, "geometry": { "type": "Point", "coordinates": [ 136.626046, 36.585472 ] } },
{ "type": "Feature", "properties": { "内容": "若林光生堂薬局【5:薬局】石川県金沢市円光寺２－６－７", "url": "https://www.iryou.teikyouseido.mhlw.go.jp/znk-web/juminkanja/S2430/initialize?prefCd=17&kikanCd=1015&kikanKbn=5", "url2": null }, "geometry": { "type": "Point", "coordinates": [ 136.647801, 36.53254 ] } },
{ "type": "Feature", "properties": { "内容": "吉野薬局【5:薬局】石川県金沢市横山町１５番２７号", "url": "https://www.iryou.teikyouseido.mhlw.go.jp/znk-web/juminkanja/S2430/initialize?prefCd=17&kikanCd=1016&kikanKbn=5", "url2": "http//www.toyama-sougou.jp" }, "geometry": { "type": "Point", "coordinates": [ 136.670998, 36.564775 ] } },
{ "type": "Feature", "properties": { "内容": "若葉らいふ薬局【5:薬局】石川県金沢市沖町二３１", "url": "https://www.iryou.teikyouseido.mhlw.go.jp/znk-web/juminkanja/S2430/initialize?prefCd=17&kikanCd=1018&kikanKbn=5", "url2": "https://hokuriku-qol.jp/" }, "geometry": { "type": "Point", "coordinates": [ 136.652374, 36.592052 ] } },
{ "type": "Feature", "properties": { "内容": "沖町ファーマライズ薬局【5:薬局】石川県金沢市沖町ニ３３", "url": "https://www.iryou.teikyouseido.mhlw.go.jp/znk-web/juminkanja/S2430/initialize?prefCd=17&kikanCd=1019&kikanKbn=5", "url2": "http://www.pharmarise.com/" }, "geometry": { "type": "Point", "coordinates": [ 136.652313, 36.592263 ] } },
{ "type": "Feature", "properties": { "内容": "中森全快堂額乙丸薬局【5:薬局】石川県金沢市額乙丸町ロ１３１番地", "url": "https://www.iryou.teikyouseido.mhlw.go.jp/znk-web/juminkanja/S2430/initialize?prefCd=17&kikanCd=1020&kikanKbn=5", "url2": "http://www.zenkaido.jp" }, "geometry": { "type": "Point", "coordinates": [ 136.62107, 36.512239 ] } },
{ "type": "Feature", "properties": { "内容": "アルプ薬局笠舞店【5:薬局】石川県金沢市笠舞２丁目２４番３号河合ビル", "url": "https://www.iryou.teikyouseido.mhlw.go.jp/znk-web/juminkanja/S2430/initialize?prefCd=17&kikanCd=1023&kikanKbn=5", "url2": "http://www.alp-grp.jp/" }, "geometry": { "type": "Point", "coordinates": [ 136.669257, 36.550143 ] } },
{ "type": "Feature", "properties": { "内容": "アルプ薬局森本店【5:薬局】石川県金沢市吉原町ホ２１３", "url": "https://www.iryou.teikyouseido.mhlw.go.jp/znk-web/juminkanja/S2430/initialize?prefCd=17&kikanCd=1028&kikanKbn=5", "url2": "http://www.alp-grp.jp/" }, "geometry": { "type": "Point", "coordinates": [ 136.690517, 36.611339 ] } },
{ "type": "Feature", "properties": { "内容": "久安コメヤ薬局【5:薬局】石川県金沢市久安２丁目２３５番地", "url": "https://www.iryou.teikyouseido.mhlw.go.jp/znk-web/juminkanja/S2430/initialize?prefCd=17&kikanCd=1029&kikanKbn=5", "url2": "http://www.komeya-drug.com/" }, "geometry": { "type": "Point", "coordinates": [ 136.631619, 36.5333 ] } },
{ "type": "Feature", "properties": { "内容": "菜の花薬局【5:薬局】石川県金沢市京町２－１８", "url": "https://www.iryou.teikyouseido.mhlw.go.jp/znk-web/juminkanja/S2430/initialize?prefCd=17&kikanCd=1030&kikanKbn=5", "url2": "http://nanohana-pharmacy.com/" }, "geometry": { "type": "Point", "coordinates": [ 136.656707, 36.581206 ] } },
{ "type": "Feature", "properties": { "内容": "橋場町あおぞら薬局【5:薬局】石川県金沢市橋場町３－１５", "url": "https://www.iryou.teikyouseido.mhlw.go.jp/znk-web/juminkanja/S2430/initialize?prefCd=17&kikanCd=1031&kikanKbn=5", "url2": "http://www.granpharma.co.jp" }, "geometry": { "type": "Point", "coordinates": [ 136.664237, 36.571005 ] } },
{ "type": "Feature", "properties": { "内容": "アルプ薬局玉川店【5:薬局】石川県金沢市玉川町１０－８", "url": "https://www.iryou.teikyouseido.mhlw.go.jp/znk-web/juminkanja/S2430/initialize?prefCd=17&kikanCd=1032&kikanKbn=5", "url2": "http://www.alp-grp.jp/" }, "geometry": { "type": "Point", "coordinates": [ 136.651761, 36.572724 ] } },
{ "type": "Feature", "properties": { "内容": "玉川町薬局【5:薬局】石川県金沢市玉川町１６－５", "url": "https://www.iryou.teikyouseido.mhlw.go.jp/znk-web/juminkanja/S2430/initialize?prefCd=17&kikanCd=1033&kikanKbn=5", "url2": null }, "geometry": { "type": "Point", "coordinates": [ 136.650405, 36.570927 ] } },
{ "type": "Feature", "properties": { "内容": "プリスケア薬局【5:薬局】石川県金沢市窪４丁目５０６", "url": "https://www.iryou.teikyouseido.mhlw.go.jp/znk-web/juminkanja/S2430/initialize?prefCd=17&kikanCd=1038&kikanKbn=5", "url2": "http://www.komeya-drug.com/" }, "geometry": { "type": "Point", "coordinates": [ 136.640543, 36.526068 ] } },
{ "type": "Feature", "properties": { "内容": "堅田みらい薬局【5:薬局】石川県金沢市堅田町", "url": "https://www.iryou.teikyouseido.mhlw.go.jp/znk-web/juminkanja/S2430/initialize?prefCd=17&kikanCd=1039&kikanKbn=5", "url2": "https://mirai-pharmacy.com" }, "geometry": { "type": "Point", "coordinates": [ 136.702324, 36.60927 ] } },
{ "type": "Feature", "properties": { "内容": "荒屋らいふ薬局【5:薬局】石川県金沢市荒屋１－８９", "url": "https://www.iryou.teikyouseido.mhlw.go.jp/znk-web/juminkanja/S2430/initialize?prefCd=17&kikanCd=1042&kikanKbn=5", "url2": null }, "geometry": { "type": "Point", "coordinates": [ 136.684556, 36.615516 ] } },
{ "type": "Feature", "properties": { "内容": "英薬局【5:薬局】石川県金沢市香林坊", "url": "https://www.iryou.teikyouseido.mhlw.go.jp/znk-web/juminkanja/S2430/initialize?prefCd=17&kikanCd=1044&kikanKbn=5", "url2": null }, "geometry": { "type": "Point", "coordinates": [ 136.654005, 36.562764 ] } },
{ "type": "Feature", "properties": { "内容": "スクエア香林坊あおぞら薬局【5:薬局】石川県金沢市香林坊２丁目８番地１５号", "url": "https://www.iryou.teikyouseido.mhlw.go.jp/znk-web/juminkanja/S2430/initialize?prefCd=17&kikanCd=1045&kikanKbn=5", "url2": "http://www.granpharma.co.jp" }, "geometry": { "type": "Point", "coordinates": [ 136.652138, 36.56608 ] } },
{ "type": "Feature", "properties": { "内容": "高尾コメヤ薬局【5:薬局】石川県金沢市高尾南３丁目１７", "url": "https://www.iryou.teikyouseido.mhlw.go.jp/znk-web/juminkanja/S2430/initialize?prefCd=17&kikanCd=1048&kikanKbn=5", "url2": "http://www.komeya-drug.com/" }, "geometry": { "type": "Point", "coordinates": [ 136.628475, 36.519413 ] } },
{ "type": "Feature", "properties": { "内容": "アルプ薬局今町店【5:薬局】石川県金沢市今町ホ３７番地２", "url": "https://www.iryou.teikyouseido.mhlw.go.jp/znk-web/juminkanja/S2430/initialize?prefCd=17&kikanCd=1050&kikanKbn=5", "url2": "http://www.alp-grp.jp/" }, "geometry": { "type": "Point", "coordinates": [ 136.702563, 36.6294 ] } },
{ "type": "Feature", "properties": { "内容": "桜町ゆうゆう薬局【5:薬局】石川県金沢市桜町２３‐１１", "url": "https://www.iryou.teikyouseido.mhlw.go.jp/znk-web/juminkanja/S2430/initialize?prefCd=17&kikanCd=1052&kikanKbn=5", "url2": "http://www.youyu-p.com/" }, "geometry": { "type": "Point", "coordinates": [ 136.675001, 36.56178 ] } },
{ "type": "Feature", "properties": { "内容": "クスリのアオキ桜田薬局【5:薬局】石川県金沢市桜田町１－３１", "url": "https://www.iryou.teikyouseido.mhlw.go.jp/znk-web/juminkanja/S2430/initialize?prefCd=17&kikanCd=1053&kikanKbn=5", "url2": "http://www.kusuri-aoki.co.jp" }, "geometry": { "type": "Point", "coordinates": [ 136.618365, 36.578589 ] } },
{ "type": "Feature", "properties": { "内容": "アルプ薬局花里店【5:薬局】石川県金沢市三口新町２―３―１２", "url": "https://www.iryou.teikyouseido.mhlw.go.jp/znk-web/juminkanja/S2430/initialize?prefCd=17&kikanCd=1054&kikanKbn=5", "url2": "http://www.alp-grp.jp" }, "geometry": { "type": "Point", "coordinates": [ 136.68124, 36.539814 ] } },
{ "type": "Feature", "properties": { "内容": "さくら薬局　金沢三馬店【5:薬局】石川県金沢市三馬２丁目２４５番地", "url": "https://www.iryou.teikyouseido.mhlw.go.jp/znk-web/juminkanja/S2430/initialize?prefCd=17&kikanCd=1055&kikanKbn=5", "url2": "http://www.kraft-net.co.jp/store/3357/" }, "geometry": { "type": "Point", "coordinates": [ 136.636358, 36.529268 ] } },
{ "type": "Feature", "properties": { "内容": "かねだ薬局【5:薬局】石川県金沢市三馬３－２３８", "url": "https://www.iryou.teikyouseido.mhlw.go.jp/znk-web/juminkanja/S2430/initialize?prefCd=17&kikanCd=1057&kikanKbn=5", "url2": null }, "geometry": { "type": "Point", "coordinates": [ 136.632147, 36.529662 ] } },
{ "type": "Feature", "properties": { "内容": "キタムラ薬局【5:薬局】石川県金沢市寺中町ト７−３", "url": "https://www.iryou.teikyouseido.mhlw.go.jp/znk-web/juminkanja/S2430/initialize?prefCd=17&kikanCd=1058&kikanKbn=5", "url2": null }, "geometry": { "type": "Point", "coordinates": [ 136.600275, 36.599858 ] } },
{ "type": "Feature", "properties": { "内容": "木曳野らいふ薬局【5:薬局】石川県金沢市寺中町ホ４２−７", "url": "https://www.iryou.teikyouseido.mhlw.go.jp/znk-web/juminkanja/S2430/initialize?prefCd=17&kikanCd=1059&kikanKbn=5", "url2": "https://hokuriku-qol.jp/" }, "geometry": { "type": "Point", "coordinates": [ 136.60373, 36.596226 ] } },
{ "type": "Feature", "properties": { "内容": "クスリのアオキ小坂薬局【5:薬局】石川県金沢市小坂町西１７番地", "url": "https://www.iryou.teikyouseido.mhlw.go.jp/znk-web/juminkanja/S2430/initialize?prefCd=17&kikanCd=1062&kikanKbn=5", "url2": "http://www.kusuri-aoki.co.jp" }, "geometry": { "type": "Point", "coordinates": [ 136.670318, 36.590695 ] } },
{ "type": "Feature", "properties": { "内容": "箔山堂小坂薬局【5:薬局】石川県金沢市小坂町", "url": "https://www.iryou.teikyouseido.mhlw.go.jp/znk-web/juminkanja/S2430/initialize?prefCd=17&kikanCd=1064&kikanKbn=5", "url2": "http://www.nanzando.co.jp/h_kosaka.html" }, "geometry": { "type": "Point", "coordinates": [ 136.678052, 36.592666 ] } },
{ "type": "Feature", "properties": { "内容": "金沢ファーマライズ薬局【5:薬局】石川県金沢市小坂町北１４２", "url": "https://www.iryou.teikyouseido.mhlw.go.jp/znk-web/juminkanja/S2430/initialize?prefCd=17&kikanCd=1065&kikanKbn=5", "url2": "http://www.pharmarise.com/" }, "geometry": { "type": "Point", "coordinates": [ 136.67822, 36.593585 ] } },
{ "type": "Feature", "properties": { "内容": "小立野瑠璃光薬局【5:薬局】石川県金沢市小立野１－２－３", "url": "https://www.iryou.teikyouseido.mhlw.go.jp/znk-web/juminkanja/S2430/initialize?prefCd=17&kikanCd=1066&kikanKbn=5", "url2": "http://rurikou.jp/index.html" }, "geometry": { "type": "Point", "coordinates": [ 136.680643, 36.546088 ] } },
{ "type": "Feature", "properties": { "内容": "小立野台コメヤ薬局【5:薬局】石川県金沢市小立野２丁目４２－３６", "url": "https://www.iryou.teikyouseido.mhlw.go.jp/znk-web/juminkanja/S2430/initialize?prefCd=17&kikanCd=1067&kikanKbn=5", "url2": "http://www.komeya-drug.com/" }, "geometry": { "type": "Point", "coordinates": [ 136.679154, 36.548024 ] } },
{ "type": "Feature", "properties": { "内容": "クスリのアオキ浅野本町薬局【5:薬局】石川県金沢市昌永町１５番５０号", "url": "https://www.iryou.teikyouseido.mhlw.go.jp/znk-web/juminkanja/S2430/initialize?prefCd=17&kikanCd=1069&kikanKbn=5", "url2": "http://www.kusuri-aoki.co.jp" }, "geometry": { "type": "Point", "coordinates": [ 136.658532, 36.580856 ] } },
{ "type": "Feature", "properties": { "内容": "大徳はなの木薬局【5:薬局】石川県金沢市松村１－５", "url": "https://www.iryou.teikyouseido.mhlw.go.jp/znk-web/juminkanja/S2430/initialize?prefCd=17&kikanCd=1070&kikanKbn=5", "url2": "http://www.hananoki-ymt.com/" }, "geometry": { "type": "Point", "coordinates": [ 136.616735, 36.588763 ] } },
{ "type": "Feature", "properties": { "内容": "中森全快堂上安原町薬局【5:薬局】石川県金沢市上安原町２丁目２１４", "url": "https://www.iryou.teikyouseido.mhlw.go.jp/znk-web/juminkanja/S2430/initialize?prefCd=17&kikanCd=1072&kikanKbn=5", "url2": "http://www.zenkaidou.jp/" }, "geometry": { "type": "Point", "coordinates": [ 136.588645, 36.565785 ] } },
{ "type": "Feature", "properties": { "内容": "薬局マツモトキヨシ安原店【5:薬局】石川県金沢市上安原１丁目２５６", "url": "https://www.iryou.teikyouseido.mhlw.go.jp/znk-web/juminkanja/S2430/initialize?prefCd=17&kikanCd=1073&kikanKbn=5", "url2": null }, "geometry": { "type": "Point", "coordinates": [ 136.589845, 36.565504 ] } },
{ "type": "Feature", "properties": { "内容": "上荒屋菜の花薬局【5:薬局】石川県金沢市上荒屋１丁目４０４番地", "url": "https://www.iryou.teikyouseido.mhlw.go.jp/znk-web/juminkanja/S2430/initialize?prefCd=17&kikanCd=1074&kikanKbn=5", "url2": "http://nanohana-pharmacy.com/" }, "geometry": { "type": "Point", "coordinates": [ 136.5935, 36.546043 ] } },
{ "type": "Feature", "properties": { "内容": "北村長生堂薬局【5:薬局】石川県金沢市上荒屋４－８", "url": "https://www.iryou.teikyouseido.mhlw.go.jp/znk-web/juminkanja/S2430/initialize?prefCd=17&kikanCd=1075&kikanKbn=5", "url2": null }, "geometry": { "type": "Point", "coordinates": [ 136.592969, 36.55315 ] } },
{ "type": "Feature", "properties": { "内容": "神田まつだ薬局【5:薬局】石川県金沢市新神田４丁目６番２号", "url": "https://www.iryou.teikyouseido.mhlw.go.jp/znk-web/juminkanja/S2430/initialize?prefCd=17&kikanCd=1076&kikanKbn=5", "url2": null }, "geometry": { "type": "Point", "coordinates": [ 136.628121, 36.562124 ] } },
{ "type": "Feature", "properties": { "内容": "クスリのアオキ畝田薬局【5:薬局】石川県金沢市畝田西３−５１４", "url": "https://www.iryou.teikyouseido.mhlw.go.jp/znk-web/juminkanja/S2430/initialize?prefCd=17&kikanCd=1078&kikanKbn=5", "url2": "https://www.kusuri-aoki.co.jp/" }, "geometry": { "type": "Point", "coordinates": [ 136.606738, 36.59677 ] } },
{ "type": "Feature", "properties": { "内容": "有限会社能村薬局【5:薬局】石川県金沢市西町藪ノ内通２７", "url": "https://www.iryou.teikyouseido.mhlw.go.jp/znk-web/juminkanja/S2430/initialize?prefCd=17&kikanCd=1082&kikanKbn=5", "url2": null }, "geometry": { "type": "Point", "coordinates": [ 136.65589, 36.570115 ] } },
{ "type": "Feature", "properties": { "内容": "県庁前コメヤ薬局【5:薬局】石川県金沢市西都", "url": "https://www.iryou.teikyouseido.mhlw.go.jp/znk-web/juminkanja/S2430/initialize?prefCd=17&kikanCd=1083&kikanKbn=5", "url2": "http://www.komeya-drug.com/" }, "geometry": { "type": "Point", "coordinates": [ 136.626925, 36.592818 ] } },
{ "type": "Feature", "properties": { "内容": "西念ラン薬局【5:薬局】石川県金沢市西念３－３０－１１", "url": "https://www.iryou.teikyouseido.mhlw.go.jp/znk-web/juminkanja/S2430/initialize?prefCd=17&kikanCd=1085&kikanKbn=5", "url2": "http://www.ran-yakkyoku.jp/" }, "geometry": { "type": "Point", "coordinates": [ 136.63738, 36.590907 ] } },
{ "type": "Feature", "properties": { "内容": "石引ファーマライズ薬局【5:薬局】石川県金沢市石引１−８−８", "url": "https://www.iryou.teikyouseido.mhlw.go.jp/znk-web/juminkanja/S2430/initialize?prefCd=17&kikanCd=1087&kikanKbn=5", "url2": "http://www.pharmarise.com/" }, "geometry": { "type": "Point", "coordinates": [ 136.672032, 36.555662 ] } },
{ "type": "Feature", "properties": { "内容": "さくら薬局　金沢大学前店【5:薬局】石川県金沢市石引１－８－９", "url": "https://www.iryou.teikyouseido.mhlw.go.jp/znk-web/juminkanja/S2430/initialize?prefCd=17&kikanCd=1088&kikanKbn=5", "url2": "http://www.kraft-net.co.jp/store/3355/" }, "geometry": { "type": "Point", "coordinates": [ 136.67209, 36.555726 ] } },
{ "type": "Feature", "properties": { "内容": "中村漢方薬局【5:薬局】石川県金沢市石引１丁目５番２３号", "url": "https://www.iryou.teikyouseido.mhlw.go.jp/znk-web/juminkanja/S2430/initialize?prefCd=17&kikanCd=1089&kikanKbn=5", "url2": "https://www.nakamura-kanpo.com/" }, "geometry": { "type": "Point", "coordinates": [ 136.671599, 36.556029 ] } },
{ "type": "Feature", "properties": { "内容": "済美会薬局【5:薬局】石川県金沢市石引１丁目８－１０", "url": "https://www.iryou.teikyouseido.mhlw.go.jp/znk-web/juminkanja/S2430/initialize?prefCd=17&kikanCd=1090&kikanKbn=5", "url2": "https://www.saibikai.jp/" }, "geometry": { "type": "Point", "coordinates": [ 136.67221, 36.555815 ] } },
{ "type": "Feature", "properties": { "内容": "合名会社　吉野薬局【5:薬局】石川県金沢市石引２丁目６番５号", "url": "https://www.iryou.teikyouseido.mhlw.go.jp/znk-web/juminkanja/S2430/initialize?prefCd=17&kikanCd=1092&kikanKbn=5", "url2": "http://isibikisyouten.com/shop/34/" }, "geometry": { "type": "Point", "coordinates": [ 136.670476, 36.555227 ] } },
{ "type": "Feature", "properties": { "内容": "金沢石引トラヤ薬局【5:薬局】石川県金沢市石引４－１－８", "url": "https://www.iryou.teikyouseido.mhlw.go.jp/znk-web/juminkanja/S2430/initialize?prefCd=17&kikanCd=1094&kikanKbn=5", "url2": null }, "geometry": { "type": "Point", "coordinates": [ 136.66503, 36.560048 ] } },
{ "type": "Feature", "properties": { "内容": "兼六薬局【5:薬局】石川県金沢市石引", "url": "https://www.iryou.teikyouseido.mhlw.go.jp/znk-web/juminkanja/S2430/initialize?prefCd=17&kikanCd=1095&kikanKbn=5", "url2": null }, "geometry": { "type": "Point", "coordinates": [ 136.665104, 36.560054 ] } },
{ "type": "Feature", "properties": { "内容": "一般社団法人　金沢市薬剤師会　紫錦台薬局【5:薬局】石川県金沢市石引４丁目１−１３", "url": "https://www.iryou.teikyouseido.mhlw.go.jp/znk-web/juminkanja/S2430/initialize?prefCd=17&kikanCd=1097&kikanKbn=5", "url2": null }, "geometry": { "type": "Point", "coordinates": [ 136.665377, 36.559717 ] } },
{ "type": "Feature", "properties": { "内容": "わかひの薬局【5:薬局】石川県金沢市赤土町ニ４－９", "url": "https://www.iryou.teikyouseido.mhlw.go.jp/znk-web/juminkanja/S2430/initialize?prefCd=17&kikanCd=1098&kikanKbn=5", "url2": "http://www.rurikou.jp" }, "geometry": { "type": "Point", "coordinates": [ 136.596015, 36.582147 ] } },
{ "type": "Feature", "properties": { "内容": "ホンダ薬局【5:薬局】石川県金沢市千日町", "url": "https://www.iryou.teikyouseido.mhlw.go.jp/znk-web/juminkanja/S2430/initialize?prefCd=17&kikanCd=1100&kikanKbn=5", "url2": "honda-t@ric.hi-ho.ne.jp" }, "geometry": { "type": "Point", "coordinates": [ 136.647742, 36.560603 ] } },
{ "type": "Feature", "properties": { "内容": "クスリのアオキ泉が丘薬局【5:薬局】石川県金沢市泉が丘２丁目４番２０号", "url": "https://www.iryou.teikyouseido.mhlw.go.jp/znk-web/juminkanja/S2430/initialize?prefCd=17&kikanCd=1101&kikanKbn=5", "url2": "https://www.kusuri-aoki.co.jp/" }, "geometry": { "type": "Point", "coordinates": [ 136.647404, 36.539803 ] } },
{ "type": "Feature", "properties": { "内容": "泉野出町らいふ薬局【5:薬局】石川県金沢市泉野出町１−１９−２５", "url": "https://www.iryou.teikyouseido.mhlw.go.jp/znk-web/juminkanja/S2430/initialize?prefCd=17&kikanCd=1102&kikanKbn=5", "url2": "http://www.life-jp.com/" }, "geometry": { "type": "Point", "coordinates": [ 136.654531, 36.539161 ] } },
{ "type": "Feature", "properties": { "内容": "泉丘薬局【5:薬局】石川県金沢市泉野出町３－１－１３", "url": "https://www.iryou.teikyouseido.mhlw.go.jp/znk-web/juminkanja/S2430/initialize?prefCd=17&kikanCd=1103&kikanKbn=5", "url2": "http://suzuran-pharmacy.net/" }, "geometry": { "type": "Point", "coordinates": [ 136.648681, 36.540469 ] } },
{ "type": "Feature", "properties": { "内容": "アルプ薬局泉野店【5:薬局】石川県金沢市泉野町１丁目１９番１０号", "url": "https://www.iryou.teikyouseido.mhlw.go.jp/znk-web/juminkanja/S2430/initialize?prefCd=17&kikanCd=1105&kikanKbn=5", "url2": "http://www.alp-grp.jp/" }, "geometry": { "type": "Point", "coordinates": [ 136.653628, 36.5446 ] } },
{ "type": "Feature", "properties": { "内容": "中森かいてき薬局【5:薬局】石川県金沢市増泉２丁目７番４４号", "url": "https://www.iryou.teikyouseido.mhlw.go.jp/znk-web/juminkanja/S2430/initialize?prefCd=17&kikanCd=1106&kikanKbn=5", "url2": "http://www.kaiteki-01.jp/" }, "geometry": { "type": "Point", "coordinates": [ 136.641195, 36.558889 ] } },
{ "type": "Feature", "properties": { "内容": "メロディ薬局【5:薬局】石川県金沢市大豆田本町ロ３７番地", "url": "https://www.iryou.teikyouseido.mhlw.go.jp/znk-web/juminkanja/S2430/initialize?prefCd=17&kikanCd=1108&kikanKbn=5", "url2": "https://yppp.jp/pharmacy/rkvi6ynd" }, "geometry": { "type": "Point", "coordinates": [ 136.633226, 36.567396 ] } },
{ "type": "Feature", "properties": { "内容": "周佐堂薬局【5:薬局】石川県金沢市竪町１３番地", "url": "https://www.iryou.teikyouseido.mhlw.go.jp/znk-web/juminkanja/S2430/initialize?prefCd=17&kikanCd=1109&kikanKbn=5", "url2": null }, "geometry": { "type": "Point", "coordinates": [ 136.655214, 36.558179 ] } },
{ "type": "Feature", "properties": { "内容": "すずらん薬局【5:薬局】石川県金沢市長町１−９−１", "url": "https://www.iryou.teikyouseido.mhlw.go.jp/znk-web/juminkanja/S2430/initialize?prefCd=17&kikanCd=1111&kikanKbn=5", "url2": "http://suzuran-pharmacy.net" }, "geometry": { "type": "Point", "coordinates": [ 136.649964, 36.565872 ] } },
{ "type": "Feature", "properties": { "内容": "もりの里はなの木薬局【5:薬局】石川県金沢市田上の里２丁目１４８番地", "url": "https://www.iryou.teikyouseido.mhlw.go.jp/znk-web/juminkanja/S2430/initialize?prefCd=17&kikanCd=1114&kikanKbn=5", "url2": "http://www.hananoki-ymt.com/" }, "geometry": { "type": "Point", "coordinates": [ 136.69117, 36.547976 ] } },
{ "type": "Feature", "properties": { "内容": "朝霧台あおば薬局【5:薬局】石川県金沢市田上本町３ー２０３", "url": "https://www.iryou.teikyouseido.mhlw.go.jp/znk-web/juminkanja/S2430/initialize?prefCd=17&kikanCd=1115&kikanKbn=5", "url2": "http://www.add-vantage.jp/" }, "geometry": { "type": "Point", "coordinates": [ 136.696309, 36.539802 ] } },
{ "type": "Feature", "properties": { "内容": "クスリのアオキ藤江薬局【5:薬局】石川県金沢市藤江北１丁目３０３番地", "url": "https://www.iryou.teikyouseido.mhlw.go.jp/znk-web/juminkanja/S2430/initialize?prefCd=17&kikanCd=1118&kikanKbn=5", "url2": "https://www.kusuri-aoki.co.jp/" }, "geometry": { "type": "Point", "coordinates": [ 136.624176, 36.591057 ] } },
{ "type": "Feature", "properties": { "内容": "リンゴ薬局【5:薬局】石川県金沢市藤江北４ー２３５", "url": "https://www.iryou.teikyouseido.mhlw.go.jp/znk-web/juminkanja/S2430/initialize?prefCd=17&kikanCd=1119&kikanKbn=5", "url2": null }, "geometry": { "type": "Point", "coordinates": [ 136.623078, 36.592837 ] } },
{ "type": "Feature", "properties": { "内容": "フラワー薬局【5:薬局】石川県金沢市馬替２－１５５－４", "url": "https://www.iryou.teikyouseido.mhlw.go.jp/znk-web/juminkanja/S2430/initialize?prefCd=17&kikanCd=1121&kikanKbn=5", "url2": "http://iwaki-yakkyoku.co.jp" }, "geometry": { "type": "Point", "coordinates": [ 136.621114, 36.520918 ] } },
{ "type": "Feature", "properties": { "内容": "アイン薬局　金沢尾張町店【5:薬局】石川県金沢市下新町６－２３", "url": "https://www.iryou.teikyouseido.mhlw.go.jp/znk-web/juminkanja/S2430/initialize?prefCd=17&kikanCd=1124&kikanKbn=5", "url2": "http://www.ainj.co.jp/" }, "geometry": { "type": "Point", "coordinates": [ 136.662771, 36.571674 ] } },
{ "type": "Feature", "properties": { "内容": "クスリのアオキ疋田薬局【5:薬局】石川県金沢市疋田３丁目６３番地", "url": "https://www.iryou.teikyouseido.mhlw.go.jp/znk-web/juminkanja/S2430/initialize?prefCd=17&kikanCd=1125&kikanKbn=5", "url2": "https://www.kusuri-aoki.co.jp/" }, "geometry": { "type": "Point", "coordinates": [ 136.672405, 36.604448 ] } },
{ "type": "Feature", "properties": { "内容": "金沢たんぽぽ薬局【5:薬局】石川県金沢市平和町３－３－８", "url": "https://www.iryou.teikyouseido.mhlw.go.jp/znk-web/juminkanja/S2430/initialize?prefCd=17&kikanCd=1128&kikanKbn=5", "url2": "http://www.tanpopo-ph.co.jp/" }, "geometry": { "type": "Point", "coordinates": [ 136.662478, 36.541286 ] } },
{ "type": "Feature", "properties": { "内容": "平和町あおぞら薬局【5:薬局】石川県金沢市平和町３－２－１３", "url": "https://www.iryou.teikyouseido.mhlw.go.jp/znk-web/juminkanja/S2430/initialize?prefCd=17&kikanCd=1129&kikanKbn=5", "url2": "http://www.granpharma.co.jp/" }, "geometry": { "type": "Point", "coordinates": [ 136.66358, 36.540878 ] } },
{ "type": "Feature", "properties": { "内容": "平和町菜の花薬局【5:薬局】石川県金沢市平和町３丁目４番２５号", "url": "https://www.iryou.teikyouseido.mhlw.go.jp/znk-web/juminkanja/S2430/initialize?prefCd=17&kikanCd=1130&kikanKbn=5", "url2": "http://nanohana-pharmacy.com/" }, "geometry": { "type": "Point", "coordinates": [ 136.661419, 36.541489 ] } },
{ "type": "Feature", "properties": { "内容": "平和町薬局【5:薬局】石川県金沢市平和町３－７－２", "url": "https://www.iryou.teikyouseido.mhlw.go.jp/znk-web/juminkanja/S2430/initialize?prefCd=17&kikanCd=1131&kikanKbn=5", "url2": "www.sarara-s.com" }, "geometry": { "type": "Point", "coordinates": [ 136.663552, 36.541625 ] } },
{ "type": "Feature", "properties": { "内容": "中森かいてきホコ町薬局【5:薬局】石川県金沢市保古１丁目１６７番地", "url": "https://www.iryou.teikyouseido.mhlw.go.jp/znk-web/juminkanja/S2430/initialize?prefCd=17&kikanCd=1135&kikanKbn=5", "url2": "http://www.kaiteki-01.jp/" }, "geometry": { "type": "Point", "coordinates": [ 136.620374, 36.558461 ] } },
{ "type": "Feature", "properties": { "内容": "新生堂薬局【5:薬局】石川県金沢市法光寺町１３８", "url": "https://www.iryou.teikyouseido.mhlw.go.jp/znk-web/juminkanja/S2430/initialize?prefCd=17&kikanCd=1136&kikanKbn=5", "url2": null }, "geometry": { "type": "Point", "coordinates": [ 136.683126, 36.604028 ] } },
{ "type": "Feature", "properties": { "内容": "野村健美堂薬局【5:薬局】石川県金沢市北塚町西４７６番２", "url": "https://www.iryou.teikyouseido.mhlw.go.jp/znk-web/juminkanja/S2430/initialize?prefCd=17&kikanCd=1139&kikanKbn=5", "url2": "https://www.nomurakenbidou-pharmacy.store/" }, "geometry": { "type": "Point", "coordinates": [ 136.59483, 36.56936 ] } },
{ "type": "Feature", "properties": { "内容": "ペンギン堂薬局【5:薬局】石川県金沢市本多町３丁目１０−１５", "url": "https://www.iryou.teikyouseido.mhlw.go.jp/znk-web/juminkanja/S2430/initialize?prefCd=17&kikanCd=1142&kikanKbn=5", "url2": null }, "geometry": { "type": "Point", "coordinates": [ 136.659158, 36.557237 ] } },
{ "type": "Feature", "properties": { "内容": "アルプ薬局本町店【5:薬局】石川県金沢市本町１丁目３番３８号", "url": "https://www.iryou.teikyouseido.mhlw.go.jp/znk-web/juminkanja/S2430/initialize?prefCd=17&kikanCd=1143&kikanKbn=5", "url2": "http://www.alp-grp.jp/" }, "geometry": { "type": "Point", "coordinates": [ 136.652599, 36.574984 ] } },
{ "type": "Feature", "properties": { "内容": "金沢駅前はあと薬局【5:薬局】石川県金沢市本町", "url": "https://www.iryou.teikyouseido.mhlw.go.jp/znk-web/juminkanja/S2430/initialize?prefCd=17&kikanCd=1144&kikanKbn=5", "url2": "heart-ya,com" }, "geometry": { "type": "Point", "coordinates": [ 136.649436, 36.57634 ] } },
{ "type": "Feature", "properties": { "内容": "末町明徳薬局【5:薬局】石川県金沢市末町１６－２１－３", "url": "https://www.iryou.teikyouseido.mhlw.go.jp/znk-web/juminkanja/S2430/initialize?prefCd=17&kikanCd=1145&kikanKbn=5", "url2": "http://www.ymg.ne.jp/pharmacy/detail/suemachi.html" }, "geometry": { "type": "Point", "coordinates": [ 136.686376, 36.520159 ] } },
{ "type": "Feature", "properties": { "内容": "薬局マツモトキヨシ　金沢駅西口店【5:薬局】石川県金沢市木ノ新保町１−１　金沢百番街あんと西２Ｆ", "url": "https://www.iryou.teikyouseido.mhlw.go.jp/znk-web/juminkanja/S2430/initialize?prefCd=17&kikanCd=1147&kikanKbn=5", "url2": null }, "geometry": { "type": "Point", "coordinates": [ 136.64748, 36.578157 ] } },
{ "type": "Feature", "properties": { "内容": "プラス薬局【5:薬局】石川県金沢市木越町チ８０－６", "url": "https://www.iryou.teikyouseido.mhlw.go.jp/znk-web/juminkanja/S2430/initialize?prefCd=17&kikanCd=1148&kikanKbn=5", "url2": "http://www.place-pharmacy.jp/" }, "geometry": { "type": "Point", "coordinates": [ 136.662756, 36.619545 ] } },
{ "type": "Feature", "properties": { "内容": "とくひさ中央薬局【5:薬局】石川県金沢市野町１丁目３番６４号", "url": "https://www.iryou.teikyouseido.mhlw.go.jp/znk-web/juminkanja/S2430/initialize?prefCd=17&kikanCd=1149&kikanKbn=5", "url2": "http://tokuhisa.net" }, "geometry": { "type": "Point", "coordinates": [ 136.647667, 36.55484 ] } },
{ "type": "Feature", "properties": { "内容": "安藤薬局【5:薬局】石川県金沢市野町１−２−４３", "url": "https://www.iryou.teikyouseido.mhlw.go.jp/znk-web/juminkanja/S2430/initialize?prefCd=17&kikanCd=1150&kikanKbn=5", "url2": null }, "geometry": { "type": "Point", "coordinates": [ 136.649008, 36.556659 ] } },
{ "type": "Feature", "properties": { "内容": "やち薬局【5:薬局】石川県金沢市弥勒町ハ１－１", "url": "https://www.iryou.teikyouseido.mhlw.go.jp/znk-web/juminkanja/S2430/initialize?prefCd=17&kikanCd=1153&kikanKbn=5", "url2": null }, "geometry": { "type": "Point", "coordinates": [ 136.690845, 36.612747 ] } },
{ "type": "Feature", "properties": { "内容": "山中青木二階堂薬局【5:薬局】石川県加賀市山中温泉塚谷町１丁目１２１番地", "url": "https://www.iryou.teikyouseido.mhlw.go.jp/znk-web/juminkanja/S2430/initialize?prefCd=17&kikanCd=2001&kikanKbn=5", "url2": "https://www.kusuri-aoki.co.jp/" }, "geometry": { "type": "Point", "coordinates": [ 136.367685, 36.260029 ] } },
{ "type": "Feature", "properties": { "内容": "えくぼ薬局【5:薬局】石川県加賀市下河崎町ト１−１", "url": "https://www.iryou.teikyouseido.mhlw.go.jp/znk-web/juminkanja/S2430/initialize?prefCd=17&kikanCd=2004&kikanKbn=5", "url2": null }, "geometry": { "type": "Point", "coordinates": [ 136.332588, 36.306726 ] } },
{ "type": "Feature", "properties": { "内容": "箔山堂作見薬局【5:薬局】石川県加賀市作見町へ１－１", "url": "https://www.iryou.teikyouseido.mhlw.go.jp/znk-web/juminkanja/S2430/initialize?prefCd=17&kikanCd=2006&kikanKbn=5", "url2": "https://www.nanzando.co.jp/h_sakumi.html" }, "geometry": { "type": "Point", "coordinates": [ 136.355725, 36.319071 ] } },
{ "type": "Feature", "properties": { "内容": "加賀いちご薬局【5:薬局】石川県加賀市作見町", "url": "https://www.iryou.teikyouseido.mhlw.go.jp/znk-web/juminkanja/S2430/initialize?prefCd=17&kikanCd=2007&kikanKbn=5", "url2": null }, "geometry": { "type": "Point", "coordinates": [ 136.358402, 36.316165 ] } },
{ "type": "Feature", "properties": { "内容": "クスリのアオキ山代薬局【5:薬局】石川県加賀市山代温泉１８５番地１", "url": "https://www.iryou.teikyouseido.mhlw.go.jp/znk-web/juminkanja/S2430/initialize?prefCd=17&kikanCd=2010&kikanKbn=5", "url2": "https://www.kusuri-aoki.co.jp/" }, "geometry": { "type": "Point", "coordinates": [ 136.35944, 36.301515 ] } },
{ "type": "Feature", "properties": { "内容": "ササハラ薬局【5:薬局】石川県加賀市山代温泉桔梗丘２丁目６４番地", "url": "https://www.iryou.teikyouseido.mhlw.go.jp/znk-web/juminkanja/S2430/initialize?prefCd=17&kikanCd=2012&kikanKbn=5", "url2": null }, "geometry": { "type": "Point", "coordinates": [ 136.357391, 36.286968 ] } },
{ "type": "Feature", "properties": { "内容": "なかみち若葉薬局【5:薬局】石川県加賀市山代温泉", "url": "https://www.iryou.teikyouseido.mhlw.go.jp/znk-web/juminkanja/S2430/initialize?prefCd=17&kikanCd=2015&kikanKbn=5", "url2": null }, "geometry": { "type": "Point", "coordinates": [ 136.35981, 36.295518 ] } },
{ "type": "Feature", "properties": { "内容": "芝蘭薬局【5:薬局】石川県加賀市大聖寺永町イ１４番地１", "url": "https://www.iryou.teikyouseido.mhlw.go.jp/znk-web/juminkanja/S2430/initialize?prefCd=17&kikanCd=2017&kikanKbn=5", "url2": null }, "geometry": { "type": "Point", "coordinates": [ 136.320097, 36.308243 ] } },
{ "type": "Feature", "properties": { "内容": "有限会社トラヤ薬局【5:薬局】石川県加賀市大聖寺越前町３番地", "url": "https://www.iryou.teikyouseido.mhlw.go.jp/znk-web/juminkanja/S2430/initialize?prefCd=17&kikanCd=2018&kikanKbn=5", "url2": null }, "geometry": { "type": "Point", "coordinates": [ 136.308084, 36.304346 ] } },
{ "type": "Feature", "properties": { "内容": "クスリのアオキ大聖寺薬局【5:薬局】石川県加賀市大聖寺耳聞山町８６－８", "url": "https://www.iryou.teikyouseido.mhlw.go.jp/znk-web/juminkanja/S2430/initialize?prefCd=17&kikanCd=2021&kikanKbn=5", "url2": "http://www.kusuri-aoki.co.jp" }, "geometry": { "type": "Point", "coordinates": [ 136.316496, 36.308032 ] } },
{ "type": "Feature", "properties": { "内容": "タバタ薬局【5:薬局】石川県加賀市大聖寺東横町６７番地の１", "url": "https://www.iryou.teikyouseido.mhlw.go.jp/znk-web/juminkanja/S2430/initialize?prefCd=17&kikanCd=2024&kikanKbn=5", "url2": null }, "geometry": { "type": "Point", "coordinates": [ 136.3109, 36.303185 ] } },
{ "type": "Feature", "properties": { "内容": "トウダ薬局東町店【5:薬局】石川県加賀市大聖寺東町４丁目２２番地", "url": "https://www.iryou.teikyouseido.mhlw.go.jp/znk-web/juminkanja/S2430/initialize?prefCd=17&kikanCd=2025&kikanKbn=5", "url2": null }, "geometry": { "type": "Point", "coordinates": [ 136.317171, 36.303402 ] } },
{ "type": "Feature", "properties": { "内容": "大中薬局【5:薬局】石川県加賀市潮津町　チ１５１", "url": "https://www.iryou.teikyouseido.mhlw.go.jp/znk-web/juminkanja/S2430/initialize?prefCd=17&kikanCd=2029&kikanKbn=5", "url2": null }, "geometry": { "type": "Point", "coordinates": [ 136.360886, 36.345917 ] } },
{ "type": "Feature", "properties": { "内容": "てらだ薬局【5:薬局】石川県加賀市潮津町ユ１１", "url": "https://www.iryou.teikyouseido.mhlw.go.jp/znk-web/juminkanja/S2430/initialize?prefCd=17&kikanCd=2030&kikanKbn=5", "url2": null }, "geometry": { "type": "Point", "coordinates": [ 136.361197, 36.34957 ] } },
{ "type": "Feature", "properties": { "内容": "北出薬局【5:薬局】石川県加賀市動橋町", "url": "https://www.iryou.teikyouseido.mhlw.go.jp/znk-web/juminkanja/S2430/initialize?prefCd=17&kikanCd=2032&kikanKbn=5", "url2": null }, "geometry": { "type": "Point", "coordinates": [ 136.384562, 36.322062 ] } },
{ "type": "Feature", "properties": { "内容": "小林薬局【5:薬局】石川県加賀市片山津町１４番地４", "url": "https://www.iryou.teikyouseido.mhlw.go.jp/znk-web/juminkanja/S2430/initialize?prefCd=17&kikanCd=2035&kikanKbn=5", "url2": null }, "geometry": { "type": "Point", "coordinates": [ 136.368393, 36.341527 ] } },
{ "type": "Feature", "properties": { "内容": "石倉薬局【5:薬局】石川県小松市粟津町ワ３９ー２", "url": "https://www.iryou.teikyouseido.mhlw.go.jp/znk-web/juminkanja/S2430/initialize?prefCd=17&kikanCd=2037&kikanKbn=5", "url2": null }, "geometry": { "type": "Point", "coordinates": [ 136.447041, 36.330914 ] } },
{ "type": "Feature", "properties": { "内容": "クスリのアオキ園町薬局【5:薬局】石川県小松市園町ホ１０７－３", "url": "https://www.iryou.teikyouseido.mhlw.go.jp/znk-web/juminkanja/S2430/initialize?prefCd=17&kikanCd=2040&kikanKbn=5", "url2": "https://www.kusuri-aoki.co.jp/" }, "geometry": { "type": "Point", "coordinates": [ 136.458594, 36.408238 ] } },
{ "type": "Feature", "properties": { "内容": "小松ゆうゆう薬局【5:薬局】石川県小松市園町園町ホ９７−３", "url": "https://www.iryou.teikyouseido.mhlw.go.jp/znk-web/juminkanja/S2430/initialize?prefCd=17&kikanCd=2041&kikanKbn=5", "url2": "http://www.youyu-p.com/" }, "geometry": { "type": "Point", "coordinates": [ 136.460307, 36.407949 ] } },
{ "type": "Feature", "properties": { "内容": "小馬出あおぞら薬局【5:薬局】石川県小松市京町５４番地２", "url": "https://www.iryou.teikyouseido.mhlw.go.jp/znk-web/juminkanja/S2430/initialize?prefCd=17&kikanCd=2042&kikanKbn=5", "url2": "http://www.granpharma.co.jp/" }, "geometry": { "type": "Point", "coordinates": [ 136.448031, 36.406214 ] } },
{ "type": "Feature", "properties": { "内容": "まるぶん薬局【5:薬局】石川県小松市錦町３９", "url": "https://www.iryou.teikyouseido.mhlw.go.jp/znk-web/juminkanja/S2430/initialize?prefCd=17&kikanCd=2043&kikanKbn=5", "url2": null }, "geometry": { "type": "Point", "coordinates": [ 136.445963, 36.398116 ] } },
{ "type": "Feature", "properties": { "内容": "箔山堂薬局【5:薬局】石川県小松市串町東５０−１", "url": "https://www.iryou.teikyouseido.mhlw.go.jp/znk-web/juminkanja/S2430/initialize?prefCd=17&kikanCd=2044&kikanKbn=5", "url2": "http://www.nanzando.co.jp" }, "geometry": { "type": "Point", "coordinates": [ 136.427144, 36.368153 ] } },
{ "type": "Feature", "properties": { "内容": "一般社団法人　小松能美薬剤師会　小松会営薬局【5:薬局】石川県小松市向本折町", "url": "https://www.iryou.teikyouseido.mhlw.go.jp/znk-web/juminkanja/S2430/initialize?prefCd=17&kikanCd=2047&kikanKbn=5", "url2": null }, "geometry": { "type": "Point", "coordinates": [ 136.44085, 36.399116 ] } },
{ "type": "Feature", "properties": { "内容": "小松あおぞら薬局【5:薬局】石川県小松市向本折町ホ８１番地１", "url": "https://www.iryou.teikyouseido.mhlw.go.jp/znk-web/juminkanja/S2430/initialize?prefCd=17&kikanCd=2048&kikanKbn=5", "url2": "http://www.granpharma.co.jp/" }, "geometry": { "type": "Point", "coordinates": [ 136.440258, 36.399347 ] } },
{ "type": "Feature", "properties": { "内容": "箔山堂向本折薬局【5:薬局】石川県小松市向本折町午２９０－１", "url": "https://www.iryou.teikyouseido.mhlw.go.jp/znk-web/juminkanja/S2430/initialize?prefCd=17&kikanCd=2049&kikanKbn=5", "url2": "http://www.nanzando.co.jp/" }, "geometry": { "type": "Point", "coordinates": [ 136.44631, 36.392676 ] } },
{ "type": "Feature", "properties": { "内容": "箔山堂今江薬局【5:薬局】石川県小松市今江町８丁目２４０番地", "url": "https://www.iryou.teikyouseido.mhlw.go.jp/znk-web/juminkanja/S2430/initialize?prefCd=17&kikanCd=2051&kikanKbn=5", "url2": "http://www.nanzando.co.jp" }, "geometry": { "type": "Point", "coordinates": [ 136.432399, 36.377338 ] } },
{ "type": "Feature", "properties": { "内容": "アルプ薬局若杉店【5:薬局】石川県小松市若杉町３−３１", "url": "https://www.iryou.teikyouseido.mhlw.go.jp/znk-web/juminkanja/S2430/initialize?prefCd=17&kikanCd=2053&kikanKbn=5", "url2": "http://www.alp-grp.jp/" }, "geometry": { "type": "Point", "coordinates": [ 136.478509, 36.396657 ] } },
{ "type": "Feature", "properties": { "内容": "あさい薬局【5:薬局】石川県小松市埴田町乙４３", "url": "https://www.iryou.teikyouseido.mhlw.go.jp/znk-web/juminkanja/S2430/initialize?prefCd=17&kikanCd=2057&kikanKbn=5", "url2": null }, "geometry": { "type": "Point", "coordinates": [ 136.514257, 36.406907 ] } },
{ "type": "Feature", "properties": { "内容": "クローバー薬局【5:薬局】石川県小松市大領町ロ７７番地２", "url": "https://www.iryou.teikyouseido.mhlw.go.jp/znk-web/juminkanja/S2430/initialize?prefCd=17&kikanCd=2063&kikanKbn=5", "url2": "http://www.e-classa.net./clover-yakkyoku/" }, "geometry": { "type": "Point", "coordinates": [ 136.448272, 36.386951 ] } },
{ "type": "Feature", "properties": { "内容": "アン薬局【5:薬局】石川県小松市日の出町１丁目１６０番地", "url": "https://www.iryou.teikyouseido.mhlw.go.jp/znk-web/juminkanja/S2430/initialize?prefCd=17&kikanCd=2067&kikanKbn=5", "url2": null }, "geometry": { "type": "Point", "coordinates": [ 136.455431, 36.400646 ] } },
{ "type": "Feature", "properties": { "内容": "カツキ薬局　糸町店【5:薬局】石川県小松市白江町", "url": "https://www.iryou.teikyouseido.mhlw.go.jp/znk-web/juminkanja/S2430/initialize?prefCd=17&kikanCd=2068&kikanKbn=5", "url2": "http://www.katsuki-p.com/" }, "geometry": { "type": "Point", "coordinates": [ 136.473783, 36.402389 ] } },
{ "type": "Feature", "properties": { "内容": "やわたたんぽぽ薬局【5:薬局】石川県小松市八幡イ８－６", "url": "https://www.iryou.teikyouseido.mhlw.go.jp/znk-web/juminkanja/S2430/initialize?prefCd=17&kikanCd=2069&kikanKbn=5", "url2": "http://www.tanpopo-ph.co.jp" }, "geometry": { "type": "Point", "coordinates": [ 136.491657, 36.391099 ] } },
{ "type": "Feature", "properties": { "内容": "クスリのアオキ北浅井薬局【5:薬局】石川県小松市北浅井町ち２６番地１", "url": "https://www.iryou.teikyouseido.mhlw.go.jp/znk-web/juminkanja/S2430/initialize?prefCd=17&kikanCd=2071&kikanKbn=5", "url2": "https.//www.kusuri-aoki.co.jp/search/map.php" }, "geometry": { "type": "Point", "coordinates": [ 136.456965, 36.388736 ] } },
{ "type": "Feature", "properties": { "内容": "箔山堂北浅井薬局【5:薬局】石川県小松市北浅井町ハ５０ー１", "url": "https://www.iryou.teikyouseido.mhlw.go.jp/znk-web/juminkanja/S2430/initialize?prefCd=17&kikanCd=2072&kikanKbn=5", "url2": "http://www.nanzando.co.jp/h_kitaasai.html" }, "geometry": { "type": "Point", "coordinates": [ 136.45979, 36.388536 ] } },
{ "type": "Feature", "properties": { "内容": "いちご薬局【5:薬局】石川県小松市矢田野町ヲ５５－１", "url": "https://www.iryou.teikyouseido.mhlw.go.jp/znk-web/juminkanja/S2430/initialize?prefCd=17&kikanCd=2074&kikanKbn=5", "url2": null }, "geometry": { "type": "Point", "coordinates": [ 136.422526, 36.350287 ] } },
{ "type": "Feature", "properties": { "内容": "勝木薬局【5:薬局】石川県小松市龍助町８５", "url": "https://www.iryou.teikyouseido.mhlw.go.jp/znk-web/juminkanja/S2430/initialize?prefCd=17&kikanCd=2075&kikanKbn=5", "url2": "http://www.katsuki-p.com/" }, "geometry": { "type": "Point", "coordinates": [ 136.448787, 36.40388 ] } },
{ "type": "Feature", "properties": { "内容": "しいの木薬局【5:薬局】石川県能美市寺井町ウ８２番地", "url": "https://www.iryou.teikyouseido.mhlw.go.jp/znk-web/juminkanja/S2430/initialize?prefCd=17&kikanCd=2078&kikanKbn=5", "url2": "http://nanohana-pharmacy.com/" }, "geometry": { "type": "Point", "coordinates": [ 136.489642, 36.438731 ] } },
{ "type": "Feature", "properties": { "内容": "クスリのアオキ寺井薬局【5:薬局】石川県能美市寺井町ロ９０番１", "url": "https://www.iryou.teikyouseido.mhlw.go.jp/znk-web/juminkanja/S2430/initialize?prefCd=17&kikanCd=2079&kikanKbn=5", "url2": "http://www.kusuri-aoki.co.jp" }, "geometry": { "type": "Point", "coordinates": [ 136.490106, 36.443495 ] } },
{ "type": "Feature", "properties": { "内容": "サンライト薬局【5:薬局】石川県能美市西二口町丙２９", "url": "https://www.iryou.teikyouseido.mhlw.go.jp/znk-web/juminkanja/S2430/initialize?prefCd=17&kikanCd=2081&kikanKbn=5", "url2": "http://accesslife.co.jp/" }, "geometry": { "type": "Point", "coordinates": [ 136.468754, 36.448246 ] } },
{ "type": "Feature", "properties": { "内容": "根上薬局【5:薬局】石川県能美市大成町ヌ２番地", "url": "https://www.iryou.teikyouseido.mhlw.go.jp/znk-web/juminkanja/S2430/initialize?prefCd=17&kikanCd=2083&kikanKbn=5", "url2": null }, "geometry": { "type": "Point", "coordinates": [ 136.460441, 36.449344 ] } },
{ "type": "Feature", "properties": { "内容": "今村薬局【5:薬局】石川県かほく市宇野気チ７６", "url": "https://www.iryou.teikyouseido.mhlw.go.jp/znk-web/juminkanja/S2430/initialize?prefCd=17&kikanCd=3001&kikanKbn=5", "url2": null }, "geometry": { "type": "Point", "coordinates": [ 136.702795, 36.721222 ] } },
{ "type": "Feature", "properties": { "内容": "きくのや薬局【5:薬局】石川県かほく市外日角", "url": "https://www.iryou.teikyouseido.mhlw.go.jp/znk-web/juminkanja/S2430/initialize?prefCd=17&kikanCd=3003&kikanKbn=5", "url2": null }, "geometry": { "type": "Point", "coordinates": [ 136.693836, 36.723854 ] } },
{ "type": "Feature", "properties": { "内容": "イオン薬局かほく店【5:薬局】石川県かほく市内日角タ２５番", "url": "https://www.iryou.teikyouseido.mhlw.go.jp/znk-web/juminkanja/S2430/initialize?prefCd=17&kikanCd=3004&kikanKbn=5", "url2": "www.aeon.jp/kahoku/" }, "geometry": { "type": "Point", "coordinates": [ 136.701069, 36.709078 ] } },
{ "type": "Feature", "properties": { "内容": "にわ薬局【5:薬局】石川県かほく市高松ク２７－２", "url": "https://www.iryou.teikyouseido.mhlw.go.jp/znk-web/juminkanja/S2430/initialize?prefCd=17&kikanCd=3005&kikanKbn=5", "url2": null }, "geometry": { "type": "Point", "coordinates": [ 136.721152, 36.768708 ] } },
{ "type": "Feature", "properties": { "内容": "ナカヤ薬局【5:薬局】石川県かほく市内高松コ４１−２", "url": "https://www.iryou.teikyouseido.mhlw.go.jp/znk-web/juminkanja/S2430/initialize?prefCd=17&kikanCd=3008&kikanKbn=5", "url2": null }, "geometry": { "type": "Point", "coordinates": [ 136.730577, 36.769834 ] } },
{ "type": "Feature", "properties": { "内容": "アルプ薬局高松店【5:薬局】石川県かほく市二ツ屋ツ４６−５", "url": "https://www.iryou.teikyouseido.mhlw.go.jp/znk-web/juminkanja/S2430/initialize?prefCd=17&kikanCd=3009&kikanKbn=5", "url2": "http://www.alp-grp.jp/" }, "geometry": { "type": "Point", "coordinates": [ 136.738447, 36.784237 ] } },
{ "type": "Feature", "properties": { "内容": "みやざき薬局【5:薬局】石川県かほく市浜北", "url": "https://www.iryou.teikyouseido.mhlw.go.jp/znk-web/juminkanja/S2430/initialize?prefCd=17&kikanCd=3011&kikanKbn=5", "url2": "y-miyazaki@po4nskncjp" }, "geometry": { "type": "Point", "coordinates": [ 136.699158, 36.733209 ] } },
{ "type": "Feature", "properties": { "内容": "クスリのアオキ津幡薬局【5:薬局】石川県河北郡津幡町字横浜へ３１−１", "url": "https://www.iryou.teikyouseido.mhlw.go.jp/znk-web/juminkanja/S2430/initialize?prefCd=17&kikanCd=3012&kikanKbn=5", "url2": "https://www.kusuri-aoki.co.jp/" }, "geometry": { "type": "Point", "coordinates": [ 136.727947, 36.66561 ] } },
{ "type": "Feature", "properties": { "内容": "津幡あおぞら薬局【5:薬局】石川県河北郡津幡町字横浜へ３５－１", "url": "https://www.iryou.teikyouseido.mhlw.go.jp/znk-web/juminkanja/S2430/initialize?prefCd=17&kikanCd=3013&kikanKbn=5", "url2": "http://www.granpharma.co.jp/" }, "geometry": { "type": "Point", "coordinates": [ 136.728665, 36.665347 ] } },
{ "type": "Feature", "properties": { "内容": "有限会社　西島薬局【5:薬局】石川県河北郡津幡町加賀爪ホ６０", "url": "https://www.iryou.teikyouseido.mhlw.go.jp/znk-web/juminkanja/S2430/initialize?prefCd=17&kikanCd=3014&kikanKbn=5", "url2": "https://nishijima-pharmacy.jimdosite.com" }, "geometry": { "type": "Point", "coordinates": [ 136.733783, 36.671295 ] } },
{ "type": "Feature", "properties": { "内容": "瑠璃光薬局【5:薬局】石川県河北郡津幡町字津幡ロ１４３番地２", "url": "https://www.iryou.teikyouseido.mhlw.go.jp/znk-web/juminkanja/S2430/initialize?prefCd=17&kikanCd=3015&kikanKbn=5", "url2": "http://rurikou.jp/index.html" }, "geometry": { "type": "Point", "coordinates": [ 136.737227, 36.670611 ] } },
{ "type": "Feature", "properties": { "内容": "中村栄安堂薬局【5:薬局】石川県河北郡津幡町清水イの１３９", "url": "https://www.iryou.teikyouseido.mhlw.go.jp/znk-web/juminkanja/S2430/initialize?prefCd=17&kikanCd=3016&kikanKbn=5", "url2": null }, "geometry": { "type": "Point", "coordinates": [ 136.73431, 36.671855 ] } },
{ "type": "Feature", "properties": { "内容": "さくら薬局　河北内灘店【5:薬局】石川県河北郡内灘町大学１－１－６　サンライズビル", "url": "https://www.iryou.teikyouseido.mhlw.go.jp/znk-web/juminkanja/S2430/initialize?prefCd=17&kikanCd=3019&kikanKbn=5", "url2": "http://www.kraft-net.co.jp/store/3359/" }, "geometry": { "type": "Point", "coordinates": [ 136.64855, 36.657592 ] } },
{ "type": "Feature", "properties": { "内容": "キリン堂薬局金沢医科大店【5:薬局】石川県河北郡内灘町大学１－１敷地内薬局棟", "url": "https://www.iryou.teikyouseido.mhlw.go.jp/znk-web/juminkanja/S2430/initialize?prefCd=17&kikanCd=3020&kikanKbn=5", "url2": "http://www.kirindo.co.jp/" }, "geometry": { "type": "Point", "coordinates": [ 136.64855, 36.657592 ] } },
{ "type": "Feature", "properties": { "内容": "アルプ薬局内灘店【5:薬局】石川県河北郡内灘町鶴ケ丘３丁目１５番地２", "url": "https://www.iryou.teikyouseido.mhlw.go.jp/znk-web/juminkanja/S2430/initialize?prefCd=17&kikanCd=3024&kikanKbn=5", "url2": "http://www.alp-grp.jp/" }, "geometry": { "type": "Point", "coordinates": [ 136.639691, 36.641885 ] } },
{ "type": "Feature", "properties": { "内容": "押野あおぞら薬局【5:薬局】石川県野々市市押野６丁目１７４", "url": "https://www.iryou.teikyouseido.mhlw.go.jp/znk-web/juminkanja/S2430/initialize?prefCd=17&kikanCd=3025&kikanKbn=5", "url2": "http://www.granpharma.co.jp/" }, "geometry": { "type": "Point", "coordinates": [ 136.618609, 36.544585 ] } },
{ "type": "Feature", "properties": { "内容": "キリン堂押野薬局【5:薬局】石川県野々市市押野６−６２", "url": "https://www.iryou.teikyouseido.mhlw.go.jp/znk-web/juminkanja/S2430/initialize?prefCd=17&kikanCd=3026&kikanKbn=5", "url2": "http://www.kirindo.co.jp/" }, "geometry": { "type": "Point", "coordinates": [ 136.617695, 36.54589 ] } },
{ "type": "Feature", "properties": { "内容": "横宮町あおば薬局【5:薬局】石川県　野々市市　横宮町６７−１", "url": "https://www.iryou.teikyouseido.mhlw.go.jp/znk-web/juminkanja/S2430/initialize?prefCd=17&kikanCd=3027&kikanKbn=5", "url2": "http://www.add-vantage.jp" }, "geometry": { "type": "Point", "coordinates": [ 136.616589, 36.53542 ] } },
{ "type": "Feature", "properties": { "内容": "御経塚みらい薬局【5:薬局】石川県野々市市御経塚２丁目２７１", "url": "https://www.iryou.teikyouseido.mhlw.go.jp/znk-web/juminkanja/S2430/initialize?prefCd=17&kikanCd=3030&kikanKbn=5", "url2": "http://mirai-pharmacy.com/" }, "geometry": { "type": "Point", "coordinates": [ 136.595721, 36.54749 ] } },
{ "type": "Feature", "properties": { "内容": "サンライトなかよし薬局　野々市店【5:薬局】石川県野々市市上林４−５１０", "url": "https://www.iryou.teikyouseido.mhlw.go.jp/znk-web/juminkanja/S2430/initialize?prefCd=17&kikanCd=3031&kikanKbn=5", "url2": "http://www.accesslife.co.jp/" }, "geometry": { "type": "Point", "coordinates": [ 136.606474, 36.506002 ] } },
{ "type": "Feature", "properties": { "内容": "上林あおば薬局【5:薬局】石川県野々市市上林４−６５０", "url": "https://www.iryou.teikyouseido.mhlw.go.jp/znk-web/juminkanja/S2430/initialize?prefCd=17&kikanCd=3032&kikanKbn=5", "url2": "http://www.add-vantage.jp" }, "geometry": { "type": "Point", "coordinates": [ 136.606005, 36.504402 ] } },
{ "type": "Feature", "properties": { "内容": "イオン薬局野々市南店【5:薬局】石川県野々市市上林４丁目７４７番地", "url": "https://www.iryou.teikyouseido.mhlw.go.jp/znk-web/juminkanja/S2430/initialize?prefCd=17&kikanCd=3033&kikanKbn=5", "url2": null }, "geometry": { "type": "Point", "coordinates": [ 136.605436, 36.502578 ] } },
{ "type": "Feature", "properties": { "内容": "中森全快堂新庄薬局【5:薬局】石川県野々市市新庄５丁目１０３番地", "url": "https://www.iryou.teikyouseido.mhlw.go.jp/znk-web/juminkanja/S2430/initialize?prefCd=17&kikanCd=3035&kikanKbn=5", "url2": "http://www.zenkaido.jp/" }, "geometry": { "type": "Point", "coordinates": [ 136.609567, 36.506053 ] } },
{ "type": "Feature", "properties": { "内容": "クスリのアオキ扇が丘薬局【5:薬局】石川県野々市市扇が丘３４−６", "url": "https://www.iryou.teikyouseido.mhlw.go.jp/znk-web/juminkanja/S2430/initialize?prefCd=17&kikanCd=3036&kikanKbn=5", "url2": "https://www.kusuri-aoki.co.jp/" }, "geometry": { "type": "Point", "coordinates": [ 136.623736, 36.525637 ] } },
{ "type": "Feature", "properties": { "内容": "中森全快堂白山町薬局【5:薬局】石川県野々市市白山町６−７", "url": "https://www.iryou.teikyouseido.mhlw.go.jp/znk-web/juminkanja/S2430/initialize?prefCd=17&kikanCd=3040&kikanKbn=5", "url2": "http://www.zenkaido.jp/index.html" }, "geometry": { "type": "Point", "coordinates": [ 136.612678, 36.527763 ] } },
{ "type": "Feature", "properties": { "内容": "野々市三納コメヤ薬局【5:薬局】石川県野々市市三納２丁目１５５番地", "url": "https://www.iryou.teikyouseido.mhlw.go.jp/znk-web/juminkanja/S2430/initialize?prefCd=17&kikanCd=3042&kikanKbn=5", "url2": "http://komeya-drug.com" }, "geometry": { "type": "Point", "coordinates": [ 136.608711, 36.522208 ] } },
{ "type": "Feature", "properties": { "内容": "コメヤ薬局安養寺店【5:薬局】石川県白山市安養寺町ロ３－１", "url": "https://www.iryou.teikyouseido.mhlw.go.jp/znk-web/juminkanja/S2430/initialize?prefCd=17&kikanCd=3043&kikanKbn=5", "url2": "http://www.myph.jp/komeya_drug/pc/pharmacy.html" }, "geometry": { "type": "Point", "coordinates": [ 136.598361, 36.493259 ] } },
{ "type": "Feature", "properties": { "内容": "美川らいふ薬局【5:薬局】石川県白山市井関町１１５−２", "url": "https://www.iryou.teikyouseido.mhlw.go.jp/znk-web/juminkanja/S2430/initialize?prefCd=17&kikanCd=3045&kikanKbn=5", "url2": "https://hokuriku-qol.jp/" }, "geometry": { "type": "Point", "coordinates": [ 136.501538, 36.492543 ] } },
{ "type": "Feature", "properties": { "内容": "かわちコメヤ薬局【5:薬局】石川県白山市河内町きりの里６４番地", "url": "https://www.iryou.teikyouseido.mhlw.go.jp/znk-web/juminkanja/S2430/initialize?prefCd=17&kikanCd=3046&kikanKbn=5", "url2": "https://komeya-drug.com" }, "geometry": { "type": "Point", "coordinates": [ 136.616347, 36.390525 ] } },
{ "type": "Feature", "properties": { "内容": "月橋コメヤ薬局【5:薬局】石川県白山市月橋町４１４", "url": "https://www.iryou.teikyouseido.mhlw.go.jp/znk-web/juminkanja/S2430/initialize?prefCd=17&kikanCd=3047&kikanKbn=5", "url2": "http://www.myph.jp/komeya_drug/pc/pharmacy.html" }, "geometry": { "type": "Point", "coordinates": [ 136.619384, 36.466276 ] } },
{ "type": "Feature", "properties": { "内容": "シメノドラッグ鶴来薬局【5:薬局】石川県白山市月橋町７０５番１", "url": "https://www.iryou.teikyouseido.mhlw.go.jp/znk-web/juminkanja/S2430/initialize?prefCd=17&kikanCd=3048&kikanKbn=5", "url2": null }, "geometry": { "type": "Point", "coordinates": [ 136.618776, 36.45605 ] } },
{ "type": "Feature", "properties": { "内容": "月橋ゆうゆう薬局【5:薬局】石川県白山市月橋町７２１－２", "url": "https://www.iryou.teikyouseido.mhlw.go.jp/znk-web/juminkanja/S2430/initialize?prefCd=17&kikanCd=3049&kikanKbn=5", "url2": "https://youyu-p.com/" }, "geometry": { "type": "Point", "coordinates": [ 136.617576, 36.455391 ] } },
{ "type": "Feature", "properties": { "内容": "山島台コメヤ薬局【5:薬局】石川県白山市山島台６丁目１番地", "url": "https://www.iryou.teikyouseido.mhlw.go.jp/znk-web/juminkanja/S2430/initialize?prefCd=17&kikanCd=3050&kikanKbn=5", "url2": "https://komeya-drug.com" }, "geometry": { "type": "Point", "coordinates": [ 136.577595, 36.471731 ] } },
{ "type": "Feature", "properties": { "内容": "アルプ薬局松任店【5:薬局】石川県白山市新田町８６番地１", "url": "https://www.iryou.teikyouseido.mhlw.go.jp/znk-web/juminkanja/S2430/initialize?prefCd=17&kikanCd=3052&kikanKbn=5", "url2": "http://www.alp-grp.jp/" }, "geometry": { "type": "Point", "coordinates": [ 136.570873, 36.535013 ] } },
{ "type": "Feature", "properties": { "内容": "連代薬局【5:薬局】石川県白山市西柏１−８−１８", "url": "https://www.iryou.teikyouseido.mhlw.go.jp/znk-web/juminkanja/S2430/initialize?prefCd=17&kikanCd=3054&kikanKbn=5", "url2": null }, "geometry": { "type": "Point", "coordinates": [ 136.530487, 36.502998 ] } },
{ "type": "Feature", "properties": { "内容": "倉光ゆうゆう薬局【5:薬局】石川県白山市倉光５－１０４", "url": "https://www.iryou.teikyouseido.mhlw.go.jp/znk-web/juminkanja/S2430/initialize?prefCd=17&kikanCd=3058&kikanKbn=5", "url2": "http://www.youyu-p.com/" }, "geometry": { "type": "Point", "coordinates": [ 136.564693, 36.516754 ] } },
{ "type": "Feature", "properties": { "内容": "水戸町コメヤ薬局【5:薬局】石川県白山市鶴来水戸町", "url": "https://www.iryou.teikyouseido.mhlw.go.jp/znk-web/juminkanja/S2430/initialize?prefCd=17&kikanCd=3061&kikanKbn=5", "url2": "https://komeya-drug.com" }, "geometry": { "type": "Point", "coordinates": [ 136.622704, 36.448075 ] } },
{ "type": "Feature", "properties": { "内容": "株式会社コメヤ薬局【5:薬局】石川県白山市鶴来本町２丁目ワ４３番地", "url": "https://www.iryou.teikyouseido.mhlw.go.jp/znk-web/juminkanja/S2430/initialize?prefCd=17&kikanCd=3062&kikanKbn=5", "url2": "https://komeya_drug.com" }, "geometry": { "type": "Point", "coordinates": [ 136.626759, 36.447726 ] } },
{ "type": "Feature", "properties": { "内容": "松南青木二階堂薬局【5:薬局】石川県白山市博労３丁目２番地", "url": "https://www.iryou.teikyouseido.mhlw.go.jp/znk-web/juminkanja/S2430/initialize?prefCd=17&kikanCd=3064&kikanKbn=5", "url2": "https://www.kusuri-aoki.co.jp/" }, "geometry": { "type": "Point", "coordinates": [ 136.565713, 36.518811 ] } },
{ "type": "Feature", "properties": { "内容": "イオン薬局松任店【5:薬局】石川県白山市平松町１０２－１", "url": "https://www.iryou.teikyouseido.mhlw.go.jp/znk-web/juminkanja/S2430/initialize?prefCd=17&kikanCd=3065&kikanKbn=5", "url2": null }, "geometry": { "type": "Point", "coordinates": [ 136.56601, 36.507607 ] } },
{ "type": "Feature", "properties": { "内容": "株式会社みかわ薬局【5:薬局】石川県白山市美川中町ソ６７番地", "url": "https://www.iryou.teikyouseido.mhlw.go.jp/znk-web/juminkanja/S2430/initialize?prefCd=17&kikanCd=3066&kikanKbn=5", "url2": "http://www.mikawap.jp/" }, "geometry": { "type": "Point", "coordinates": [ 136.488082, 36.486522 ] } },
{ "type": "Feature", "properties": { "内容": "蕪城堂薬局【5:薬局】石川県白山市蕪城", "url": "https://www.iryou.teikyouseido.mhlw.go.jp/znk-web/juminkanja/S2430/initialize?prefCd=17&kikanCd=3070&kikanKbn=5", "url2": null }, "geometry": { "type": "Point", "coordinates": [ 136.553653, 36.531974 ] } },
{ "type": "Feature", "properties": { "内容": "アイン薬局松任店【5:薬局】石川県白山市平松町７４－２", "url": "https://www.iryou.teikyouseido.mhlw.go.jp/znk-web/juminkanja/S2430/initialize?prefCd=17&kikanCd=3071&kikanKbn=5", "url2": "http://www.ainj.co.jp/" }, "geometry": { "type": "Point", "coordinates": [ 136.563969, 36.509311 ] } },
{ "type": "Feature", "properties": { "内容": "クスリのアオキ北安田薬局【5:薬局】石川県白山市北安田西１丁目５０番地", "url": "https://www.iryou.teikyouseido.mhlw.go.jp/znk-web/juminkanja/S2430/initialize?prefCd=17&kikanCd=3072&kikanKbn=5", "url2": "https://www.kusuri-aoki.co.jp/" }, "geometry": { "type": "Point", "coordinates": [ 136.545349, 36.525146 ] } },
{ "type": "Feature", "properties": { "内容": "志賀プリスケア薬局【5:薬局】石川県羽咋郡志賀町高浜町ク８番地１", "url": "https://www.iryou.teikyouseido.mhlw.go.jp/znk-web/juminkanja/S2430/initialize?prefCd=17&kikanCd=4001&kikanKbn=5", "url2": "http://www.komeya-drug.com" }, "geometry": { "type": "Point", "coordinates": [ 136.777031, 37.002514 ] } },
{ "type": "Feature", "properties": { "内容": "富来あおぞら薬局【5:薬局】石川県羽咋郡志賀町富来地頭町七９８−２６", "url": "https://www.iryou.teikyouseido.mhlw.go.jp/znk-web/juminkanja/S2430/initialize?prefCd=17&kikanCd=4003&kikanKbn=5", "url2": "http://www.granpharma.co.jp" }, "geometry": { "type": "Point", "coordinates": [ 136.729627, 37.136939 ] } },
{ "type": "Feature", "properties": { "内容": "笠原健招堂薬局【5:薬局】石川県羽咋郡志賀町富来領家町甲６３番地４", "url": "https://www.iryou.teikyouseido.mhlw.go.jp/znk-web/juminkanja/S2430/initialize?prefCd=17&kikanCd=4004&kikanKbn=5", "url2": "http://www.kasahara-kenshoudou.com/" }, "geometry": { "type": "Point", "coordinates": [ 136.725993, 37.141916 ] } },
{ "type": "Feature", "properties": { "内容": "アルプ薬局押水店【5:薬局】石川県羽咋郡宝達志水町今浜ト１７６番地５", "url": "https://www.iryou.teikyouseido.mhlw.go.jp/znk-web/juminkanja/S2430/initialize?prefCd=17&kikanCd=4007&kikanKbn=5", "url2": "http://www.alp-grp.jp/" }, "geometry": { "type": "Point", "coordinates": [ 136.757222, 36.824728 ] } },
{ "type": "Feature", "properties": { "内容": "押水瑠璃光薬局【5:薬局】石川県羽咋郡宝達志水町門前１５０－９", "url": "https://www.iryou.teikyouseido.mhlw.go.jp/znk-web/juminkanja/S2430/initialize?prefCd=17&kikanCd=4010&kikanKbn=5", "url2": "http://rurikou.jp" }, "geometry": { "type": "Point", "coordinates": [ 136.764318, 36.815746 ] } },
{ "type": "Feature", "properties": { "内容": "クスリのアオキ羽咋店青木二階堂薬局【5:薬局】石川県羽咋市石野町ト３７", "url": "https://www.iryou.teikyouseido.mhlw.go.jp/znk-web/juminkanja/S2430/initialize?prefCd=17&kikanCd=4012&kikanKbn=5", "url2": "http://www.kusuri-aoki.co.jp" }, "geometry": { "type": "Point", "coordinates": [ 136.794001, 36.895732 ] } },
{ "type": "Feature", "properties": { "内容": "ヒラバ薬局【5:薬局】石川県羽咋市川原町エ１６８－２", "url": "https://www.iryou.teikyouseido.mhlw.go.jp/znk-web/juminkanja/S2430/initialize?prefCd=17&kikanCd=4013&kikanKbn=5", "url2": null }, "geometry": { "type": "Point", "coordinates": [ 136.780697, 36.896886 ] } },
{ "type": "Feature", "properties": { "内容": "鶴多あおぞら薬局【5:薬局】石川県羽咋市鶴多町亀田４番５", "url": "https://www.iryou.teikyouseido.mhlw.go.jp/znk-web/juminkanja/S2430/initialize?prefCd=17&kikanCd=4015&kikanKbn=5", "url2": "http://www.granpharma.co.jp" }, "geometry": { "type": "Point", "coordinates": [ 136.792164, 36.896409 ] } },
{ "type": "Feature", "properties": { "内容": "さくら薬局　羽咋的場店【5:薬局】石川県羽咋市的場町", "url": "https://www.iryou.teikyouseido.mhlw.go.jp/znk-web/juminkanja/S2430/initialize?prefCd=17&kikanCd=4016&kikanKbn=5", "url2": "http://www.kraft-net.co.jp/search/3356/" }, "geometry": { "type": "Point", "coordinates": [ 136.781037, 36.900487 ] } },
{ "type": "Feature", "properties": { "内容": "はくい薬局【5:薬局】石川県羽咋市的場町稲荷山出口８番地２", "url": "https://www.iryou.teikyouseido.mhlw.go.jp/znk-web/juminkanja/S2430/initialize?prefCd=17&kikanCd=4017&kikanKbn=5", "url2": "hakui-yakusin@pure.ocn.ne.jp" }, "geometry": { "type": "Point", "coordinates": [ 136.781048, 36.900388 ] } },
{ "type": "Feature", "properties": { "内容": "羽咋菜の花薬局【5:薬局】石川県羽咋市柳橋町堂だ５５－１", "url": "https://www.iryou.teikyouseido.mhlw.go.jp/znk-web/juminkanja/S2430/initialize?prefCd=17&kikanCd=4018&kikanKbn=5", "url2": "http://nanohana-pharmacy.com/" }, "geometry": { "type": "Point", "coordinates": [ 136.786507, 36.89245 ] } },
{ "type": "Feature", "properties": { "内容": "中島薬局【5:薬局】石川県鹿島郡中能登町能登部下７０－２６", "url": "https://www.iryou.teikyouseido.mhlw.go.jp/znk-web/juminkanja/S2430/initialize?prefCd=17&kikanCd=4020&kikanKbn=5", "url2": "http://nakashima-de-kanpou,jp/" }, "geometry": { "type": "Point", "coordinates": [ 136.860852, 36.959067 ] } },
{ "type": "Feature", "properties": { "内容": "アルプ薬局鹿西店【5:薬局】石川県鹿島郡中能登町能登部下９２ー５８", "url": "https://www.iryou.teikyouseido.mhlw.go.jp/znk-web/juminkanja/S2430/initialize?prefCd=17&kikanCd=4021&kikanKbn=5", "url2": "http://www.alp-grp.jp/" }, "geometry": { "type": "Point", "coordinates": [ 136.867495, 36.963177 ] } },
{ "type": "Feature", "properties": { "内容": "パトリア中山薬局【5:薬局】石川県七尾市御祓町１パトリア一階", "url": "https://www.iryou.teikyouseido.mhlw.go.jp/znk-web/juminkanja/S2430/initialize?prefCd=17&kikanCd=4022&kikanKbn=5", "url2": "https://www.nakayamaonline.net/" }, "geometry": { "type": "Point", "coordinates": [ 136.963862, 37.04331 ] } },
{ "type": "Feature", "properties": { "内容": "ななお調剤薬局【5:薬局】石川県七尾市国分町ラ部３番地１", "url": "https://www.iryou.teikyouseido.mhlw.go.jp/znk-web/juminkanja/S2430/initialize?prefCd=17&kikanCd=4023&kikanKbn=5", "url2": null }, "geometry": { "type": "Point", "coordinates": [ 136.953265, 37.03604 ] } },
{ "type": "Feature", "properties": { "内容": "あおぞら七尾薬局【5:薬局】石川県七尾市作事町５８番地２", "url": "https://www.iryou.teikyouseido.mhlw.go.jp/znk-web/juminkanja/S2430/initialize?prefCd=17&kikanCd=4024&kikanKbn=5", "url2": "http://www.granpharma.co.jp" }, "geometry": { "type": "Point", "coordinates": [ 136.967894, 37.045595 ] } },
{ "type": "Feature", "properties": { "内容": "さくら薬局　七尾店【5:薬局】石川県七尾市小丸山台３－９６", "url": "https://www.iryou.teikyouseido.mhlw.go.jp/znk-web/juminkanja/S2430/initialize?prefCd=17&kikanCd=4028&kikanKbn=5", "url2": "https://www.kraft-net.co.jp/sakura/store/3361/" }, "geometry": { "type": "Point", "coordinates": [ 136.948684, 37.044478 ] } },
{ "type": "Feature", "properties": { "内容": "日本調剤小丸山薬局【5:薬局】石川県七尾市藤橋町ア部６番地１９", "url": "https://www.iryou.teikyouseido.mhlw.go.jp/znk-web/juminkanja/S2430/initialize?prefCd=17&kikanCd=4029&kikanKbn=5", "url2": "http://www.nicho.co.jp/tenpo/komaruyama/" }, "geometry": { "type": "Point", "coordinates": [ 136.948602, 37.044561 ] } },
{ "type": "Feature", "properties": { "内容": "神明あおぞら薬局【5:薬局】石川県七尾市神明町ロ１７番地４", "url": "https://www.iryou.teikyouseido.mhlw.go.jp/znk-web/juminkanja/S2430/initialize?prefCd=17&kikanCd=4031&kikanKbn=5", "url2": "http://www.granpharma.co.jp/" }, "geometry": { "type": "Point", "coordinates": [ 136.964434, 37.043471 ] } },
{ "type": "Feature", "properties": { "内容": "あさひ薬局【5:薬局】石川県七尾市千野町に５－２", "url": "https://www.iryou.teikyouseido.mhlw.go.jp/znk-web/juminkanja/S2430/initialize?prefCd=17&kikanCd=4035&kikanKbn=5", "url2": null }, "geometry": { "type": "Point", "coordinates": [ 136.952675, 37.0164 ] } },
{ "type": "Feature", "properties": { "内容": "有限会社　瀬川薬局【5:薬局】石川県七尾市鍛冶町", "url": "https://www.iryou.teikyouseido.mhlw.go.jp/znk-web/juminkanja/S2430/initialize?prefCd=17&kikanCd=4038&kikanKbn=5", "url2": "http://www.segawa-pharmacy.com/" }, "geometry": { "type": "Point", "coordinates": [ 136.970555, 37.044182 ] } },
{ "type": "Feature", "properties": { "内容": "あおぞら薬局【5:薬局】石川県七尾市中島町浜田１－３４－１", "url": "https://www.iryou.teikyouseido.mhlw.go.jp/znk-web/juminkanja/S2430/initialize?prefCd=17&kikanCd=4040&kikanKbn=5", "url2": "http://www.granpharma.co.jp" }, "geometry": { "type": "Point", "coordinates": [ 136.853562, 37.11329 ] } },
{ "type": "Feature", "properties": { "内容": "七尾らいふ薬局【5:薬局】石川県七尾市藤橋町ケ部８１－１", "url": "https://www.iryou.teikyouseido.mhlw.go.jp/znk-web/juminkanja/S2430/initialize?prefCd=17&kikanCd=4042&kikanKbn=5", "url2": "https://hokuriku-qol.jp/" }, "geometry": { "type": "Point", "coordinates": [ 136.95187, 37.043308 ] } },
{ "type": "Feature", "properties": { "内容": "モリ薬局【5:薬局】石川県七尾市桧物町２８", "url": "https://www.iryou.teikyouseido.mhlw.go.jp/znk-web/juminkanja/S2430/initialize?prefCd=17&kikanCd=4045&kikanKbn=5", "url2": null }, "geometry": { "type": "Point", "coordinates": [ 136.96495, 37.045107 ] } },
{ "type": "Feature", "properties": { "内容": "薬局マツモトキヨシ　穴水店【5:薬局】石川県鳳珠郡穴水町字川島レ３０番１", "url": "https://www.iryou.teikyouseido.mhlw.go.jp/znk-web/juminkanja/S2430/initialize?prefCd=17&kikanCd=5004&kikanKbn=5", "url2": "www..matsukiyococokara.com" }, "geometry": { "type": "Point", "coordinates": [ 136.908236, 37.233475 ] } },
{ "type": "Feature", "properties": { "内容": "アイン薬局穴水店【5:薬局】石川県鳳珠郡穴水町字川島タ１−１", "url": "https://www.iryou.teikyouseido.mhlw.go.jp/znk-web/juminkanja/S2430/initialize?prefCd=17&kikanCd=5007&kikanKbn=5", "url2": "http://www.ainj.co.jp/" }, "geometry": { "type": "Point", "coordinates": [ 136.909325, 37.234377 ] } },
{ "type": "Feature", "properties": { "内容": "穴水たんぽぽ薬局【5:薬局】石川県鳳珠郡穴水町字川島レ３８番１", "url": "https://www.iryou.teikyouseido.mhlw.go.jp/znk-web/juminkanja/S2430/initialize?prefCd=17&kikanCd=5008&kikanKbn=5", "url2": "http://www.tanpopo-ph.co.jp" }, "geometry": { "type": "Point", "coordinates": [ 136.908374, 37.233844 ] } },
{ "type": "Feature", "properties": { "内容": "穴水あおば薬局【5:薬局】石川県鳳珠郡穴水町川島ろ３番地２", "url": "https://www.iryou.teikyouseido.mhlw.go.jp/znk-web/juminkanja/S2430/initialize?prefCd=17&kikanCd=5009&kikanKbn=5", "url2": "https://www.facebook.com/XueShuiaobaYaoJu" }, "geometry": { "type": "Point", "coordinates": [ 136.903995, 37.231745 ] } },
{ "type": "Feature", "properties": { "内容": "あおぞら宇出津薬局【5:薬局】石川県鳳珠郡能登町宇出津タ５６番５", "url": "https://www.iryou.teikyouseido.mhlw.go.jp/znk-web/juminkanja/S2430/initialize?prefCd=17&kikanCd=5010&kikanKbn=5", "url2": "http://www.granpharma.co.jp/" }, "geometry": { "type": "Point", "coordinates": [ 137.148213, 37.308579 ] } },
{ "type": "Feature", "properties": { "内容": "宇出津らいふ薬局【5:薬局】石川県鳳珠郡能登町宇出津タ字７０ー８", "url": "https://www.iryou.teikyouseido.mhlw.go.jp/znk-web/juminkanja/S2430/initialize?prefCd=17&kikanCd=5012&kikanKbn=5", "url2": "http://www.life-jp.com" }, "geometry": { "type": "Point", "coordinates": [ 137.147633, 37.309206 ] } },
{ "type": "Feature", "properties": { "内容": "アイン薬局能登宇出津店【5:薬局】石川県鳳珠郡能登町宇出津タ字９８－２", "url": "https://www.iryou.teikyouseido.mhlw.go.jp/znk-web/juminkanja/S2430/initialize?prefCd=17&kikanCd=5013&kikanKbn=5", "url2": "http://www.ainj.co.jp/" }, "geometry": { "type": "Point", "coordinates": [ 137.147694, 37.307971 ] } },
{ "type": "Feature", "properties": { "内容": "たておか薬局【5:薬局】石川県鳳珠郡能登町宇出津", "url": "https://www.iryou.teikyouseido.mhlw.go.jp/znk-web/juminkanja/S2430/initialize?prefCd=17&kikanCd=5014&kikanKbn=5", "url2": null }, "geometry": { "type": "Point", "coordinates": [ 137.147931, 37.306282 ] } },
{ "type": "Feature", "properties": { "内容": "小西薬局【5:薬局】石川県鳳珠郡能登町宇出津新３５", "url": "https://www.iryou.teikyouseido.mhlw.go.jp/znk-web/juminkanja/S2430/initialize?prefCd=17&kikanCd=5015&kikanKbn=5", "url2": null }, "geometry": { "type": "Point", "coordinates": [ 137.146631, 37.299644 ] } },
{ "type": "Feature", "properties": { "内容": "輪島菜の花薬局【5:薬局】石川県輪島市釜屋谷町１字２４番３", "url": "https://www.iryou.teikyouseido.mhlw.go.jp/znk-web/juminkanja/S2430/initialize?prefCd=17&kikanCd=5018&kikanKbn=5", "url2": "http://nanohana-pharmacy.com/" }, "geometry": { "type": "Point", "coordinates": [ 136.89361, 37.389265 ] } },
{ "type": "Feature", "properties": { "内容": "日本調剤　ワイプラザ薬局【5:薬局】石川県輪島市宅田町４８ー１", "url": "https://www.iryou.teikyouseido.mhlw.go.jp/znk-web/juminkanja/S2430/initialize?prefCd=17&kikanCd=5022&kikanKbn=5", "url2": "https://www.nicho.co.jp/tenpo/yplaza/" }, "geometry": { "type": "Point", "coordinates": [ 136.90369, 37.385316 ] } },
{ "type": "Feature", "properties": { "内容": "クスリのアオキ輪島薬局【5:薬局】石川県輪島市宅田町５８番地", "url": "https://www.iryou.teikyouseido.mhlw.go.jp/znk-web/juminkanja/S2430/initialize?prefCd=17&kikanCd=5023&kikanKbn=5", "url2": "http://www.kusuri-aoki.co.jp/" }, "geometry": { "type": "Point", "coordinates": [ 136.902008, 37.386706 ] } },
{ "type": "Feature", "properties": { "内容": "門前薬局【5:薬局】石川県輪島市門前町門前１９９４番邸", "url": "https://www.iryou.teikyouseido.mhlw.go.jp/znk-web/juminkanja/S2430/initialize?prefCd=17&kikanCd=5025&kikanKbn=5", "url2": null }, "geometry": { "type": "Point", "coordinates": [ 136.76852, 37.289325 ] } },
{ "type": "Feature", "properties": { "内容": "クスリのアオキ小松日の出薬局【5:薬局】石川県小松市日の出町４丁目２１２番", "url": "https://www.iryou.teikyouseido.mhlw.go.jp/znk-web/juminkanja/S2430/initialize?prefCd=17&kikanCd=6003&kikanKbn=5", "url2": "http://www.kusuri-aoki.co.jp" }, "geometry": { "type": "Point", "coordinates": [ 136.45504, 36.399371 ] } },
{ "type": "Feature", "properties": { "内容": "クスリのアオキ三口新町３丁目薬局【5:薬局】石川県金沢市三口新町３丁目６−３０", "url": "https://www.iryou.teikyouseido.mhlw.go.jp/znk-web/juminkanja/S2430/initialize?prefCd=17&kikanCd=6004&kikanKbn=5", "url2": "http://www.kusuri-aoki.co.jp" }, "geometry": { "type": "Point", "coordinates": [ 136.680582, 36.541006 ] } },
{ "type": "Feature", "properties": { "内容": "クスリのアオキ鶴ヶ丘薬局【5:薬局】石川県河北郡内灘町字鶴ヶ丘五丁目１番地３５０", "url": "https://www.iryou.teikyouseido.mhlw.go.jp/znk-web/juminkanja/S2430/initialize?prefCd=17&kikanCd=6005&kikanKbn=5", "url2": "https://www.kusuri-aoki.co.jp/" }, "geometry": { "type": "Point", "coordinates": [ 136.640289, 36.645677 ] } },
{ "type": "Feature", "properties": { "内容": "クスリのアオキ小島薬局【5:薬局】石川県七尾市小島町大開地１番７８", "url": "https://www.iryou.teikyouseido.mhlw.go.jp/znk-web/juminkanja/S2430/initialize?prefCd=17&kikanCd=6006&kikanKbn=5", "url2": "https://www.kusuri-aoki.co.jp/" }, "geometry": { "type": "Point", "coordinates": [ 136.957241, 37.053574 ] } },
{ "type": "Feature", "properties": { "内容": "広岡ラン薬局【5:薬局】石川県金沢市広岡３－１－１　金沢パークビルＢ１Ｆ", "url": "https://www.iryou.teikyouseido.mhlw.go.jp/znk-web/juminkanja/S2430/initialize?prefCd=17&kikanCd=6009&kikanKbn=5", "url2": "http://www.ran-yakkyoku.jp/" }, "geometry": { "type": "Point", "coordinates": [ 136.643041, 36.580437 ] } },
{ "type": "Feature", "properties": { "内容": "松村みらい薬局【5:薬局】石川県金沢市松村４丁目３０７番地", "url": "https://www.iryou.teikyouseido.mhlw.go.jp/znk-web/juminkanja/S2430/initialize?prefCd=17&kikanCd=6010&kikanKbn=5", "url2": "http://mirai-pharmacy.com/" }, "geometry": { "type": "Point", "coordinates": [ 136.611913, 36.582851 ] } },
{ "type": "Feature", "properties": { "内容": "アルプ薬局石引店【5:薬局】石川県金沢市石引４丁目４ー１村田ビル１階", "url": "https://www.iryou.teikyouseido.mhlw.go.jp/znk-web/juminkanja/S2430/initialize?prefCd=17&kikanCd=6011&kikanKbn=5", "url2": "http://www.alp-grp.jp/" }, "geometry": { "type": "Point", "coordinates": [ 136.667455, 36.557834 ] } },
{ "type": "Feature", "properties": { "内容": "アルプ薬局園町店【5:薬局】石川県小松市園町ニ２２－２", "url": "https://www.iryou.teikyouseido.mhlw.go.jp/znk-web/juminkanja/S2430/initialize?prefCd=17&kikanCd=6012&kikanKbn=5", "url2": "http://www.alp-grp.jp/" }, "geometry": { "type": "Point", "coordinates": [ 136.463225, 36.404567 ] } },
{ "type": "Feature", "properties": { "内容": "中森かいてきゆいの里薬局【5:薬局】石川県金沢市三池栄町７０番地", "url": "https://www.iryou.teikyouseido.mhlw.go.jp/znk-web/juminkanja/S2430/initialize?prefCd=17&kikanCd=6013&kikanKbn=5", "url2": "http://www.kaiteki-01.jp/" }, "geometry": { "type": "Point", "coordinates": [ 136.67056, 36.596956 ] } },
{ "type": "Feature", "properties": { "内容": "シメノドラッグ辰口薬局【5:薬局】石川県能美市辰口町５４６－１", "url": "https://www.iryou.teikyouseido.mhlw.go.jp/znk-web/juminkanja/S2430/initialize?prefCd=17&kikanCd=6014&kikanKbn=5", "url2": null }, "geometry": { "type": "Point", "coordinates": [ 136.54579, 36.442305 ] } },
{ "type": "Feature", "properties": { "内容": "ワカバ薬局【5:薬局】石川県金沢市西金沢３－１－２", "url": "https://www.iryou.teikyouseido.mhlw.go.jp/znk-web/juminkanja/S2430/initialize?prefCd=17&kikanCd=6015&kikanKbn=5", "url2": "http://wakaba-yakkyoku.com/" }, "geometry": { "type": "Point", "coordinates": [ 136.614525, 36.552414 ] } },
{ "type": "Feature", "properties": { "内容": "クスリのアオキ若杉薬局【5:薬局】石川県小松市若杉町２丁目３５番地", "url": "https://www.iryou.teikyouseido.mhlw.go.jp/znk-web/juminkanja/S2430/initialize?prefCd=17&kikanCd=6016&kikanKbn=5", "url2": "http://www.kusuri-aoki.co.jp/" }, "geometry": { "type": "Point", "coordinates": [ 136.480638, 36.398764 ] } },
{ "type": "Feature", "properties": { "内容": "松が丘薬局【5:薬局】石川県加賀市松が丘１－２１－１１", "url": "https://www.iryou.teikyouseido.mhlw.go.jp/znk-web/juminkanja/S2430/initialize?prefCd=17&kikanCd=6017&kikanKbn=5", "url2": null }, "geometry": { "type": "Point", "coordinates": [ 136.342667, 36.325001 ] } },
{ "type": "Feature", "properties": { "内容": "サンライトげんき薬局【5:薬局】石川県能美市寺井町ロ８０－３", "url": "https://www.iryou.teikyouseido.mhlw.go.jp/znk-web/juminkanja/S2430/initialize?prefCd=17&kikanCd=6025&kikanKbn=5", "url2": "http://www.accesslife.co.jp/" }, "geometry": { "type": "Point", "coordinates": [ 136.492111, 36.443608 ] } },
{ "type": "Feature", "properties": { "内容": "山代あおぞら薬局【5:薬局】石川県加賀市山代温泉山背台１ー６７－２", "url": "https://www.iryou.teikyouseido.mhlw.go.jp/znk-web/juminkanja/S2430/initialize?prefCd=17&kikanCd=6026&kikanKbn=5", "url2": "http://www.granpharma.co.jp" }, "geometry": { "type": "Point", "coordinates": [ 136.358897, 36.292208 ] } },
{ "type": "Feature", "properties": { "内容": "てまり涌波薬局【5:薬局】石川県金沢市涌波１－８－３３", "url": "https://www.iryou.teikyouseido.mhlw.go.jp/znk-web/juminkanja/S2430/initialize?prefCd=17&kikanCd=6027&kikanKbn=5", "url2": "https://spatel.co.jp" }, "geometry": { "type": "Point", "coordinates": [ 136.685613, 36.533423 ] } },
{ "type": "Feature", "properties": { "内容": "若草あおぞら薬局【5:薬局】石川県金沢市若草町２番３８号", "url": "https://www.iryou.teikyouseido.mhlw.go.jp/znk-web/juminkanja/S2430/initialize?prefCd=17&kikanCd=6028&kikanKbn=5", "url2": "http://www.granpharma.co.jp" }, "geometry": { "type": "Point", "coordinates": [ 136.656783, 36.544853 ] } },
{ "type": "Feature", "properties": { "内容": "金沢駅西口あおぞら薬局【5:薬局】石川県金沢市広岡１丁目１番５号", "url": "https://www.iryou.teikyouseido.mhlw.go.jp/znk-web/juminkanja/S2430/initialize?prefCd=17&kikanCd=6030&kikanKbn=5", "url2": "http://www.granpharma.co.jp" }, "geometry": { "type": "Point", "coordinates": [ 136.645116, 36.57802 ] } },
{ "type": "Feature", "properties": { "内容": "薬局マツモトキヨシ　森本店【5:薬局】石川県金沢市南森本町ヌ８－１", "url": "https://www.iryou.teikyouseido.mhlw.go.jp/znk-web/juminkanja/S2430/initialize?prefCd=17&kikanCd=6032&kikanKbn=5", "url2": null }, "geometry": { "type": "Point", "coordinates": [ 136.695006, 36.61646 ] } },
{ "type": "Feature", "properties": { "内容": "岡薬局【5:薬局】石川県金沢市尾張町２丁目１３－８", "url": "https://www.iryou.teikyouseido.mhlw.go.jp/znk-web/juminkanja/S2430/initialize?prefCd=17&kikanCd=6033&kikanKbn=5", "url2": null }, "geometry": { "type": "Point", "coordinates": [ 136.663879, 36.571335 ] } },
{ "type": "Feature", "properties": { "内容": "あやめ薬局【5:薬局】石川県金沢市高柳町１－１１－１", "url": "https://www.iryou.teikyouseido.mhlw.go.jp/znk-web/juminkanja/S2430/initialize?prefCd=17&kikanCd=6034&kikanKbn=5", "url2": null }, "geometry": { "type": "Point", "coordinates": [ 136.663001, 36.591638 ] } },
{ "type": "Feature", "properties": { "内容": "広岡あおぞら薬局【5:薬局】石川県金沢市広岡", "url": "https://www.iryou.teikyouseido.mhlw.go.jp/znk-web/juminkanja/S2430/initialize?prefCd=17&kikanCd=6036&kikanKbn=5", "url2": "http://www.granpharma.co.jp/" }, "geometry": { "type": "Point", "coordinates": [ 136.646055, 36.576276 ] } },
{ "type": "Feature", "properties": { "内容": "Ｖ・ｄｒｕｇ　古府薬局【5:薬局】石川県金沢市古府１－１２１", "url": "https://www.iryou.teikyouseido.mhlw.go.jp/znk-web/juminkanja/S2430/initialize?prefCd=17&kikanCd=6037&kikanKbn=5", "url2": "http://www.vdrug..co.jp/" }, "geometry": { "type": "Point", "coordinates": [ 136.608306, 36.563524 ] } },
{ "type": "Feature", "properties": { "内容": "山中薬局【5:薬局】石川県加賀市山中温泉湯の本町", "url": "https://www.iryou.teikyouseido.mhlw.go.jp/znk-web/juminkanja/S2430/initialize?prefCd=17&kikanCd=6038&kikanKbn=5", "url2": null }, "geometry": { "type": "Point", "coordinates": [ 136.373412, 36.247208 ] } },
{ "type": "Feature", "properties": { "内容": "中道薬局【5:薬局】石川県加賀市山代温泉", "url": "https://www.iryou.teikyouseido.mhlw.go.jp/znk-web/juminkanja/S2430/initialize?prefCd=17&kikanCd=6039&kikanKbn=5", "url2": null }, "geometry": { "type": "Point", "coordinates": [ 136.357901, 36.290016 ] } },
{ "type": "Feature", "properties": { "内容": "さくら薬局【5:薬局】石川県能美市辰口町６５２－１", "url": "https://www.iryou.teikyouseido.mhlw.go.jp/znk-web/juminkanja/S2430/initialize?prefCd=17&kikanCd=6040&kikanKbn=5", "url2": "www.e-classa.net/sakura5767sakura/informaition.html" }, "geometry": { "type": "Point", "coordinates": [ 136.544423, 36.442924 ] } },
{ "type": "Feature", "properties": { "内容": "あかね薬局【5:薬局】石川県能美市大浜町ノ３５ー１３", "url": "https://www.iryou.teikyouseido.mhlw.go.jp/znk-web/juminkanja/S2430/initialize?prefCd=17&kikanCd=6041&kikanKbn=5", "url2": "https://lifullpharmacy.jp/" }, "geometry": { "type": "Point", "coordinates": [ 136.45984, 36.454816 ] } },
{ "type": "Feature", "properties": { "内容": "サエラ薬局【5:薬局】石川県鳳珠郡穴水町椚此木壱１４３－１", "url": "https://www.iryou.teikyouseido.mhlw.go.jp/znk-web/juminkanja/S2430/initialize?prefCd=17&kikanCd=6042&kikanKbn=5", "url2": "https://www.saera-ph.co.jp/shop/anamizu/" }, "geometry": { "type": "Point", "coordinates": [ 136.900523, 37.242368 ] } },
{ "type": "Feature", "properties": { "内容": "河合薬局【5:薬局】石川県鳳珠郡穴水町川島イ－７", "url": "https://www.iryou.teikyouseido.mhlw.go.jp/znk-web/juminkanja/S2430/initialize?prefCd=17&kikanCd=6043&kikanKbn=5", "url2": "http://www.e-classa.net/kawai-pharmocy/index.html" }, "geometry": { "type": "Point", "coordinates": [ 136.905936, 37.230167 ] } },
{ "type": "Feature", "properties": { "内容": "フロンティア能美薬局【5:薬局】石川県能美市大浜町ノ１４５－１", "url": "https://www.iryou.teikyouseido.mhlw.go.jp/znk-web/juminkanja/S2430/initialize?prefCd=17&kikanCd=6047&kikanKbn=5", "url2": "http://www.frontier-ph.com/" }, "geometry": { "type": "Point", "coordinates": [ 136.459538, 36.455356 ] } },
{ "type": "Feature", "properties": { "内容": "中森かいてき小松薬局【5:薬局】石川県小松市上小松町丙６７－６", "url": "https://www.iryou.teikyouseido.mhlw.go.jp/znk-web/juminkanja/S2430/initialize?prefCd=17&kikanCd=6049&kikanKbn=5", "url2": "http://www.kaiteki-01.jp/" }, "geometry": { "type": "Point", "coordinates": [ 136.464078, 36.407743 ] } },
{ "type": "Feature", "properties": { "内容": "ピスコしままち薬局【5:薬局】石川県小松市島町ル６９番地１", "url": "https://www.iryou.teikyouseido.mhlw.go.jp/znk-web/juminkanja/S2430/initialize?prefCd=17&kikanCd=6050&kikanKbn=5", "url2": null }, "geometry": { "type": "Point", "coordinates": [ 136.428727, 36.352345 ] } },
{ "type": "Feature", "properties": { "内容": "てまり下牧薬局【5:薬局】石川県小松市下牧町ホ１０１番１", "url": "https://www.iryou.teikyouseido.mhlw.go.jp/znk-web/juminkanja/S2430/initialize?prefCd=17&kikanCd=6052&kikanKbn=5", "url2": "https://www.temariyakkyoku.com" }, "geometry": { "type": "Point", "coordinates": [ 136.424774, 36.411033 ] } },
{ "type": "Feature", "properties": { "内容": "三ツ屋ふたば薬局【5:薬局】石川県能美市三ツ屋町ロ１７－１", "url": "https://www.iryou.teikyouseido.mhlw.go.jp/znk-web/juminkanja/S2430/initialize?prefCd=17&kikanCd=6053&kikanKbn=5", "url2": "http://www.futaba-y.net" }, "geometry": { "type": "Point", "coordinates": [ 136.548009, 36.452151 ] } },
{ "type": "Feature", "properties": { "内容": "オリーブ薬局【5:薬局】石川県小松市園町ニ６６番地", "url": "https://www.iryou.teikyouseido.mhlw.go.jp/znk-web/juminkanja/S2430/initialize?prefCd=17&kikanCd=6054&kikanKbn=5", "url2": null }, "geometry": { "type": "Point", "coordinates": [ 136.466453, 36.403729 ] } },
{ "type": "Feature", "properties": { "内容": "野々市ファーマライズ薬局【5:薬局】石川県白山市専福寺町８４－３", "url": "https://www.iryou.teikyouseido.mhlw.go.jp/znk-web/juminkanja/S2430/initialize?prefCd=17&kikanCd=6055&kikanKbn=5", "url2": "http://www.pharmarise.com/" }, "geometry": { "type": "Point", "coordinates": [ 136.587729, 36.525848 ] } },
{ "type": "Feature", "properties": { "内容": "松任あおば薬局【5:薬局】石川県白山市北安田町５０１２", "url": "https://www.iryou.teikyouseido.mhlw.go.jp/znk-web/juminkanja/S2430/initialize?prefCd=17&kikanCd=6056&kikanKbn=5", "url2": "http://www.add-vantage.jp/" }, "geometry": { "type": "Point", "coordinates": [ 136.547727, 36.525022 ] } },
{ "type": "Feature", "properties": { "内容": "みなみ野々市薬局【5:薬局】石川県野々市市御経塚１丁目４５１番地", "url": "https://www.iryou.teikyouseido.mhlw.go.jp/znk-web/juminkanja/S2430/initialize?prefCd=17&kikanCd=6059&kikanKbn=5", "url2": null }, "geometry": { "type": "Point", "coordinates": [ 136.595776, 36.544476 ] } },
{ "type": "Feature", "properties": { "内容": "かほくまこと薬局【5:薬局】石川県かほく市遠塚ロ５４－９", "url": "https://www.iryou.teikyouseido.mhlw.go.jp/znk-web/juminkanja/S2430/initialize?prefCd=17&kikanCd=6060&kikanKbn=5", "url2": "http://hikari-pharma.com/" }, "geometry": { "type": "Point", "coordinates": [ 136.701231, 36.735469 ] } },
{ "type": "Feature", "properties": { "内容": "ふじはしまち薬局【5:薬局】石川県七尾市藤橋町戌１５－４", "url": "https://www.iryou.teikyouseido.mhlw.go.jp/znk-web/juminkanja/S2430/initialize?prefCd=17&kikanCd=6065&kikanKbn=5", "url2": "https://ehm-medical.site/" }, "geometry": { "type": "Point", "coordinates": [ 136.954687, 37.038936 ] } },
{ "type": "Feature", "properties": { "内容": "クスリのアオキ押越薬局【5:薬局】石川県野々市市若松町３番２０号", "url": "https://www.iryou.teikyouseido.mhlw.go.jp/znk-web/juminkanja/S2430/initialize?prefCd=17&kikanCd=6068&kikanKbn=5", "url2": "https://www.kusuri-aoki.co.jp/" }, "geometry": { "type": "Point", "coordinates": [ 136.611755, 36.537407 ] } },
{ "type": "Feature", "properties": { "内容": "森本あおぞら薬局【5:薬局】石川県金沢市吉原町ハ２４－１", "url": "https://www.iryou.teikyouseido.mhlw.go.jp/znk-web/juminkanja/S2430/initialize?prefCd=17&kikanCd=6070&kikanKbn=5", "url2": "http://www.granpharma.co.jp" }, "geometry": { "type": "Point", "coordinates": [ 136.693593, 36.6121 ] } },
{ "type": "Feature", "properties": { "内容": "のとじま薬局【5:薬局】石川県七尾市能登島鰀目町２９部７番地１", "url": "https://www.iryou.teikyouseido.mhlw.go.jp/znk-web/juminkanja/S2430/initialize?prefCd=17&kikanCd=6075&kikanKbn=5", "url2": null }, "geometry": { "type": "Point", "coordinates": [ 137.049165, 37.151389 ] } },
{ "type": "Feature", "properties": { "内容": "薬局マツモトキヨシ　七尾西店【5:薬局】石川県七尾市国分町ラ１７番地", "url": "https://www.iryou.teikyouseido.mhlw.go.jp/znk-web/juminkanja/S2430/initialize?prefCd=17&kikanCd=6076&kikanKbn=5", "url2": null }, "geometry": { "type": "Point", "coordinates": [ 136.95293, 37.035255 ] } },
{ "type": "Feature", "properties": { "内容": "てまり野々市薬局【5:薬局】石川県野々市市堀内４－８０－３", "url": "https://www.iryou.teikyouseido.mhlw.go.jp/znk-web/juminkanja/S2430/initialize?prefCd=17&kikanCd=6081&kikanKbn=5", "url2": "https://spatel.jp" }, "geometry": { "type": "Point", "coordinates": [ 136.600696, 36.531073 ] } },
{ "type": "Feature", "properties": { "内容": "フロンティア泉が丘薬局【5:薬局】石川県金沢市泉が丘２丁目１５－２３", "url": "https://www.iryou.teikyouseido.mhlw.go.jp/znk-web/juminkanja/S2430/initialize?prefCd=17&kikanCd=6082&kikanKbn=5", "url2": "http://www.frontier-ph.com/" }, "geometry": { "type": "Point", "coordinates": [ 136.644398, 36.543183 ] } },
{ "type": "Feature", "properties": { "内容": "クスリのアオキみずき薬局【5:薬局】石川県金沢市みずき１丁目３番１", "url": "https://www.iryou.teikyouseido.mhlw.go.jp/znk-web/juminkanja/S2430/initialize?prefCd=17&kikanCd=6083&kikanKbn=5", "url2": "https://www.kusuri-aoki.co.jp/" }, "geometry": { "type": "Point", "coordinates": [ 136.672107, 36.618566 ] } },
{ "type": "Feature", "properties": { "内容": "薬局マツモトキヨシ　高浜店【5:薬局】石川県羽咋郡志賀町高浜ヤ６９", "url": "https://www.iryou.teikyouseido.mhlw.go.jp/znk-web/juminkanja/S2430/initialize?prefCd=17&kikanCd=6085&kikanKbn=5", "url2": null }, "geometry": { "type": "Point", "coordinates": [ 136.776183, 37.001354 ] } },
{ "type": "Feature", "properties": { "内容": "クスリのアオキ相木薬局【5:薬局】石川県白山市相木二丁目３番地６", "url": "https://www.iryou.teikyouseido.mhlw.go.jp/znk-web/juminkanja/S2430/initialize?prefCd=17&kikanCd=6086&kikanKbn=5", "url2": "https://www.kusuri-aoki.co.jp/" }, "geometry": { "type": "Point", "coordinates": [ 136.563238, 36.52765 ] } },
{ "type": "Feature", "properties": { "内容": "フロンティア津幡薬局【5:薬局】石川県河北郡津幡町字潟端４２１－１７", "url": "https://www.iryou.teikyouseido.mhlw.go.jp/znk-web/juminkanja/S2430/initialize?prefCd=17&kikanCd=6087&kikanKbn=5", "url2": "http://www.frontier-ph.com" }, "geometry": { "type": "Point", "coordinates": [ 136.710564, 36.655719 ] } },
{ "type": "Feature", "properties": { "内容": "中森かいてき中村町薬局【5:薬局】石川県金沢市中村町９番２５号", "url": "https://www.iryou.teikyouseido.mhlw.go.jp/znk-web/juminkanja/S2430/initialize?prefCd=17&kikanCd=6088&kikanKbn=5", "url2": "http://www.kaiteki-01.jp/" }, "geometry": { "type": "Point", "coordinates": [ 136.643762, 36.559724 ] } },
{ "type": "Feature", "properties": { "内容": "クスリのアオキ三馬薬局【5:薬局】石川県金沢市三馬２丁目２５４番", "url": "https://www.iryou.teikyouseido.mhlw.go.jp/znk-web/juminkanja/S2430/initialize?prefCd=17&kikanCd=6091&kikanKbn=5", "url2": "https://www.kusuri-aoki.co.jp/" }, "geometry": { "type": "Point", "coordinates": [ 136.635094, 36.529648 ] } },
{ "type": "Feature", "properties": { "内容": "日本調剤　金沢西薬局【5:薬局】石川県金沢市赤土町ト１８－３", "url": "https://www.iryou.teikyouseido.mhlw.go.jp/znk-web/juminkanja/S2430/initialize?prefCd=17&kikanCd=6092&kikanKbn=5", "url2": "http://www.nicho.co.jp/tenpo/kanazawanisi/" }, "geometry": { "type": "Point", "coordinates": [ 136.596328, 36.582336 ] } },
{ "type": "Feature", "properties": { "内容": "クオール薬局かほく店【5:薬局】石川県かほく市内日角４－１３－１", "url": "https://www.iryou.teikyouseido.mhlw.go.jp/znk-web/juminkanja/S2430/initialize?prefCd=17&kikanCd=6093&kikanKbn=5", "url2": "http://www.qol-net.co.jp/" }, "geometry": { "type": "Point", "coordinates": [ 136.700572, 36.712585 ] } },
{ "type": "Feature", "properties": { "内容": "にじいろ薬局【5:薬局】石川県輪島市鳳至町下１６４番地４号", "url": "https://www.iryou.teikyouseido.mhlw.go.jp/znk-web/juminkanja/S2430/initialize?prefCd=17&kikanCd=6094&kikanKbn=5", "url2": null }, "geometry": { "type": "Point", "coordinates": [ 136.899901, 37.399726 ] } },
{ "type": "Feature", "properties": { "内容": "日本調剤　門前町薬局【5:薬局】石川県輪島市門前町道下七　７－１", "url": "https://www.iryou.teikyouseido.mhlw.go.jp/znk-web/juminkanja/S2430/initialize?prefCd=17&kikanCd=6095&kikanKbn=5", "url2": "http://www.nicho.co.jp/tenpo/monzenmati/" }, "geometry": { "type": "Point", "coordinates": [ 136.746097, 37.289863 ] } },
{ "type": "Feature", "properties": { "内容": "グリーン増泉薬局【5:薬局】石川県金沢市神田２丁目１番１０号", "url": "https://www.iryou.teikyouseido.mhlw.go.jp/znk-web/juminkanja/S2430/initialize?prefCd=17&kikanCd=6096&kikanKbn=5", "url2": "http://www.green-tz.com/" }, "geometry": { "type": "Point", "coordinates": [ 136.636922, 36.558897 ] } },
{ "type": "Feature", "properties": { "内容": "てまり南部薬局【5:薬局】石川県小松市四丁町ハ１－２", "url": "https://www.iryou.teikyouseido.mhlw.go.jp/znk-web/juminkanja/S2430/initialize?prefCd=17&kikanCd=6097&kikanKbn=5", "url2": "https://spatel.co.jp" }, "geometry": { "type": "Point", "coordinates": [ 136.412365, 36.355794 ] } },
{ "type": "Feature", "properties": { "内容": "クスリのアオキ間明薬局【5:薬局】石川県金沢市進和町８２番地", "url": "https://www.iryou.teikyouseido.mhlw.go.jp/znk-web/juminkanja/S2430/initialize?prefCd=17&kikanCd=6100&kikanKbn=5", "url2": "https://www.kusuri-aoki.co.jp/" }, "geometry": { "type": "Point", "coordinates": [ 136.61394, 36.56639 ] } },
{ "type": "Feature", "properties": { "内容": "ひなどり薬局【5:薬局】石川県金沢市畝田東２丁目５６９番地", "url": "https://www.iryou.teikyouseido.mhlw.go.jp/znk-web/juminkanja/S2430/initialize?prefCd=17&kikanCd=6106&kikanKbn=5", "url2": "https://www.w-and-m.jp/" }, "geometry": { "type": "Point", "coordinates": [ 136.617286, 36.594471 ] } },
{ "type": "Feature", "properties": { "内容": "小立野あおば薬局【5:薬局】石川県金沢市小立野３－１２－１８", "url": "https://www.iryou.teikyouseido.mhlw.go.jp/znk-web/juminkanja/S2430/initialize?prefCd=17&kikanCd=6107&kikanKbn=5", "url2": "http://www.add-vantage.jp/" }, "geometry": { "type": "Point", "coordinates": [ 136.67434, 36.551168 ] } },
{ "type": "Feature", "properties": { "内容": "箔山堂専福寺薬局【5:薬局】石川県白山市専福寺町１６０－５", "url": "https://www.iryou.teikyouseido.mhlw.go.jp/znk-web/juminkanja/S2430/initialize?prefCd=17&kikanCd=6108&kikanKbn=5", "url2": "http://www.nanzando.co.jp" }, "geometry": { "type": "Point", "coordinates": [ 136.587354, 36.52289 ] } },
{ "type": "Feature", "properties": { "内容": "箔山堂高松薬局【5:薬局】石川県かほく市内高松申５０－３", "url": "https://www.iryou.teikyouseido.mhlw.go.jp/znk-web/juminkanja/S2430/initialize?prefCd=17&kikanCd=6109&kikanKbn=5", "url2": "http://www.nanzando.co.jp/h_takamatsu.html" }, "geometry": { "type": "Point", "coordinates": [ 136.733817, 36.769117 ] } },
{ "type": "Feature", "properties": { "内容": "ウエルシア能美寺井薬局【5:薬局】石川県能美市寺井町ハ１１２", "url": "https://www.iryou.teikyouseido.mhlw.go.jp/znk-web/juminkanja/S2430/initialize?prefCd=17&kikanCd=6118&kikanKbn=5", "url2": "http://www.welcia-yakkyoku.co.jp" }, "geometry": { "type": "Point", "coordinates": [ 136.495264, 36.443633 ] } },
{ "type": "Feature", "properties": { "内容": "ウエルシア加賀作見薬局【5:薬局】石川県加賀市作見町ニ４２番１", "url": "https://www.iryou.teikyouseido.mhlw.go.jp/znk-web/juminkanja/S2430/initialize?prefCd=17&kikanCd=6119&kikanKbn=5", "url2": "http://www.welcia-yakkyoku.co.jp" }, "geometry": { "type": "Point", "coordinates": [ 136.356487, 36.319321 ] } },
{ "type": "Feature", "properties": { "内容": "太平寺らいふ薬局【5:薬局】石川県野々市市太平寺４ー４８", "url": "https://www.iryou.teikyouseido.mhlw.go.jp/znk-web/juminkanja/S2430/initialize?prefCd=17&kikanCd=6120&kikanKbn=5", "url2": "http://www.life-jp.com/" }, "geometry": { "type": "Point", "coordinates": [ 136.606933, 36.532525 ] } },
{ "type": "Feature", "properties": { "内容": "てまり辰口薬局【5:薬局】石川県能美市松が岡", "url": "https://www.iryou.teikyouseido.mhlw.go.jp/znk-web/juminkanja/S2430/initialize?prefCd=17&kikanCd=6121&kikanKbn=5", "url2": "https://spatel.co.jp" }, "geometry": { "type": "Point", "coordinates": [ 136.528283, 36.437411 ] } },
{ "type": "Feature", "properties": { "内容": "吉竹らいふ薬局【5:薬局】石川県小松市吉竹町４－２２１", "url": "https://www.iryou.teikyouseido.mhlw.go.jp/znk-web/juminkanja/S2430/initialize?prefCd=17&kikanCd=6122&kikanKbn=5", "url2": "http://www.life-jp.com/" }, "geometry": { "type": "Point", "coordinates": [ 136.473082, 36.39524 ] } },
{ "type": "Feature", "properties": { "内容": "クスリのアオキ高松薬局【5:薬局】石川県かほく市高松ア２４番２", "url": "https://www.iryou.teikyouseido.mhlw.go.jp/znk-web/juminkanja/S2430/initialize?prefCd=17&kikanCd=6124&kikanKbn=5", "url2": "https://www.kusuri-aoki.co.jp/" }, "geometry": { "type": "Point", "coordinates": [ 136.71606, 36.760299 ] } },
{ "type": "Feature", "properties": { "内容": "クスリのアオキ向本折薬局【5:薬局】石川県小松市向本折町ニ２４番１", "url": "https://www.iryou.teikyouseido.mhlw.go.jp/znk-web/juminkanja/S2430/initialize?prefCd=17&kikanCd=6125&kikanKbn=5", "url2": "http://www.kusuri-aoki.co.jp" }, "geometry": { "type": "Point", "coordinates": [ 136.442208, 36.398153 ] } },
{ "type": "Feature", "properties": { "内容": "よつば薬局【5:薬局】石川県鹿島郡中能登町良川る７－１", "url": "https://www.iryou.teikyouseido.mhlw.go.jp/znk-web/juminkanja/S2430/initialize?prefCd=17&kikanCd=6126&kikanKbn=5", "url2": "http://assist-ast.jp" }, "geometry": { "type": "Point", "coordinates": [ 136.884882, 36.973518 ] } },
{ "type": "Feature", "properties": { "内容": "布水あおば薬局【5:薬局】石川県野々市市押野２－９０", "url": "https://www.iryou.teikyouseido.mhlw.go.jp/znk-web/juminkanja/S2430/initialize?prefCd=17&kikanCd=6128&kikanKbn=5", "url2": "http://www.add-vantage.jp" }, "geometry": { "type": "Point", "coordinates": [ 136.611619, 36.539402 ] } },
{ "type": "Feature", "properties": { "内容": "チューリップ野々市薬局【5:薬局】石川県野々市市藤平田１丁目４７１番地", "url": "https://www.iryou.teikyouseido.mhlw.go.jp/znk-web/juminkanja/S2430/initialize?prefCd=17&kikanCd=6129&kikanKbn=5", "url2": "http://www.tulip-tz.co.jp/storeinfo/store_nonoichi.html" }, "geometry": { "type": "Point", "coordinates": [ 136.606884, 36.517094 ] } },
{ "type": "Feature", "properties": { "内容": "チューリップ成町薬局【5:薬局】石川県白山市新成４－２１３", "url": "https://www.iryou.teikyouseido.mhlw.go.jp/znk-web/juminkanja/S2430/initialize?prefCd=17&kikanCd=6130&kikanKbn=5", "url2": "https://www.tulip-tz.co.jp/storeinfo/store_narimachi.html" }, "geometry": { "type": "Point", "coordinates": [ 136.555222, 36.530572 ] } },
{ "type": "Feature", "properties": { "内容": "なの花薬局　美川店【5:薬局】石川県白山市美川和波町カ１２８－３", "url": "https://www.iryou.teikyouseido.mhlw.go.jp/znk-web/juminkanja/S2430/initialize?prefCd=17&kikanCd=6131&kikanKbn=5", "url2": "https://www.nanohana-ph.jp" }, "geometry": { "type": "Point", "coordinates": [ 136.489443, 36.490462 ] } },
{ "type": "Feature", "properties": { "内容": "徳田あおぞら薬局【5:薬局】石川県七尾市下町", "url": "https://www.iryou.teikyouseido.mhlw.go.jp/znk-web/juminkanja/S2430/initialize?prefCd=17&kikanCd=6132&kikanKbn=5", "url2": "http://www.granpharma.co.jp/" }, "geometry": { "type": "Point", "coordinates": [ 136.944345, 37.010406 ] } },
{ "type": "Feature", "properties": { "内容": "無量寺あおぞら薬局【5:薬局】石川県金沢市無量寺５丁目７１－１", "url": "https://www.iryou.teikyouseido.mhlw.go.jp/znk-web/juminkanja/S2430/initialize?prefCd=17&kikanCd=6133&kikanKbn=5", "url2": "http://www.granpharma.co.jp/" }, "geometry": { "type": "Point", "coordinates": [ 136.612398, 36.602933 ] } },
{ "type": "Feature", "properties": { "内容": "三馬あおぞら薬局【5:薬局】石川県金沢市窪７丁目２００番地", "url": "https://www.iryou.teikyouseido.mhlw.go.jp/znk-web/juminkanja/S2430/initialize?prefCd=17&kikanCd=6134&kikanKbn=5", "url2": "http://www.granpharma.co.jp/" }, "geometry": { "type": "Point", "coordinates": [ 136.63709, 36.529698 ] } },
{ "type": "Feature", "properties": { "内容": "アルプ薬局日吉店【5:薬局】石川県小松市栄町１６番地１", "url": "https://www.iryou.teikyouseido.mhlw.go.jp/znk-web/juminkanja/S2430/initialize?prefCd=17&kikanCd=6136&kikanKbn=5", "url2": "http://www.alp-grp.jp/" }, "geometry": { "type": "Point", "coordinates": [ 136.446988, 36.399445 ] } },
{ "type": "Feature", "properties": { "内容": "アルプ薬局野々市駅前店【5:薬局】石川県野々市市二日市１丁目１３番", "url": "https://www.iryou.teikyouseido.mhlw.go.jp/znk-web/juminkanja/S2430/initialize?prefCd=17&kikanCd=6139&kikanKbn=5", "url2": "http://www.alp-grp.jp/" }, "geometry": { "type": "Point", "coordinates": [ 136.597092, 36.541926 ] } },
{ "type": "Feature", "properties": { "内容": "クスリのアオキ美川薬局【5:薬局】石川県白山市長屋町ロ５６番地", "url": "https://www.iryou.teikyouseido.mhlw.go.jp/znk-web/juminkanja/S2430/initialize?prefCd=17&kikanCd=6140&kikanKbn=5", "url2": "https://www.kusuri-aoki.co.jp/" }, "geometry": { "type": "Point", "coordinates": [ 136.495771, 36.488596 ] } },
{ "type": "Feature", "properties": { "内容": "沖町みらい薬局【5:薬局】石川県小松市沖町４７７番地", "url": "https://www.iryou.teikyouseido.mhlw.go.jp/znk-web/juminkanja/S2430/initialize?prefCd=17&kikanCd=6141&kikanKbn=5", "url2": "mirai-pharmacy.com/" }, "geometry": { "type": "Point", "coordinates": [ 136.46344, 36.396255 ] } },
{ "type": "Feature", "properties": { "内容": "キリン堂金沢駅西薬局【5:薬局】石川県金沢市駅西新町２－７－３４", "url": "https://www.iryou.teikyouseido.mhlw.go.jp/znk-web/juminkanja/S2430/initialize?prefCd=17&kikanCd=6143&kikanKbn=5", "url2": "http://www.kirindo.co.jp/" }, "geometry": { "type": "Point", "coordinates": [ 136.638979, 36.593038 ] } },
{ "type": "Feature", "properties": { "内容": "クスリのアオキ暁薬局【5:薬局】石川県金沢市暁町２０番６号", "url": "https://www.iryou.teikyouseido.mhlw.go.jp/znk-web/juminkanja/S2430/initialize?prefCd=17&kikanCd=6144&kikanKbn=5", "url2": "http://www.kusuri-aoki.co.jp" }, "geometry": { "type": "Point", "coordinates": [ 136.670984, 36.56295 ] } },
{ "type": "Feature", "properties": { "内容": "栄和薬局【5:薬局】石川県能美市寺井町レ５－１", "url": "https://www.iryou.teikyouseido.mhlw.go.jp/znk-web/juminkanja/S2430/initialize?prefCd=17&kikanCd=6148&kikanKbn=5", "url2": "https://tokuhisa.net/" }, "geometry": { "type": "Point", "coordinates": [ 136.491837, 36.437189 ] } },
{ "type": "Feature", "properties": { "内容": "なの花薬局　大桑店【5:薬局】石川県金沢市大桑２丁目２５６番地", "url": "https://www.iryou.teikyouseido.mhlw.go.jp/znk-web/juminkanja/S2430/initialize?prefCd=17&kikanCd=6149&kikanKbn=5", "url2": "http://www.nanohana-ph.jp/" }, "geometry": { "type": "Point", "coordinates": [ 136.675048, 36.535633 ] } },
{ "type": "Feature", "properties": { "内容": "小松たんぽぽ薬局【5:薬局】石川県小松市土居原町１７６番地２", "url": "https://www.iryou.teikyouseido.mhlw.go.jp/znk-web/juminkanja/S2430/initialize?prefCd=17&kikanCd=6150&kikanKbn=5", "url2": "http://www.tanpopo-ph.co.jp" }, "geometry": { "type": "Point", "coordinates": [ 136.451462, 36.402767 ] } },
{ "type": "Feature", "properties": { "内容": "アルプ薬局本府中店【5:薬局】石川県七尾市本府中町ワ部５番地６", "url": "https://www.iryou.teikyouseido.mhlw.go.jp/znk-web/juminkanja/S2430/initialize?prefCd=17&kikanCd=6151&kikanKbn=5", "url2": "http://www.alp-grp.jp/" }, "geometry": { "type": "Point", "coordinates": [ 136.969182, 37.037306 ] } },
{ "type": "Feature", "properties": { "内容": "矢木あおぞら薬局【5:薬局】石川県金沢市矢木１丁目４４番地", "url": "https://www.iryou.teikyouseido.mhlw.go.jp/znk-web/juminkanja/S2430/initialize?prefCd=17&kikanCd=6152&kikanKbn=5", "url2": "http://www.granpharma.co.jp" }, "geometry": { "type": "Point", "coordinates": [ 136.596699, 36.556417 ] } },
{ "type": "Feature", "properties": { "内容": "クスリのアオキ根上薬局【5:薬局】石川県能美市大成町ト１９－５", "url": "https://www.iryou.teikyouseido.mhlw.go.jp/znk-web/juminkanja/S2430/initialize?prefCd=17&kikanCd=6154&kikanKbn=5", "url2": "https://www.kusuri-aoki.co.jp/" }, "geometry": { "type": "Point", "coordinates": [ 136.464554, 36.450297 ] } },
{ "type": "Feature", "properties": { "内容": "クスリのアオキ白江薬局【5:薬局】石川県小松市白江町２０－１", "url": "https://www.iryou.teikyouseido.mhlw.go.jp/znk-web/juminkanja/S2430/initialize?prefCd=17&kikanCd=6155&kikanKbn=5", "url2": "https://www.kusuri-aoki.co.jp/" }, "geometry": { "type": "Point", "coordinates": [ 136.476135, 36.401627 ] } },
{ "type": "Feature", "properties": { "内容": "フラスコ薬局【5:薬局】石川県七尾市古府町り１－４", "url": "https://www.iryou.teikyouseido.mhlw.go.jp/znk-web/juminkanja/S2430/initialize?prefCd=17&kikanCd=6156&kikanKbn=5", "url2": null }, "geometry": { "type": "Point", "coordinates": [ 136.962888, 37.027331 ] } },
{ "type": "Feature", "properties": { "内容": "てまり西泉薬局【5:薬局】石川県金沢市西泉１－１４９－１", "url": "https://www.iryou.teikyouseido.mhlw.go.jp/znk-web/juminkanja/S2430/initialize?prefCd=17&kikanCd=6157&kikanKbn=5", "url2": "https://spatel.co.jp" }, "geometry": { "type": "Point", "coordinates": [ 136.632213, 36.545985 ] } },
{ "type": "Feature", "properties": { "内容": "なかのとまち薬局【5:薬局】石川県鹿島郡中能登町二宮レ１６９", "url": "https://www.iryou.teikyouseido.mhlw.go.jp/znk-web/juminkanja/S2430/initialize?prefCd=17&kikanCd=6158&kikanKbn=5", "url2": "https://ehm-medical.site" }, "geometry": { "type": "Point", "coordinates": [ 136.927704, 36.97696 ] } },
{ "type": "Feature", "properties": { "内容": "てまり古府薬局【5:薬局】石川県金沢市古府２－５０", "url": "https://www.iryou.teikyouseido.mhlw.go.jp/znk-web/juminkanja/S2430/initialize?prefCd=17&kikanCd=6159&kikanKbn=5", "url2": "https://spatel.co.jp" }, "geometry": { "type": "Point", "coordinates": [ 136.60784, 36.567262 ] } },
{ "type": "Feature", "properties": { "内容": "けんろく菜の花薬局【5:薬局】石川県金沢市天神町１丁目１８番３８号", "url": "https://www.iryou.teikyouseido.mhlw.go.jp/znk-web/juminkanja/S2430/initialize?prefCd=17&kikanCd=6160&kikanKbn=5", "url2": "http://nanohana-pharmacy.com/" }, "geometry": { "type": "Point", "coordinates": [ 136.679106, 36.557791 ] } },
{ "type": "Feature", "properties": { "内容": "クスリのアオキ西泉薬局【5:薬局】石川県金沢市西泉３丁目２３番地", "url": "https://www.iryou.teikyouseido.mhlw.go.jp/znk-web/juminkanja/S2430/initialize?prefCd=17&kikanCd=6162&kikanKbn=5", "url2": "https://www.kusuri-aoki.co.jp/" }, "geometry": { "type": "Point", "coordinates": [ 136.630308, 36.547148 ] } },
{ "type": "Feature", "properties": { "内容": "クスリのアオキ玉鉾薬局【5:薬局】石川県金沢市玉鉾１丁目２７番", "url": "https://www.iryou.teikyouseido.mhlw.go.jp/znk-web/juminkanja/S2430/initialize?prefCd=17&kikanCd=6163&kikanKbn=5", "url2": "https://www.kusuri-aoki.co.jp/" }, "geometry": { "type": "Point", "coordinates": [ 136.628669, 36.570649 ] } },
{ "type": "Feature", "properties": { "内容": "はくい　あおば薬局【5:薬局】石川県羽咋市的場町的場１３－１", "url": "https://www.iryou.teikyouseido.mhlw.go.jp/znk-web/juminkanja/S2430/initialize?prefCd=17&kikanCd=6164&kikanKbn=5", "url2": "http://www.add-vantage.jp/" }, "geometry": { "type": "Point", "coordinates": [ 136.77899, 36.898312 ] } },
{ "type": "Feature", "properties": { "内容": "ウエルシア薬局野々市御経塚店【5:薬局】石川県野々市市御経塚１丁目５３７番地", "url": "https://www.iryou.teikyouseido.mhlw.go.jp/znk-web/juminkanja/S2430/initialize?prefCd=17&kikanCd=6165&kikanKbn=5", "url2": "http://www.welcia-yakkyoku.co.jp" }, "geometry": { "type": "Point", "coordinates": [ 136.595144, 36.546598 ] } },
{ "type": "Feature", "properties": { "内容": "ウエルシア薬局七尾和倉店【5:薬局】石川県七尾市石崎町ヨ１－５", "url": "https://www.iryou.teikyouseido.mhlw.go.jp/znk-web/juminkanja/S2430/initialize?prefCd=17&kikanCd=6166&kikanKbn=5", "url2": "http://www.welcia-yakkyoku.co.jp" }, "geometry": { "type": "Point", "coordinates": [ 136.92623, 37.077203 ] } },
{ "type": "Feature", "properties": { "内容": "ウエルシア薬局金沢有松店【5:薬局】石川県金沢市有松４丁目１３番１３号", "url": "https://www.iryou.teikyouseido.mhlw.go.jp/znk-web/juminkanja/S2430/initialize?prefCd=17&kikanCd=6167&kikanKbn=5", "url2": "http://www.welcia-kanto.jp" }, "geometry": { "type": "Point", "coordinates": [ 136.635754, 36.538239 ] } },
{ "type": "Feature", "properties": { "内容": "ウエルシア薬局金沢三池店【5:薬局】石川県金沢市三池栄町３１２番地", "url": "https://www.iryou.teikyouseido.mhlw.go.jp/znk-web/juminkanja/S2430/initialize?prefCd=17&kikanCd=6168&kikanKbn=5", "url2": "https://www.welcia-yakkyoku.co.jp/" }, "geometry": { "type": "Point", "coordinates": [ 136.671356, 36.596438 ] } },
{ "type": "Feature", "properties": { "内容": "クスリのアオキ野々市中央薬局【5:薬局】石川県野々市市三納１丁目７７番地", "url": "https://www.iryou.teikyouseido.mhlw.go.jp/znk-web/juminkanja/S2430/initialize?prefCd=17&kikanCd=6169&kikanKbn=5", "url2": "https://www.kusuri-aoki.co.jp/" }, "geometry": { "type": "Point", "coordinates": [ 136.610428, 36.517743 ] } },
{ "type": "Feature", "properties": { "内容": "クスリのアオキ符津薬局【5:薬局】石川県小松市符津町タ３６番１", "url": "https://www.iryou.teikyouseido.mhlw.go.jp/znk-web/juminkanja/S2430/initialize?prefCd=17&kikanCd=6170&kikanKbn=5", "url2": "http://www.kusuri-aoki.co.jp/" }, "geometry": { "type": "Point", "coordinates": [ 136.430722, 36.362668 ] } },
{ "type": "Feature", "properties": { "内容": "鞍月トモコ薬局【5:薬局】石川県金沢市鞍月５－２２５", "url": "https://www.iryou.teikyouseido.mhlw.go.jp/znk-web/juminkanja/S2430/initialize?prefCd=17&kikanCd=6171&kikanKbn=5", "url2": "www.m-tomoko.com" }, "geometry": { "type": "Point", "coordinates": [ 136.62629, 36.598181 ] } },
{ "type": "Feature", "properties": { "内容": "グリーン八日市薬局【5:薬局】石川県金沢市八日市出町９４４番地１", "url": "https://www.iryou.teikyouseido.mhlw.go.jp/znk-web/juminkanja/S2430/initialize?prefCd=17&kikanCd=6172&kikanKbn=5", "url2": "http://www.green-tz.com/" }, "geometry": { "type": "Point", "coordinates": [ 136.609618, 36.552903 ] } },
{ "type": "Feature", "properties": { "内容": "青い森薬局　山代店【5:薬局】石川県加賀市山代温泉北部四丁目６２番", "url": "https://www.iryou.teikyouseido.mhlw.go.jp/znk-web/juminkanja/S2430/initialize?prefCd=17&kikanCd=6173&kikanKbn=5", "url2": "http://www.aoimori-ph.com" }, "geometry": { "type": "Point", "coordinates": [ 136.362642, 36.295438 ] } },
{ "type": "Feature", "properties": { "内容": "アルプ薬局近岡店【5:薬局】石川県金沢市近岡町３２６番地９", "url": "https://www.iryou.teikyouseido.mhlw.go.jp/znk-web/juminkanja/S2430/initialize?prefCd=17&kikanCd=6175&kikanKbn=5", "url2": "http://www.alp-grp.jp/" }, "geometry": { "type": "Point", "coordinates": [ 136.633297, 36.609074 ] } },
{ "type": "Feature", "properties": { "内容": "アイリスあおぞら薬局【5:薬局】石川県金沢市西念２丁目３６番地５", "url": "https://www.iryou.teikyouseido.mhlw.go.jp/znk-web/juminkanja/S2430/initialize?prefCd=17&kikanCd=6176&kikanKbn=5", "url2": "http://www.granpharma.co.jp" }, "geometry": { "type": "Point", "coordinates": [ 136.639836, 36.587008 ] } },
{ "type": "Feature", "properties": { "内容": "磯部ゆうゆう薬局【5:薬局】石川県金沢市磯部町ニ１４－１", "url": "https://www.iryou.teikyouseido.mhlw.go.jp/znk-web/juminkanja/S2430/initialize?prefCd=17&kikanCd=6177&kikanKbn=5", "url2": "http://www.youyu-p.com/" }, "geometry": { "type": "Point", "coordinates": [ 136.659165, 36.599201 ] } },
{ "type": "Feature", "properties": { "内容": "中森全快堂若宮薬局【5:薬局】石川県金沢市若宮２丁目１３番", "url": "https://www.iryou.teikyouseido.mhlw.go.jp/znk-web/juminkanja/S2430/initialize?prefCd=17&kikanCd=6178&kikanKbn=5", "url2": "http://www.zenkaido.jp/index.html" }, "geometry": { "type": "Point", "coordinates": [ 136.63223, 36.575316 ] } },
{ "type": "Feature", "properties": { "内容": "泉コメヤ薬局【5:薬局】石川県金沢市泉２－６－５", "url": "https://www.iryou.teikyouseido.mhlw.go.jp/znk-web/juminkanja/S2430/initialize?prefCd=17&kikanCd=6182&kikanKbn=5", "url2": "http://www.komeya-drug.com/" }, "geometry": { "type": "Point", "coordinates": [ 136.642379, 36.54741 ] } },
{ "type": "Feature", "properties": { "内容": "アルプ薬局金城大学前店【5:薬局】石川県白山市宮保新町１３６番地", "url": "https://www.iryou.teikyouseido.mhlw.go.jp/znk-web/juminkanja/S2430/initialize?prefCd=17&kikanCd=6183&kikanKbn=5", "url2": "http://www.alp-grp.jp/" }, "geometry": { "type": "Point", "coordinates": [ 136.53222, 36.507824 ] } },
{ "type": "Feature", "properties": { "内容": "扇が丘薬局【5:薬局】石川県金沢市三馬１－４０５", "url": "https://www.iryou.teikyouseido.mhlw.go.jp/znk-web/juminkanja/S2430/initialize?prefCd=17&kikanCd=6186&kikanKbn=5", "url2": "http://www.e-classa.net/ougigaoka/" }, "geometry": { "type": "Point", "coordinates": [ 136.629519, 36.525922 ] } },
{ "type": "Feature", "properties": { "内容": "アイビー薬局【5:薬局】石川県金沢市入江２－２３２", "url": "https://www.iryou.teikyouseido.mhlw.go.jp/znk-web/juminkanja/S2430/initialize?prefCd=17&kikanCd=6187&kikanKbn=5", "url2": null }, "geometry": { "type": "Point", "coordinates": [ 136.627323, 36.565746 ] } },
{ "type": "Feature", "properties": { "内容": "リフル大浦薬局【5:薬局】石川県金沢市大浦町ロ１番地３", "url": "https://www.iryou.teikyouseido.mhlw.go.jp/znk-web/juminkanja/S2430/initialize?prefCd=17&kikanCd=6188&kikanKbn=5", "url2": "https://lifullpharmacy.jp/" }, "geometry": { "type": "Point", "coordinates": [ 136.653331, 36.615978 ] } },
{ "type": "Feature", "properties": { "内容": "ふたば沖町薬局【5:薬局】石川県小松市沖町ソ１１７番２", "url": "https://www.iryou.teikyouseido.mhlw.go.jp/znk-web/juminkanja/S2430/initialize?prefCd=17&kikanCd=6190&kikanKbn=5", "url2": "http://www.futaba-y.net" }, "geometry": { "type": "Point", "coordinates": [ 136.468025, 36.397599 ] } },
{ "type": "Feature", "properties": { "内容": "共創未来　藤江北薬局【5:薬局】石川県金沢市藤江北１－４３４", "url": "https://www.iryou.teikyouseido.mhlw.go.jp/znk-web/juminkanja/S2430/initialize?prefCd=17&kikanCd=6191&kikanKbn=5", "url2": "http://www.phmirai.co.jp/" }, "geometry": { "type": "Point", "coordinates": [ 136.623336, 36.589478 ] } },
{ "type": "Feature", "properties": { "内容": "共創未来　松村薬局【5:薬局】石川県金沢市松村４－４１６－１", "url": "https://www.iryou.teikyouseido.mhlw.go.jp/znk-web/juminkanja/S2430/initialize?prefCd=17&kikanCd=6192&kikanKbn=5", "url2": "www.phmirai.co.jp" }, "geometry": { "type": "Point", "coordinates": [ 136.611721, 36.584149 ] } },
{ "type": "Feature", "properties": { "内容": "白山ハート薬局【5:薬局】石川県白山市村井町２７５番地１", "url": "https://www.iryou.teikyouseido.mhlw.go.jp/znk-web/juminkanja/S2430/initialize?prefCd=17&kikanCd=6193&kikanKbn=5", "url2": "http://www.heart-pharmacy.jp/" }, "geometry": { "type": "Point", "coordinates": [ 136.558356, 36.515716 ] } },
{ "type": "Feature", "properties": { "内容": "御経塚らいふ薬局【5:薬局】石川県野々市市御経塚１－４６４", "url": "https://www.iryou.teikyouseido.mhlw.go.jp/znk-web/juminkanja/S2430/initialize?prefCd=17&kikanCd=6194&kikanKbn=5", "url2": "www.life-jp.com/" }, "geometry": { "type": "Point", "coordinates": [ 136.596378, 36.544685 ] } },
{ "type": "Feature", "properties": { "内容": "太平寺一番薬局【5:薬局】石川県野々市市太平寺４丁目６７－１", "url": "https://www.iryou.teikyouseido.mhlw.go.jp/znk-web/juminkanja/S2430/initialize?prefCd=17&kikanCd=6195&kikanKbn=5", "url2": "https://www.amall.co.jp/store/28" }, "geometry": { "type": "Point", "coordinates": [ 136.606399, 36.529975 ] } },
{ "type": "Feature", "properties": { "内容": "白峰コメヤ薬局【5:薬局】石川県白山市白峰ハ１５７番１地　白峰福祉複合施設カルテット２Ｆ", "url": "https://www.iryou.teikyouseido.mhlw.go.jp/znk-web/juminkanja/S2430/initialize?prefCd=17&kikanCd=6196&kikanKbn=5", "url2": "http://komeya-drug.com" }, "geometry": { "type": "Point", "coordinates": [ 136.624334, 36.176328 ] } },
{ "type": "Feature", "properties": { "内容": "千木明徳薬局【5:薬局】石川県金沢市千木１－２４２", "url": "https://www.iryou.teikyouseido.mhlw.go.jp/znk-web/juminkanja/S2430/initialize?prefCd=17&kikanCd=6199&kikanKbn=5", "url2": "http://www.ymg.ne.jp/pharmacy/detail/sengi.html" }, "geometry": { "type": "Point", "coordinates": [ 136.67636, 36.606245 ] } },
{ "type": "Feature", "properties": { "内容": "田上はなの木薬局【5:薬局】石川県金沢市田上の里２丁目１４６番地", "url": "https://www.iryou.teikyouseido.mhlw.go.jp/znk-web/juminkanja/S2430/initialize?prefCd=17&kikanCd=6200&kikanKbn=5", "url2": "http://www.hananoki-ymt.com" }, "geometry": { "type": "Point", "coordinates": [ 136.693233, 36.541157 ] } },
{ "type": "Feature", "properties": { "内容": "浅野川はなの木薬局【5:薬局】石川県金沢市三口町", "url": "https://www.iryou.teikyouseido.mhlw.go.jp/znk-web/juminkanja/S2430/initialize?prefCd=17&kikanCd=6201&kikanKbn=5", "url2": null }, "geometry": { "type": "Point", "coordinates": [ 136.644674, 36.608194 ] } },
{ "type": "Feature", "properties": { "内容": "中森かいてき入江薬局【5:薬局】石川県金沢市入江１丁目１３５番地", "url": "https://www.iryou.teikyouseido.mhlw.go.jp/znk-web/juminkanja/S2430/initialize?prefCd=17&kikanCd=6203&kikanKbn=5", "url2": "http://www.kaiteki-01.jp/" }, "geometry": { "type": "Point", "coordinates": [ 136.630218, 36.564716 ] } },
{ "type": "Feature", "properties": { "内容": "中森かいてき戸板薬局【5:薬局】石川県金沢市戸板２丁目１５番地", "url": "https://www.iryou.teikyouseido.mhlw.go.jp/znk-web/juminkanja/S2430/initialize?prefCd=17&kikanCd=6204&kikanKbn=5", "url2": "http://www.kaiteki-01.jp/" }, "geometry": { "type": "Point", "coordinates": [ 136.62303, 36.58026 ] } },
{ "type": "Feature", "properties": { "内容": "かいてき扇が丘薬局【5:薬局】石川県野々市市扇が丘５１５番１", "url": "https://www.iryou.teikyouseido.mhlw.go.jp/znk-web/juminkanja/S2430/initialize?prefCd=17&kikanCd=6205&kikanKbn=5", "url2": "http://www.kaiteki-01.jp/" }, "geometry": { "type": "Point", "coordinates": [ 136.624864, 36.527131 ] } },
{ "type": "Feature", "properties": { "内容": "福留町あおぞら薬局【5:薬局】石川県白山市福留町１７３－１", "url": "https://www.iryou.teikyouseido.mhlw.go.jp/znk-web/juminkanja/S2430/initialize?prefCd=17&kikanCd=6208&kikanKbn=5", "url2": "http://www.granpharma.co.jp/" }, "geometry": { "type": "Point", "coordinates": [ 136.526165, 36.490626 ] } },
{ "type": "Feature", "properties": { "内容": "クオール薬局内灘店【5:薬局】石川県河北郡内灘町緑台１丁目８", "url": "https://www.iryou.teikyouseido.mhlw.go.jp/znk-web/juminkanja/S2430/initialize?prefCd=17&kikanCd=6209&kikanKbn=5", "url2": "http://www.qol-net.co.jp/" }, "geometry": { "type": "Point", "coordinates": [ 136.632299, 36.636132 ] } },
{ "type": "Feature", "properties": { "内容": "すずらん杜の里薬局【5:薬局】石川県金沢市もりの里３−３", "url": "https://www.iryou.teikyouseido.mhlw.go.jp/znk-web/juminkanja/S2430/initialize?prefCd=17&kikanCd=6210&kikanKbn=5", "url2": "http://suzuran-pharmacy.net/" }, "geometry": { "type": "Point", "coordinates": [ 136.683785, 36.559684 ] } },
{ "type": "Feature", "properties": { "内容": "しんたて薬局【5:薬局】石川県金沢市本多町３－１０－１５　押野谷ビル１階", "url": "https://www.iryou.teikyouseido.mhlw.go.jp/znk-web/juminkanja/S2430/initialize?prefCd=17&kikanCd=6211&kikanKbn=5", "url2": null }, "geometry": { "type": "Point", "coordinates": [ 136.659238, 36.557184 ] } },
{ "type": "Feature", "properties": { "内容": "ファーマライズ薬局　平和町店【5:薬局】石川県金沢市平和町３－８－２１", "url": "https://www.iryou.teikyouseido.mhlw.go.jp/znk-web/juminkanja/S2430/initialize?prefCd=17&kikanCd=6214&kikanKbn=5", "url2": "http://www.pharmarise.com/" }, "geometry": { "type": "Point", "coordinates": [ 136.663533, 36.541544 ] } },
{ "type": "Feature", "properties": { "内容": "箔山堂小松幸町薬局【5:薬局】石川県小松市幸町３－９１－１", "url": "https://www.iryou.teikyouseido.mhlw.go.jp/znk-web/juminkanja/S2430/initialize?prefCd=17&kikanCd=6215&kikanKbn=5", "url2": "http://www.nanzando.co.jp/" }, "geometry": { "type": "Point", "coordinates": [ 136.451085, 36.392489 ] } },
{ "type": "Feature", "properties": { "内容": "ののいちフラワー薬局【5:薬局】石川県野々市市本町４－８－５", "url": "https://www.iryou.teikyouseido.mhlw.go.jp/znk-web/juminkanja/S2430/initialize?prefCd=17&kikanCd=6216&kikanKbn=5", "url2": "http://flower-yakkyoku.jp" }, "geometry": { "type": "Point", "coordinates": [ 136.611232, 36.532292 ] } },
{ "type": "Feature", "properties": { "内容": "軽海あおぞら薬局【5:薬局】石川県小松市西軽海町１ー１３７", "url": "https://www.iryou.teikyouseido.mhlw.go.jp/znk-web/juminkanja/S2430/initialize?prefCd=17&kikanCd=6217&kikanKbn=5", "url2": "http://www.granpharma.co.jp/" }, "geometry": { "type": "Point", "coordinates": [ 136.499762, 36.397936 ] } },
{ "type": "Feature", "properties": { "内容": "クスリのアオキ今江薬局【5:薬局】石川県小松市今江町１丁目３０５番地", "url": "https://www.iryou.teikyouseido.mhlw.go.jp/znk-web/juminkanja/S2430/initialize?prefCd=17&kikanCd=6219&kikanKbn=5", "url2": "https://www.kusuri-aoki.co.jp/" }, "geometry": { "type": "Point", "coordinates": [ 136.438956, 36.384719 ] } },
{ "type": "Feature", "properties": { "内容": "青い森薬局　新庄店【5:薬局】石川県野々市市新庄２丁目１５番２", "url": "https://www.iryou.teikyouseido.mhlw.go.jp/znk-web/juminkanja/S2430/initialize?prefCd=17&kikanCd=6221&kikanKbn=5", "url2": "http://www.aoimori-ph.com" }, "geometry": { "type": "Point", "coordinates": [ 136.610669, 36.497876 ] } },
{ "type": "Feature", "properties": { "内容": "青い森薬局　川北店【5:薬局】石川県能美郡川北町壱ツ屋１９４番", "url": "https://www.iryou.teikyouseido.mhlw.go.jp/znk-web/juminkanja/S2430/initialize?prefCd=17&kikanCd=6222&kikanKbn=5", "url2": "http://www.aoimori-ph.com" }, "geometry": { "type": "Point", "coordinates": [ 136.54279, 36.46784 ] } },
{ "type": "Feature", "properties": { "内容": "ひこそまち薬局【5:薬局】石川県金沢市彦三町１丁目５番３３－２", "url": "https://www.iryou.teikyouseido.mhlw.go.jp/znk-web/juminkanja/S2430/initialize?prefCd=17&kikanCd=6223&kikanKbn=5", "url2": "https://teiku.co.jp" }, "geometry": { "type": "Point", "coordinates": [ 136.659257, 36.573082 ] } },
{ "type": "Feature", "properties": { "内容": "クスリのアオキ大河端薬局【5:薬局】石川県金沢市大河端西１丁目１１１番地", "url": "https://www.iryou.teikyouseido.mhlw.go.jp/znk-web/juminkanja/S2430/initialize?prefCd=17&kikanCd=6224&kikanKbn=5", "url2": "http://www.kusuri-aoki.co.jp/" }, "geometry": { "type": "Point", "coordinates": [ 136.640126, 36.614583 ] } },
{ "type": "Feature", "properties": { "内容": "コストコホールセール野々市倉庫店薬局【5:薬局】石川県野々市市柳町３０１－１", "url": "https://www.iryou.teikyouseido.mhlw.go.jp/znk-web/juminkanja/S2430/initialize?prefCd=17&kikanCd=6225&kikanKbn=5", "url2": "http://www.costco.co.jp/p/locations/nonoichi" }, "geometry": { "type": "Point", "coordinates": [ 136.583909, 36.527923 ] } },
{ "type": "Feature", "properties": { "内容": "クスリのアオキ御経塚あやめ薬局【5:薬局】石川県野々市市御経塚三丁目１５９番地", "url": "https://www.iryou.teikyouseido.mhlw.go.jp/znk-web/juminkanja/S2430/initialize?prefCd=17&kikanCd=6226&kikanKbn=5", "url2": "https://www.kusuri-aoki.co.jp/" }, "geometry": { "type": "Point", "coordinates": [ 136.597331, 36.552438 ] } },
{ "type": "Feature", "properties": { "内容": "クスリのアオキ石同新町薬局【5:薬局】石川県白山市石同新町２７０番地", "url": "https://www.iryou.teikyouseido.mhlw.go.jp/znk-web/juminkanja/S2430/initialize?prefCd=17&kikanCd=6227&kikanKbn=5", "url2": "https://www.kusuri-aoki.co.jp/" }, "geometry": { "type": "Point", "coordinates": [ 136.56998, 36.518763 ] } },
{ "type": "Feature", "properties": { "内容": "木津ゆうゆう薬局【5:薬局】石川県かほく市木津へ１３－１", "url": "https://www.iryou.teikyouseido.mhlw.go.jp/znk-web/juminkanja/S2430/initialize?prefCd=17&kikanCd=6228&kikanKbn=5", "url2": "http://www.youyu-p.com/" }, "geometry": { "type": "Point", "coordinates": [ 136.706773, 36.752691 ] } },
{ "type": "Feature", "properties": { "内容": "加賀温泉駅前あおぞら薬局【5:薬局】石川県加賀市作見町リ２８番地１", "url": "https://www.iryou.teikyouseido.mhlw.go.jp/znk-web/juminkanja/S2430/initialize?prefCd=17&kikanCd=6229&kikanKbn=5", "url2": "http://www.granpharma.co.jp/" }, "geometry": { "type": "Point", "coordinates": [ 136.351495, 36.318882 ] } },
{ "type": "Feature", "properties": { "内容": "加賀たんぽぽ薬局【5:薬局】石川県加賀市作見町リ２９番地１", "url": "https://www.iryou.teikyouseido.mhlw.go.jp/znk-web/juminkanja/S2430/initialize?prefCd=17&kikanCd=6230&kikanKbn=5", "url2": "http://www.tanpopo-ph.co.jp/" }, "geometry": { "type": "Point", "coordinates": [ 136.351495, 36.318882 ] } },
{ "type": "Feature", "properties": { "内容": "箔山堂加賀温泉薬局【5:薬局】石川県加賀市作見町", "url": "https://www.iryou.teikyouseido.mhlw.go.jp/znk-web/juminkanja/S2430/initialize?prefCd=17&kikanCd=6232&kikanKbn=5", "url2": "http://www.nanzando.co.jp/" }, "geometry": { "type": "Point", "coordinates": [ 136.350272, 36.316747 ] } },
{ "type": "Feature", "properties": { "内容": "Ｖ・ｄｒｕｇ　直江薬局【5:薬局】石川県金沢市直江東１丁目１１０番", "url": "https://www.iryou.teikyouseido.mhlw.go.jp/znk-web/juminkanja/S2430/initialize?prefCd=17&kikanCd=6233&kikanKbn=5", "url2": "http://www.vdrug.co.jp/" }, "geometry": { "type": "Point", "coordinates": [ 136.63586, 36.612864 ] } },
{ "type": "Feature", "properties": { "内容": "香林坊あおぞら薬局【5:薬局】石川県金沢市片町１丁目１番１号", "url": "https://www.iryou.teikyouseido.mhlw.go.jp/znk-web/juminkanja/S2430/initialize?prefCd=17&kikanCd=6234&kikanKbn=5", "url2": "http://www.granpharma.co,jp/" }, "geometry": { "type": "Point", "coordinates": [ 136.782532, 36.862043 ] } },
{ "type": "Feature", "properties": { "内容": "ウエルシア薬局金沢大桑店【5:薬局】石川県金沢市大桑２丁目４７番地", "url": "https://www.iryou.teikyouseido.mhlw.go.jp/znk-web/juminkanja/S2430/initialize?prefCd=17&kikanCd=6235&kikanKbn=5", "url2": "www.welcia-yakkyoku.co.jp/" }, "geometry": { "type": "Point", "coordinates": [ 136.674072, 36.538339 ] } },
{ "type": "Feature", "properties": { "内容": "ウエルシア薬局白山鶴来店【5:薬局】石川県白山市知気寺町", "url": "https://www.iryou.teikyouseido.mhlw.go.jp/znk-web/juminkanja/S2430/initialize?prefCd=17&kikanCd=6236&kikanKbn=5", "url2": "https://stores.welcia.co.jp/8688D" }, "geometry": { "type": "Point", "coordinates": [ 136.600686, 36.480176 ] } },
{ "type": "Feature", "properties": { "内容": "クスリのアオキ浜北薬局【5:薬局】石川県かほく市浜北ロ９３番地１", "url": "https://www.iryou.teikyouseido.mhlw.go.jp/znk-web/juminkanja/S2430/initialize?prefCd=17&kikanCd=6237&kikanKbn=5", "url2": null }, "geometry": { "type": "Point", "coordinates": [ 136.704213, 36.731727 ] } },
{ "type": "Feature", "properties": { "内容": "クスリのアオキ新庄薬局【5:薬局】石川県野々市市新庄六丁目４５１番地", "url": "https://www.iryou.teikyouseido.mhlw.go.jp/znk-web/juminkanja/S2430/initialize?prefCd=17&kikanCd=6238&kikanKbn=5", "url2": "https://www.kusuri-aoki.co.jp/" }, "geometry": { "type": "Point", "coordinates": [ 136.607694, 36.507225 ] } },
{ "type": "Feature", "properties": { "内容": "瑠璃光薬局碁石ヶ峰登り口店【5:薬局】石川県羽咋市大町イ８－８", "url": "https://www.iryou.teikyouseido.mhlw.go.jp/znk-web/juminkanja/S2430/initialize?prefCd=17&kikanCd=6239&kikanKbn=5", "url2": "http://www.rurikou.jp" }, "geometry": { "type": "Point", "coordinates": [ 136.86578, 36.9353 ] } },
{ "type": "Feature", "properties": { "内容": "中央通町あおぞら薬局【5:薬局】石川県金沢市中央通町１１番５０号", "url": "https://www.iryou.teikyouseido.mhlw.go.jp/znk-web/juminkanja/S2430/initialize?prefCd=17&kikanCd=6240&kikanKbn=5", "url2": "http://www.granpharma.co.jp/" }, "geometry": { "type": "Point", "coordinates": [ 136.647717, 36.5641 ] } },
{ "type": "Feature", "properties": { "内容": "瑠璃光薬局西念店【5:薬局】石川県金沢市西念３丁目１６‐２３", "url": "https://www.iryou.teikyouseido.mhlw.go.jp/znk-web/juminkanja/S2430/initialize?prefCd=17&kikanCd=6241&kikanKbn=5", "url2": "http://rurikou.jp/index.html" }, "geometry": { "type": "Point", "coordinates": [ 136.637599, 36.588492 ] } },
{ "type": "Feature", "properties": { "内容": "ウエルシア薬局金沢木曳野店【5:薬局】石川県金沢市木曳野４丁目２２３番地", "url": "https://www.iryou.teikyouseido.mhlw.go.jp/znk-web/juminkanja/S2430/initialize?prefCd=17&kikanCd=6242&kikanKbn=5", "url2": "www.welcia-yakkyoku.co.jp/" }, "geometry": { "type": "Point", "coordinates": [ 136.601778, 36.603315 ] } },
{ "type": "Feature", "properties": { "内容": "高松ハート薬局【5:薬局】石川県かほく市高松ム６９番地１８", "url": "https://www.iryou.teikyouseido.mhlw.go.jp/znk-web/juminkanja/S2430/initialize?prefCd=17&kikanCd=6243&kikanKbn=5", "url2": "https://www.heart-pharmacy.jp/" }, "geometry": { "type": "Point", "coordinates": [ 136.721365, 36.771089 ] } },
{ "type": "Feature", "properties": { "内容": "ウエルシア薬局金沢直江店【5:薬局】石川県金沢市直江南１ー４４", "url": "https://www.iryou.teikyouseido.mhlw.go.jp/znk-web/juminkanja/S2430/initialize?prefCd=17&kikanCd=6244&kikanKbn=5", "url2": "www.welcia-yakkyoku.co.jp/" }, "geometry": { "type": "Point", "coordinates": [ 136.631792, 36.603953 ] } },
{ "type": "Feature", "properties": { "内容": "イオン薬局イオンスタイル新小松【5:薬局】石川県小松市清六町３１５番地", "url": "https://www.iryou.teikyouseido.mhlw.go.jp/znk-web/juminkanja/S2430/initialize?prefCd=17&kikanCd=6246&kikanKbn=5", "url2": "http://www.aeon.com/store/%E3%82%A4%E3%82%AA%E3%83%B3%2F%E3%82%A4%E3%82%AA%E3%83%B3%E3%82%B9%E3%82%BF%E3%82%A4%E3%83%AB%E6%96%B0%E5%B0%8F%E6%9D%BE%2F" }, "geometry": { "type": "Point", "coordinates": [ 136.467175, 36.395036 ] } },
{ "type": "Feature", "properties": { "内容": "和倉あおぞら薬局【5:薬局】石川県七尾市石崎町タ１６番１", "url": "https://www.iryou.teikyouseido.mhlw.go.jp/znk-web/juminkanja/S2430/initialize?prefCd=17&kikanCd=6248&kikanKbn=5", "url2": "http://www.granpharma.co.jp/" }, "geometry": { "type": "Point", "coordinates": [ 136.923986, 37.07649 ] } },
{ "type": "Feature", "properties": { "内容": "瑠璃光薬局　志雄店【5:薬局】石川県羽咋郡宝達志水町子浦ハ７－１", "url": "https://www.iryou.teikyouseido.mhlw.go.jp/znk-web/juminkanja/S2430/initialize?prefCd=17&kikanCd=6250&kikanKbn=5", "url2": "http://rurikou.jp" }, "geometry": { "type": "Point", "coordinates": [ 136.794076, 36.867164 ] } },
{ "type": "Feature", "properties": { "内容": "り～ど薬局【5:薬局】石川県金沢市笠舞３－２０", "url": "https://www.iryou.teikyouseido.mhlw.go.jp/znk-web/juminkanja/S2430/initialize?prefCd=17&kikanCd=6251&kikanKbn=5", "url2": "https://www.lead-life.com/" }, "geometry": { "type": "Point", "coordinates": [ 136.664806, 36.55253 ] } },
{ "type": "Feature", "properties": { "内容": "かほくあおば薬局【5:薬局】石川県かほく市内日角４丁目６９", "url": "https://www.iryou.teikyouseido.mhlw.go.jp/znk-web/juminkanja/S2430/initialize?prefCd=17&kikanCd=6252&kikanKbn=5", "url2": "https://www.add-vantage.jp/" }, "geometry": { "type": "Point", "coordinates": [ 136.699203, 36.710869 ] } },
{ "type": "Feature", "properties": { "内容": "アルプ薬局米泉店【5:薬局】石川県金沢市米泉町４丁目２３番地１", "url": "https://www.iryou.teikyouseido.mhlw.go.jp/znk-web/juminkanja/S2430/initialize?prefCd=17&kikanCd=6254&kikanKbn=5", "url2": "http://www.alp-grp.jp/" }, "geometry": { "type": "Point", "coordinates": [ 136.62336, 36.547137 ] } },
{ "type": "Feature", "properties": { "内容": "北陸薬局小松店【5:薬局】石川県小松市古河町１３２番地", "url": "https://www.iryou.teikyouseido.mhlw.go.jp/znk-web/juminkanja/S2430/initialize?prefCd=17&kikanCd=6255&kikanKbn=5", "url2": null }, "geometry": { "type": "Point", "coordinates": [ 136.44163, 36.404091 ] } },
{ "type": "Feature", "properties": { "内容": "ウエルシア薬局金沢出雲町店【5:薬局】石川県金沢市出雲町イ２２２番", "url": "https://www.iryou.teikyouseido.mhlw.go.jp/znk-web/juminkanja/S2430/initialize?prefCd=17&kikanCd=6257&kikanKbn=5", "url2": "www.welcia-yakkyoku.co.jp/" }, "geometry": { "type": "Point", "coordinates": [ 136.623284, 36.576812 ] } },
{ "type": "Feature", "properties": { "内容": "アルプ薬局美川店【5:薬局】石川県白山市美川中町ヲ３３番地１", "url": "https://www.iryou.teikyouseido.mhlw.go.jp/znk-web/juminkanja/S2430/initialize?prefCd=17&kikanCd=6258&kikanKbn=5", "url2": "http://www.alp-grp.jp/" }, "geometry": { "type": "Point", "coordinates": [ 136.483741, 36.486668 ] } },
{ "type": "Feature", "properties": { "内容": "クスリのアオキ伏見台薬局【5:薬局】石川県金沢市伏見台２丁目７番５号", "url": "https://www.iryou.teikyouseido.mhlw.go.jp/znk-web/juminkanja/S2430/initialize?prefCd=17&kikanCd=6259&kikanKbn=5", "url2": "https://www.kusuri-aoki.co.jp/" }, "geometry": { "type": "Point", "coordinates": [ 136.136544, 36.534356 ] } },
{ "type": "Feature", "properties": { "内容": "クスリのアオキ松任布市薬局【5:薬局】石川県白山市布市一丁目１７７番地１", "url": "https://www.iryou.teikyouseido.mhlw.go.jp/znk-web/juminkanja/S2430/initialize?prefCd=17&kikanCd=6262&kikanKbn=5", "url2": "http://www.kusuri-aoki.co.jp" }, "geometry": { "type": "Point", "coordinates": [ 136.572222, 36.52256 ] } },
{ "type": "Feature", "properties": { "内容": "クスリのアオキ高松北薬局【5:薬局】石川県かほく市高松ム５５番地１", "url": "https://www.iryou.teikyouseido.mhlw.go.jp/znk-web/juminkanja/S2430/initialize?prefCd=17&kikanCd=6263&kikanKbn=5", "url2": "https://www.kusuri-aoki.co.jp/" }, "geometry": { "type": "Point", "coordinates": [ 136.726177, 36.771904 ] } },
{ "type": "Feature", "properties": { "内容": "吉野谷コメヤ薬局【5:薬局】石川県白山市佐良ロ１３０番地", "url": "https://www.iryou.teikyouseido.mhlw.go.jp/znk-web/juminkanja/S2430/initialize?prefCd=17&kikanCd=6264&kikanKbn=5", "url2": "https://komeya-drug.com/" }, "geometry": { "type": "Point", "coordinates": [ 136.648073, 36.323872 ] } },
{ "type": "Feature", "properties": { "内容": "のまち薬局【5:薬局】石川県金沢市野町２丁目４番１１号", "url": "https://www.iryou.teikyouseido.mhlw.go.jp/znk-web/juminkanja/S2430/initialize?prefCd=17&kikanCd=6265&kikanKbn=5", "url2": "https://teiku.co.jp" }, "geometry": { "type": "Point", "coordinates": [ 136.646821, 36.554152 ] } },
{ "type": "Feature", "properties": { "内容": "川田薬局【5:薬局】石川県加賀市片山津温泉井１２", "url": "https://www.iryou.teikyouseido.mhlw.go.jp/znk-web/juminkanja/S2430/initialize?prefCd=17&kikanCd=6266&kikanKbn=5", "url2": "biofermin1210mk@gmail.com" }, "geometry": { "type": "Point", "coordinates": [ 136.368085, 36.342591 ] } },
{ "type": "Feature", "properties": { "内容": "アビオシティ加賀コメヤ薬局【5:薬局】石川県加賀市作見町ル２５－１　アビオシティ加賀内", "url": "https://www.iryou.teikyouseido.mhlw.go.jp/znk-web/juminkanja/S2430/initialize?prefCd=17&kikanCd=6268&kikanKbn=5", "url2": "https://komeya-drug.com" }, "geometry": { "type": "Point", "coordinates": [ 136.352382, 36.319796 ] } },
{ "type": "Feature", "properties": { "内容": "キリン堂金沢元町薬局【5:薬局】石川県金沢市元町２丁目６番１号", "url": "https://www.iryou.teikyouseido.mhlw.go.jp/znk-web/juminkanja/S2430/initialize?prefCd=17&kikanCd=6270&kikanKbn=5", "url2": "http://www.kirindo.co.jp/" }, "geometry": { "type": "Point", "coordinates": [ 136.39, 36.34 ] } },
{ "type": "Feature", "properties": { "内容": "井口まつだ薬局【5:薬局】石川県白山市井口町に７９－４", "url": "https://www.iryou.teikyouseido.mhlw.go.jp/znk-web/juminkanja/S2430/initialize?prefCd=17&kikanCd=6272&kikanKbn=5", "url2": null }, "geometry": { "type": "Point", "coordinates": [ 136.602196, 36.470958 ] } },
{ "type": "Feature", "properties": { "内容": "瑠璃光薬局疋田店【5:薬局】石川県金沢市疋田２丁目４５番", "url": "https://www.iryou.teikyouseido.mhlw.go.jp/znk-web/juminkanja/S2430/initialize?prefCd=17&kikanCd=6273&kikanKbn=5", "url2": "http://www.rurikou.jp" }, "geometry": { "type": "Point", "coordinates": [ 136.674059, 36.604083 ] } },
{ "type": "Feature", "properties": { "内容": "能登総合病院前あおぞら薬局【5:薬局】石川県七尾市藤橋町ア部６番地１９", "url": "https://www.iryou.teikyouseido.mhlw.go.jp/znk-web/juminkanja/S2430/initialize?prefCd=17&kikanCd=6275&kikanKbn=5", "url2": "http://www.granpharma.co.jp" }, "geometry": { "type": "Point", "coordinates": [ 136.94658, 37.045088 ] } },
{ "type": "Feature", "properties": { "内容": "アルプ薬局鹿島平店【5:薬局】石川県白山市鹿島平１１番地１１７", "url": "https://www.iryou.teikyouseido.mhlw.go.jp/znk-web/juminkanja/S2430/initialize?prefCd=17&kikanCd=6277&kikanKbn=5", "url2": "http://www.alp-grp.jp" }, "geometry": { "type": "Point", "coordinates": [ 136.507826, 36.505917 ] } },
{ "type": "Feature", "properties": { "内容": "泉丘らいふ薬局【5:薬局】石川県金沢市泉野出町４丁目２番３号", "url": "https://www.iryou.teikyouseido.mhlw.go.jp/znk-web/juminkanja/S2430/initialize?prefCd=17&kikanCd=6278&kikanKbn=5", "url2": "https://www.life-jp.com" }, "geometry": { "type": "Point", "coordinates": [ 136.647964, 36.535627 ] } },
{ "type": "Feature", "properties": { "内容": "キリン堂　長坂薬局【5:薬局】石川県金沢市長坂", "url": "https://www.iryou.teikyouseido.mhlw.go.jp/znk-web/juminkanja/S2430/initialize?prefCd=17&kikanCd=6280&kikanKbn=5", "url2": "https://www.kirindo.co.jp" }, "geometry": { "type": "Point", "coordinates": [ 136.657973, 36.538824 ] } },
{ "type": "Feature", "properties": { "内容": "白帆台プラス薬局【5:薬局】石川県河北郡内灘町白帆台２－１", "url": "https://www.iryou.teikyouseido.mhlw.go.jp/znk-web/juminkanja/S2430/initialize?prefCd=17&kikanCd=6281&kikanKbn=5", "url2": "http.//www.place.pharmacy.jp/" }, "geometry": { "type": "Point", "coordinates": [ 136.658122, 36.671744 ] } },
{ "type": "Feature", "properties": { "内容": "あいの風薬局【5:薬局】石川県鳳珠郡能登町宇出津山分２字１９番３", "url": "https://www.iryou.teikyouseido.mhlw.go.jp/znk-web/juminkanja/S2430/initialize?prefCd=17&kikanCd=6282&kikanKbn=5", "url2": "http//assist-ast.jp" }, "geometry": { "type": "Point", "coordinates": [ 137.152961, 37.307127 ] } },
{ "type": "Feature", "properties": { "内容": "クスリのアオキ本津幡薬局【5:薬局】石川県河北郡津幡町字清水ア２８番", "url": "https://www.iryou.teikyouseido.mhlw.go.jp/znk-web/juminkanja/S2430/initialize?prefCd=17&kikanCd=6283&kikanKbn=5", "url2": "https://www.kusuri-aoki.co.jp/" }, "geometry": { "type": "Point", "coordinates": [ 136.733733, 36.675433 ] } },
{ "type": "Feature", "properties": { "内容": "箔山堂小菅波薬局【5:薬局】石川県加賀市小菅波町１２１番地６", "url": "https://www.iryou.teikyouseido.mhlw.go.jp/znk-web/juminkanja/S2430/initialize?prefCd=17&kikanCd=6284&kikanKbn=5", "url2": "http://www.nanzando.co.jp" }, "geometry": { "type": "Point", "coordinates": [ 136.344228, 36.317497 ] } },
{ "type": "Feature", "properties": { "内容": "中森かいてき園町薬局【5:薬局】石川県小松市園町ホ１４０ー１", "url": "https://www.iryou.teikyouseido.mhlw.go.jp/znk-web/juminkanja/S2430/initialize?prefCd=17&kikanCd=6285&kikanKbn=5", "url2": "http.//www.kaiteki-01.jp/" }, "geometry": { "type": "Point", "coordinates": [ 136.460546, 36.407153 ] } },
{ "type": "Feature", "properties": { "内容": "グリーン直江中央薬局【5:薬局】石川県金沢市直江西１丁目９１番地", "url": "https://www.iryou.teikyouseido.mhlw.go.jp/znk-web/juminkanja/S2430/initialize?prefCd=17&kikanCd=6286&kikanKbn=5", "url2": "http.//www.green-tz.com/" }, "geometry": { "type": "Point", "coordinates": [ 136.635001, 36.612583 ] } },
{ "type": "Feature", "properties": { "内容": "クオール能登町薬局【5:薬局】石川県鳳珠郡能登町字松波１０－１０７－１", "url": "https://www.iryou.teikyouseido.mhlw.go.jp/znk-web/juminkanja/S2430/initialize?prefCd=17&kikanCd=6287&kikanKbn=5", "url2": "http//www.gol-net.co.jp/" }, "geometry": { "type": "Point", "coordinates": [ 137.244957, 37.356788 ] } },
{ "type": "Feature", "properties": { "内容": "てまり新田薬局【5:薬局】石川県白山市新田町２１７－１", "url": "https://www.iryou.teikyouseido.mhlw.go.jp/znk-web/juminkanja/S2430/initialize?prefCd=17&kikanCd=6288&kikanKbn=5", "url2": "https://spatel.co.jp/" }, "geometry": { "type": "Point", "coordinates": [ 136.572259, 36.534768 ] } },
{ "type": "Feature", "properties": { "内容": "てまり鳴和薬局【5:薬局】石川県金沢市鳴和１ー１６ー３３", "url": "https://www.iryou.teikyouseido.mhlw.go.jp/znk-web/juminkanja/S2430/initialize?prefCd=17&kikanCd=6289&kikanKbn=5", "url2": "https://spatel.co.jp" }, "geometry": { "type": "Point", "coordinates": [ 136.674577, 36.587253 ] } },
{ "type": "Feature", "properties": { "内容": "Ｖ・ｄｒｕｇ　鳴和薬局【5:薬局】石川県金沢市大樋町３－３", "url": "https://www.iryou.teikyouseido.mhlw.go.jp/znk-web/juminkanja/S2430/initialize?prefCd=17&kikanCd=6290&kikanKbn=5", "url2": "https//www.vdrug.co.jp/" }, "geometry": { "type": "Point", "coordinates": [ 136.676216, 36.587602 ] } },
{ "type": "Feature", "properties": { "内容": "あいう薬局　彦三店【5:薬局】石川県金沢市安江町３－２６", "url": "https://www.iryou.teikyouseido.mhlw.go.jp/znk-web/juminkanja/S2430/initialize?prefCd=17&kikanCd=6291&kikanKbn=5", "url2": null }, "geometry": { "type": "Point", "coordinates": [ 136.656214, 36.574665 ] } },
{ "type": "Feature", "properties": { "内容": "瑠璃光薬局　崎浦店【5:薬局】石川県金沢市小立野１丁目２番７号", "url": "https://www.iryou.teikyouseido.mhlw.go.jp/znk-web/juminkanja/S2430/initialize?prefCd=17&kikanCd=6292&kikanKbn=5", "url2": "http://www.rurikou.jp" }, "geometry": { "type": "Point", "coordinates": [ 136.680769, 36.545915 ] } },
{ "type": "Feature", "properties": { "内容": "共創未来　いそべ薬局【5:薬局】石川県金沢市磯部町ヌ３２ー１", "url": "https://www.iryou.teikyouseido.mhlw.go.jp/znk-web/juminkanja/S2430/initialize?prefCd=17&kikanCd=6293&kikanKbn=5", "url2": "http//www.phmirai.co.jp/shops/detail.pp?id=443" }, "geometry": { "type": "Point", "coordinates": [ 136.652597, 36.595718 ] } },
{ "type": "Feature", "properties": { "内容": "アルプ薬局黒田店【5:薬局】石川県金沢市黒田１丁目１８８番地２", "url": "https://www.iryou.teikyouseido.mhlw.go.jp/znk-web/juminkanja/S2430/initialize?prefCd=17&kikanCd=6294&kikanKbn=5", "url2": "www.alp-grp.jp" }, "geometry": { "type": "Point", "coordinates": [ 136.611514, 36.563223 ] } },
{ "type": "Feature", "properties": { "内容": "健伸薬局　金沢大学病院前店【5:薬局】石川県金沢市石引１丁目５－２１", "url": "https://www.iryou.teikyouseido.mhlw.go.jp/znk-web/juminkanja/S2430/initialize?prefCd=17&kikanCd=6296&kikanKbn=5", "url2": null }, "geometry": { "type": "Point", "coordinates": [ 136.67175, 36.556092 ] } },
{ "type": "Feature", "properties": { "内容": "クスリのアオキ堀内薬局【5:薬局】石川県野々市市堀内四丁目１４番地", "url": "https://www.iryou.teikyouseido.mhlw.go.jp/znk-web/juminkanja/S2430/initialize?prefCd=17&kikanCd=6297&kikanKbn=5", "url2": "https://www.kusuri-aoki.co.jp/" }, "geometry": { "type": "Point", "coordinates": [ 136.601254, 36.529767 ] } },
{ "type": "Feature", "properties": { "内容": "クスリのアオキ御影薬局【5:薬局】石川県金沢市神田１丁目１番５号", "url": "https://www.iryou.teikyouseido.mhlw.go.jp/znk-web/juminkanja/S2430/initialize?prefCd=17&kikanCd=6298&kikanKbn=5", "url2": "https://www.kusuri-aoki.co.jp/" }, "geometry": { "type": "Point", "coordinates": [ 136.639565, 36.561226 ] } },
{ "type": "Feature", "properties": { "内容": "たいせい薬局【5:薬局】石川県能美市大成町ル９８番２", "url": "https://www.iryou.teikyouseido.mhlw.go.jp/znk-web/juminkanja/S2430/initialize?prefCd=17&kikanCd=6299&kikanKbn=5", "url2": null }, "geometry": { "type": "Point", "coordinates": [ 136.458833, 36.447508 ] } },
{ "type": "Feature", "properties": { "内容": "スギ薬局　小松南店【5:薬局】石川県小松市大領町イ２１１番地１", "url": "https://www.iryou.teikyouseido.mhlw.go.jp/znk-web/juminkanja/S2430/initialize?prefCd=17&kikanCd=6301&kikanKbn=5", "url2": "https://www.sugi-net.jp/CGI/cms/mt-search=%E5%B0%8F%E6%9D%BE&IncludeBlogs=5&limit=20" }, "geometry": { "type": "Point", "coordinates": [ 136.451467, 36.389451 ] } },
{ "type": "Feature", "properties": { "内容": "瑠璃光薬局　朝霧台店【5:薬局】石川県金沢市朝霧台１丁目１７５番", "url": "https://www.iryou.teikyouseido.mhlw.go.jp/znk-web/juminkanja/S2430/initialize?prefCd=17&kikanCd=6302&kikanKbn=5", "url2": "http.//www.rurikou.jp" }, "geometry": { "type": "Point", "coordinates": [ 136.695139, 36.53604 ] } },
{ "type": "Feature", "properties": { "内容": "おぎ薬局【5:薬局】石川県鳳珠郡能登町字小木１５字２３番６", "url": "https://www.iryou.teikyouseido.mhlw.go.jp/znk-web/juminkanja/S2430/initialize?prefCd=17&kikanCd=6303&kikanKbn=5", "url2": "http://hans-pharmacy.co.jp" }, "geometry": { "type": "Point", "coordinates": [ 137.225909, 37.299559 ] } },
{ "type": "Feature", "properties": { "内容": "アルプ薬局寺町店【5:薬局】石川県金沢市寺町２丁目８番２－１号", "url": "https://www.iryou.teikyouseido.mhlw.go.jp/znk-web/juminkanja/S2430/initialize?prefCd=17&kikanCd=6305&kikanKbn=5", "url2": "http://www.alp-grp.jp/" }, "geometry": { "type": "Point", "coordinates": [ 136.656673, 36.549119 ] } },
{ "type": "Feature", "properties": { "内容": "八日市あおぞら薬局【5:薬局】石川県金沢市八日市４丁目３６４番地", "url": "https://www.iryou.teikyouseido.mhlw.go.jp/znk-web/juminkanja/S2430/initialize?prefCd=17&kikanCd=6306&kikanKbn=5", "url2": "http://www.grnpharma.co.jp/" }, "geometry": { "type": "Point", "coordinates": [ 136.608241, 36.554149 ] } },
{ "type": "Feature", "properties": { "内容": "泉が丘あおぞら薬局【5:薬局】石川県金沢市泉が丘２丁目１３番３９", "url": "https://www.iryou.teikyouseido.mhlw.go.jp/znk-web/juminkanja/S2430/initialize?prefCd=17&kikanCd=6307&kikanKbn=5", "url2": "https://www.granpharma.co.jp/" }, "geometry": { "type": "Point", "coordinates": [ 136.644353, 36.542778 ] } },
{ "type": "Feature", "properties": { "内容": "スギ薬局　野々市中央店【5:薬局】石川県野々市市白山町４３８番地", "url": "https://www.iryou.teikyouseido.mhlw.go.jp/znk-web/juminkanja/S2430/initialize?prefCd=17&kikanCd=6308&kikanKbn=5", "url2": "https://www.sugi-net.jp/tenpo/detail/1572.html" }, "geometry": { "type": "Point", "coordinates": [ 136.612924, 36.528853 ] } },
{ "type": "Feature", "properties": { "内容": "クスリのアオキラスパ白山薬局【5:薬局】石川県白山市倉光五丁目１４番地", "url": "https://www.iryou.teikyouseido.mhlw.go.jp/znk-web/juminkanja/S2430/initialize?prefCd=17&kikanCd=6310&kikanKbn=5", "url2": "https://www.kusuri-aoki.co.jp/" }, "geometry": { "type": "Point", "coordinates": [ 136.566537, 36.515731 ] } },
{ "type": "Feature", "properties": { "内容": "とくひさ泉本町薬局【5:薬局】石川県金沢市泉本町４－１１", "url": "https://www.iryou.teikyouseido.mhlw.go.jp/znk-web/juminkanja/S2430/initialize?prefCd=17&kikanCd=6311&kikanKbn=5", "url2": "https://tokuhisa.net" }, "geometry": { "type": "Point", "coordinates": [ 136.64041, 36.550896 ] } },
{ "type": "Feature", "properties": { "内容": "輪島あおぞら薬局【5:薬局】石川県　輪島市　山岸町　は２７番地", "url": "https://www.iryou.teikyouseido.mhlw.go.jp/znk-web/juminkanja/S2430/initialize?prefCd=17&kikanCd=6312&kikanKbn=5", "url2": "http://www.pranpharma.co.jp/" }, "geometry": { "type": "Point", "coordinates": [ 136.904911, 37.384616 ] } },
{ "type": "Feature", "properties": { "内容": "スギ薬局　石川県庁前店【5:薬局】石川県金沢市藤江北４丁目２８０番地", "url": "https://www.iryou.teikyouseido.mhlw.go.jp/znk-web/juminkanja/S2430/initialize?prefCd=17&kikanCd=6315&kikanKbn=5", "url2": "http://www.drug-sugi.co.jp/" }, "geometry": { "type": "Point", "coordinates": [ 136.621521, 36.591052 ] } },
{ "type": "Feature", "properties": { "内容": "スギ薬局　金沢昭和町店【5:薬局】石川県金沢市昭和町６番２３号", "url": "https://www.iryou.teikyouseido.mhlw.go.jp/znk-web/juminkanja/S2430/initialize?prefCd=17&kikanCd=6316&kikanKbn=5", "url2": "http://www.drug-sugi.co.jp/" }, "geometry": { "type": "Point", "coordinates": [ 136.646594, 36.573131 ] } },
{ "type": "Feature", "properties": { "内容": "薬局マツモトキヨシ　大額店【5:薬局】石川県金沢市大額", "url": "https://www.iryou.teikyouseido.mhlw.go.jp/znk-web/juminkanja/S2430/initialize?prefCd=17&kikanCd=6317&kikanKbn=5", "url2": null }, "geometry": { "type": "Point", "coordinates": [ 136.625525, 36.514834 ] } },
{ "type": "Feature", "properties": { "内容": "あゆみ薬局【5:薬局】石川県金沢市金石東１丁目４番９号", "url": "https://www.iryou.teikyouseido.mhlw.go.jp/znk-web/juminkanja/S2430/initialize?prefCd=17&kikanCd=6318&kikanKbn=5", "url2": null }, "geometry": { "type": "Point", "coordinates": [ 136.597497, 36.59962 ] } },
{ "type": "Feature", "properties": { "内容": "スギ薬局　野々市西店【5:薬局】石川県野々市市徳用３丁目２８１番地", "url": "https://www.iryou.teikyouseido.mhlw.go.jp/znk-web/juminkanja/S2430/initialize?prefCd=17&kikanCd=6319&kikanKbn=5", "url2": "https://www.drug-sugi.co.jp/" }, "geometry": { "type": "Point", "coordinates": [ 136.591779, 36.536396 ] } },
{ "type": "Feature", "properties": { "内容": "スギ薬局　畝田店【5:薬局】石川県　金沢市　畝田東４丁目１１１４番地", "url": "https://www.iryou.teikyouseido.mhlw.go.jp/znk-web/juminkanja/S2430/initialize?prefCd=17&kikanCd=6320&kikanKbn=5", "url2": "https://www.drug-sugi.co.jp/" }, "geometry": { "type": "Point", "coordinates": [ 136.614544, 36.599234 ] } },
{ "type": "Feature", "properties": { "内容": "矢崎らいふ薬局【5:薬局】石川県小松市矢崎町ハ１８０－１", "url": "https://www.iryou.teikyouseido.mhlw.go.jp/znk-web/juminkanja/S2430/initialize?prefCd=17&kikanCd=6321&kikanKbn=5", "url2": "https://hokuriku-qol.jp/" }, "geometry": { "type": "Point", "coordinates": [ 136.432057, 36.365477 ] } },
{ "type": "Feature", "properties": { "内容": "八日市おかだ薬局【5:薬局】石川県金沢市八日市４丁目３６８番地　Ｋ６コーポ１０３", "url": "https://www.iryou.teikyouseido.mhlw.go.jp/znk-web/juminkanja/S2430/initialize?prefCd=17&kikanCd=6323&kikanKbn=5", "url2": null }, "geometry": { "type": "Point", "coordinates": [ 136.608821, 36.549957 ] } },
{ "type": "Feature", "properties": { "内容": "ひまわり薬局【5:薬局】石川県河北郡津幡町北中条", "url": "https://www.iryou.teikyouseido.mhlw.go.jp/znk-web/juminkanja/S2430/initialize?prefCd=17&kikanCd=6324&kikanKbn=5", "url2": null }, "geometry": { "type": "Point", "coordinates": [ 136.728345, 36.660324 ] } },
{ "type": "Feature", "properties": { "内容": "和み薬局【5:薬局】石川県白山市藤木町１８番地", "url": "https://www.iryou.teikyouseido.mhlw.go.jp/znk-web/juminkanja/S2430/initialize?prefCd=17&kikanCd=6325&kikanKbn=5", "url2": "https://nagomiyakkyoku.co.jp" }, "geometry": { "type": "Point", "coordinates": [ 136.579731, 36.483635 ] } },
{ "type": "Feature", "properties": { "内容": "クスリのアオキ北安田南薬局【5:薬局】石川県白山市松任北安田南部地区土地区画整理事業地内２３街区５０番", "url": "https://www.iryou.teikyouseido.mhlw.go.jp/znk-web/juminkanja/S2430/initialize?prefCd=17&kikanCd=6326&kikanKbn=5", "url2": "https://www.kusuri-aoki.co.jp/" }, "geometry": { "type": "Point", "coordinates": [ 136.545622, 36.524989 ] } },
{ "type": "Feature", "properties": { "内容": "野々市ラン薬局【5:薬局】石川県野々市市中林", "url": "https://www.iryou.teikyouseido.mhlw.go.jp/znk-web/juminkanja/S2430/initialize?prefCd=17&kikanCd=6327&kikanKbn=5", "url2": "http://www.ran-yakkyoku.jp/" }, "geometry": { "type": "Point", "coordinates": [ 136.602304, 36.505785 ] } },
{ "type": "Feature", "properties": { "内容": "あさぎ薬局【5:薬局】石川県　金沢市　鳴和１－３－１２", "url": "https://www.iryou.teikyouseido.mhlw.go.jp/znk-web/juminkanja/S2430/initialize?prefCd=17&kikanCd=6328&kikanKbn=5", "url2": "https://asagi-pharmacy.com/" }, "geometry": { "type": "Point", "coordinates": [ 136.672677, 36.585698 ] } },
{ "type": "Feature", "properties": { "内容": "泉が丘みらい薬局【5:薬局】石川県金沢市泉が丘２丁目１４番２９号", "url": "https://www.iryou.teikyouseido.mhlw.go.jp/znk-web/juminkanja/S2430/initialize?prefCd=17&kikanCd=6329&kikanKbn=5", "url2": "https://mirai-pharmacy.com/stores" }, "geometry": { "type": "Point", "coordinates": [ 136.645048, 36.543429 ] } },
{ "type": "Feature", "properties": { "内容": "スギ薬局　神谷内店【5:薬局】石川県　金沢市　神谷内町ニ　２６番地", "url": "https://www.iryou.teikyouseido.mhlw.go.jp/znk-web/juminkanja/S2430/initialize?prefCd=17&kikanCd=6330&kikanKbn=5", "url2": "http://www.drug-sugi.co.jp/" }, "geometry": { "type": "Point", "coordinates": [ 136.679435, 36.599611 ] } },
{ "type": "Feature", "properties": { "内容": "アルプ薬局つばた店【5:薬局】石川県河北郡津幡町字御門い１４番地５", "url": "https://www.iryou.teikyouseido.mhlw.go.jp/znk-web/juminkanja/S2430/initialize?prefCd=17&kikanCd=6331&kikanKbn=5", "url2": "http://www.alp-grp.jp" }, "geometry": { "type": "Point", "coordinates": [ 136.727266, 36.696655 ] } },
{ "type": "Feature", "properties": { "内容": "クスリのアオキ　粟津薬局【5:薬局】石川県小松市矢田野町ヘ８２番地１", "url": "https://www.iryou.teikyouseido.mhlw.go.jp/znk-web/juminkanja/S2430/initialize?prefCd=17&kikanCd=6332&kikanKbn=5", "url2": "https://www.kusuri-aoki.co.jp/" }, "geometry": { "type": "Point", "coordinates": [ 136.423852, 36.348614 ] } },
{ "type": "Feature", "properties": { "内容": "クスリのアオキ潟端薬局【5:薬局】石川県河北郡津幡町字潟端４４７番地１", "url": "https://www.iryou.teikyouseido.mhlw.go.jp/znk-web/juminkanja/S2430/initialize?prefCd=17&kikanCd=6333&kikanKbn=5", "url2": "https://www.kusuri-aoki.co.jp/" }, "geometry": { "type": "Point", "coordinates": [ 136.708905, 36.655654 ] } },
{ "type": "Feature", "properties": { "内容": "ウエルシア薬局野々市横宮店【5:薬局】石川県野々市市横宮町３６番地１", "url": "https://www.iryou.teikyouseido.mhlw.go.jp/znk-web/juminkanja/S2430/initialize?prefCd=17&kikanCd=6334&kikanKbn=5", "url2": "www.welcia-yakkyoku.co.jp" }, "geometry": { "type": "Point", "coordinates": [ 136.615183, 36.53372 ] } },
{ "type": "Feature", "properties": { "内容": "スギ薬局　金沢大手町店【5:薬局】石川県金沢市大手町９ー２３", "url": "https://www.iryou.teikyouseido.mhlw.go.jp/znk-web/juminkanja/S2430/initialize?prefCd=17&kikanCd=6335&kikanKbn=5", "url2": "https://www.sugi-net.jp/tenpo/detail/1575.html" }, "geometry": { "type": "Point", "coordinates": [ 136.664092, 36.56849 ] } },
{ "type": "Feature", "properties": { "内容": "スギ薬局　久安店【5:薬局】石川県金沢市久安１－５２０", "url": "https://www.iryou.teikyouseido.mhlw.go.jp/znk-web/juminkanja/S2430/initialize?prefCd=17&kikanCd=6336&kikanKbn=5", "url2": "http://www.drug-sugi.co.jp/" }, "geometry": { "type": "Point", "coordinates": [ 136.633314, 36.534217 ] } },
{ "type": "Feature", "properties": { "内容": "スギ薬局　武蔵町店【5:薬局】石川県金沢市武蔵町１６番３２号", "url": "https://www.iryou.teikyouseido.mhlw.go.jp/znk-web/juminkanja/S2430/initialize?prefCd=17&kikanCd=6337&kikanKbn=5", "url2": "https://www.sugi-net.jp/tenpo/detail/1503.html" }, "geometry": { "type": "Point", "coordinates": [ 136.653977, 36.573267 ] } },
{ "type": "Feature", "properties": { "内容": "医科大前たんぽぽ薬局【5:薬局】石川県河北郡内灘町大学１丁目１番地", "url": "https://www.iryou.teikyouseido.mhlw.go.jp/znk-web/juminkanja/S2430/initialize?prefCd=17&kikanCd=6339&kikanKbn=5", "url2": "https://tanpopo-ph.co.jp" }, "geometry": { "type": "Point", "coordinates": [ 136.7568, 36.657442 ] } },
{ "type": "Feature", "properties": { "内容": "ファーマライズ薬局　金沢医科大店【5:薬局】石川県河北郡内灘町大学１丁目１番地", "url": "https://www.iryou.teikyouseido.mhlw.go.jp/znk-web/juminkanja/S2430/initialize?prefCd=17&kikanCd=6341&kikanKbn=5", "url2": "https://www.pharmarise.com/" }, "geometry": { "type": "Point", "coordinates": [ 136.646938, 36.657718 ] } },
{ "type": "Feature", "properties": { "内容": "はこみや薬局【5:薬局】石川県加賀市箱宮町ム１０４－１", "url": "https://www.iryou.teikyouseido.mhlw.go.jp/znk-web/juminkanja/S2430/initialize?prefCd=17&kikanCd=6343&kikanKbn=5", "url2": null }, "geometry": { "type": "Point", "coordinates": [ 136.410676, 36.32848 ] } },
{ "type": "Feature", "properties": { "内容": "Ｖ・ｄｒｕｇ　小松東薬局【5:薬局】石川県小松市若杉町３０１", "url": "https://www.iryou.teikyouseido.mhlw.go.jp/znk-web/juminkanja/S2430/initialize?prefCd=17&kikanCd=6344&kikanKbn=5", "url2": "https://www.vdrug.co.jp" }, "geometry": { "type": "Point", "coordinates": [ 136.479588, 36.396836 ] } },
{ "type": "Feature", "properties": { "内容": "綿谷小作薬局【5:薬局】石川県金沢市東山１－２－２", "url": "https://www.iryou.teikyouseido.mhlw.go.jp/znk-web/juminkanja/S2430/initialize?prefCd=17&kikanCd=6345&kikanKbn=5", "url2": null }, "geometry": { "type": "Point", "coordinates": [ 136.665122, 36.572765 ] } },
{ "type": "Feature", "properties": { "内容": "ウエルシア薬局加賀山代温泉店【5:薬局】石川県加賀市山代温泉山背台二丁目１番地１", "url": "https://www.iryou.teikyouseido.mhlw.go.jp/znk-web/juminkanja/S2430/initialize?prefCd=17&kikanCd=6346&kikanKbn=5", "url2": "www.welcia-yakkyoku.co.jp" }, "geometry": { "type": "Point", "coordinates": [ 136.356642, 36.291052 ] } },
{ "type": "Feature", "properties": { "内容": "スギ薬局　片町きらら店【5:薬局】石川県金沢市片町二丁目２番２号　片町きらら１階", "url": "https://www.iryou.teikyouseido.mhlw.go.jp/znk-web/juminkanja/S2430/initialize?prefCd=17&kikanCd=6348&kikanKbn=5", "url2": "https://www.sugi-net.jp/tenpo/detail/1668.html" }, "geometry": { "type": "Point", "coordinates": [ 136.652519, 36.560634 ] } },
{ "type": "Feature", "properties": { "内容": "スギ薬局　小松中央店【5:薬局】石川県小松市日の出町２丁目１６５番地", "url": "https://www.iryou.teikyouseido.mhlw.go.jp/znk-web/juminkanja/S2430/initialize?prefCd=17&kikanCd=6349&kikanKbn=5", "url2": "https://www.sugi-net.jp/tenpo/detail/1627.html" }, "geometry": { "type": "Point", "coordinates": [ 136.458204, 36.401538 ] } },
{ "type": "Feature", "properties": { "内容": "スギ薬局　元車店【5:薬局】石川県金沢市長町三丁目２番１８号", "url": "https://www.iryou.teikyouseido.mhlw.go.jp/znk-web/juminkanja/S2430/initialize?prefCd=17&kikanCd=6350&kikanKbn=5", "url2": "https://www.sugi-net.jp/tenpo/detail/1614.html" }, "geometry": { "type": "Point", "coordinates": [ 136.645449, 36.566129 ] } },
{ "type": "Feature", "properties": { "内容": "スギ薬局　金沢駅西店【5:薬局】石川県金沢市駅西本町", "url": "https://www.iryou.teikyouseido.mhlw.go.jp/znk-web/juminkanja/S2430/initialize?prefCd=17&kikanCd=6351&kikanKbn=5", "url2": "https://www.sugi-net.jp/tenpo/detail/1612.html" }, "geometry": { "type": "Point", "coordinates": [ 136.637496, 36.584593 ] } },
{ "type": "Feature", "properties": { "内容": "金澤ひがしやま薬局【5:薬局】石川県金沢市東山３丁目５－２３", "url": "https://www.iryou.teikyouseido.mhlw.go.jp/znk-web/juminkanja/S2430/initialize?prefCd=17&kikanCd=6352&kikanKbn=5", "url2": null }, "geometry": { "type": "Point", "coordinates": [ 136.66682, 36.575284 ] } },
{ "type": "Feature", "properties": { "内容": "粟津ゆうゆう薬局【5:薬局】石川県小松市矢崎町ネ４７", "url": "https://www.iryou.teikyouseido.mhlw.go.jp/znk-web/juminkanja/S2430/initialize?prefCd=17&kikanCd=6354&kikanKbn=5", "url2": "http://www.youyu-p.com/" }, "geometry": { "type": "Point", "coordinates": [ 136.431316, 36.364332 ] } },
{ "type": "Feature", "properties": { "内容": "オーサム薬局【5:薬局】石川県金沢市新保本４丁目６５番地１６", "url": "https://www.iryou.teikyouseido.mhlw.go.jp/znk-web/juminkanja/S2430/initialize?prefCd=17&kikanCd=6355&kikanKbn=5", "url2": null }, "geometry": { "type": "Point", "coordinates": [ 136.603841, 36.558992 ] } },
{ "type": "Feature", "properties": { "内容": "てまり山代薬局【5:薬局】石川県加賀市山代温泉北部３－７３", "url": "https://www.iryou.teikyouseido.mhlw.go.jp/znk-web/juminkanja/S2430/initialize?prefCd=17&kikanCd=6357&kikanKbn=5", "url2": "https//spatel.co.jp" }, "geometry": { "type": "Point", "coordinates": [ 136.359626, 36.296676 ] } },
{ "type": "Feature", "properties": { "内容": "クスリのアオキ　横江薬局【5:薬局】石川県白山市横江町５２１９番地", "url": "https://www.iryou.teikyouseido.mhlw.go.jp/znk-web/juminkanja/S2430/initialize?prefCd=17&kikanCd=6358&kikanKbn=5", "url2": "https://www.kusuri-aoki.co.jp/" }, "geometry": { "type": "Point", "coordinates": [ 136.585317, 36.543113 ] } },
{ "type": "Feature", "properties": { "内容": "ウエルシア薬局内灘店【5:薬局】石川県河北郡内灘町字向粟崎１丁目４４８番地", "url": "https://www.iryou.teikyouseido.mhlw.go.jp/znk-web/juminkanja/S2430/initialize?prefCd=17&kikanCd=6359&kikanKbn=5", "url2": "www.welcia-yakkyoku.co.jp" }, "geometry": { "type": "Point", "coordinates": [ 136.635225, 36.631726 ] } },
{ "type": "Feature", "properties": { "内容": "クスリのアオキ西念薬局【5:薬局】石川県金沢市西念３丁目１４番１２号", "url": "https://www.iryou.teikyouseido.mhlw.go.jp/znk-web/juminkanja/S2430/initialize?prefCd=17&kikanCd=6360&kikanKbn=5", "url2": "https://www.kusuri-aoki.co.jp" }, "geometry": { "type": "Point", "coordinates": [ 136.639189, 36.588176 ] } },
{ "type": "Feature", "properties": { "内容": "クスリのアオキ蓮花寺薬局【5:薬局】石川県野々市市蓮花寺町４７街区２０番", "url": "https://www.iryou.teikyouseido.mhlw.go.jp/znk-web/juminkanja/S2430/initialize?prefCd=17&kikanCd=6361&kikanKbn=5", "url2": "https://www.kusuri-aoki.co.jp" }, "geometry": { "type": "Point", "coordinates": [ 136.593691, 36.527546 ] } },
{ "type": "Feature", "properties": { "内容": "スギ薬局　金沢泉本町店【5:薬局】石川県金沢市泉本町３丁目９１番地", "url": "https://www.iryou.teikyouseido.mhlw.go.jp/znk-web/juminkanja/S2430/initialize?prefCd=17&kikanCd=6362&kikanKbn=5", "url2": "http://www.drug-sugi.co.jp/" }, "geometry": { "type": "Point", "coordinates": [ 136.632447, 36.55124 ] } },
{ "type": "Feature", "properties": { "内容": "スギ薬局　西金沢店【5:薬局】石川県金沢市西金沢１丁目１９６番地１", "url": "https://www.iryou.teikyouseido.mhlw.go.jp/znk-web/juminkanja/S2430/initialize?prefCd=17&kikanCd=6363&kikanKbn=5", "url2": "http://www.sugi-net.jp/tenpo/detail/1628.html" }, "geometry": { "type": "Point", "coordinates": [ 136.614429, 36.552706 ] } },
{ "type": "Feature", "properties": { "内容": "イオン薬局イオンスタイル白山【5:薬局】石川県白山市横江町５００１番地", "url": "https://www.iryou.teikyouseido.mhlw.go.jp/znk-web/juminkanja/S2430/initialize?prefCd=17&kikanCd=6364&kikanKbn=5", "url2": null }, "geometry": { "type": "Point", "coordinates": [ 136.585309, 36.543113 ] } },
{ "type": "Feature", "properties": { "内容": "ウエルシア薬局イオンモール白山店【5:薬局】石川県白山市横江町５００１番地　イオンモール白山　２階", "url": "https://www.iryou.teikyouseido.mhlw.go.jp/znk-web/juminkanja/S2430/initialize?prefCd=17&kikanCd=6365&kikanKbn=5", "url2": "http://i-search.pref.ishikawajp/www.welcia-yakkyoku.co.jp" }, "geometry": { "type": "Point", "coordinates": [ 136.585309, 36.543113 ] } },
{ "type": "Feature", "properties": { "内容": "クスリのアオキ東力薬局【5:薬局】石川県金沢市東力四丁目４５番地", "url": "https://www.iryou.teikyouseido.mhlw.go.jp/znk-web/juminkanja/S2430/initialize?prefCd=17&kikanCd=6366&kikanKbn=5", "url2": "https://www.kusuri-aoki.co.jp" }, "geometry": { "type": "Point", "coordinates": [ 136.621949, 36.563942 ] } },
{ "type": "Feature", "properties": { "内容": "クスリのアオキ藤江南薬局【5:薬局】石川県金沢市藤江南３丁目７５番地４", "url": "https://www.iryou.teikyouseido.mhlw.go.jp/znk-web/juminkanja/S2430/initialize?prefCd=17&kikanCd=6367&kikanKbn=5", "url2": "https://www.kusuri-aoki.co.jp" }, "geometry": { "type": "Point", "coordinates": [ 136.619069, 36.58745 ] } },
{ "type": "Feature", "properties": { "内容": "クスリのアオキ桂薬局【5:薬局】石川県金沢市桂町イ１２２番地３", "url": "https://www.iryou.teikyouseido.mhlw.go.jp/znk-web/juminkanja/S2430/initialize?prefCd=17&kikanCd=6368&kikanKbn=5", "url2": "https://www.kusuri-aoki.co.jp" }, "geometry": { "type": "Point", "coordinates": [ 136.605473, 36.604753 ] } },
{ "type": "Feature", "properties": { "内容": "北陸薬局【5:薬局】石川県金沢市神谷内町ハ２３番地５", "url": "https://www.iryou.teikyouseido.mhlw.go.jp/znk-web/juminkanja/S2430/initialize?prefCd=17&kikanCd=6369&kikanKbn=5", "url2": null }, "geometry": { "type": "Point", "coordinates": [ 136.676648, 36.599316 ] } },
{ "type": "Feature", "properties": { "内容": "クスリのアオキサンパーク辰口薬局【5:薬局】石川県能美市辰口町５０５番地", "url": "https://www.iryou.teikyouseido.mhlw.go.jp/znk-web/juminkanja/S2430/initialize?prefCd=17&kikanCd=6370&kikanKbn=5", "url2": "https://www.kusuri-aoki.co.jp/" }, "geometry": { "type": "Point", "coordinates": [ 136.547249, 36.442728 ] } },
{ "type": "Feature", "properties": { "内容": "てまり薬局武蔵店【5:薬局】石川県金沢市安江町１４－１－１０２", "url": "https://www.iryou.teikyouseido.mhlw.go.jp/znk-web/juminkanja/S2430/initialize?prefCd=17&kikanCd=6371&kikanKbn=5", "url2": "https://spatel.co.jp" }, "geometry": { "type": "Point", "coordinates": [ 136.653619, 36.574449 ] } },
{ "type": "Feature", "properties": { "内容": "スギ薬局　七尾南店【5:薬局】石川県七尾市国分町子４０番地１", "url": "https://www.iryou.teikyouseido.mhlw.go.jp/znk-web/juminkanja/S2430/initialize?prefCd=17&kikanCd=6372&kikanKbn=5", "url2": "https://www.sugi-net.jp/tenpo/detail/1722.html" }, "geometry": { "type": "Point", "coordinates": [ 136.937768, 37.038247 ] } },
{ "type": "Feature", "properties": { "内容": "てまり薬局　能美根上駅前店【5:薬局】石川県能美市大成町ト１１９－５", "url": "https://www.iryou.teikyouseido.mhlw.go.jp/znk-web/juminkanja/S2430/initialize?prefCd=17&kikanCd=6373&kikanKbn=5", "url2": "http://spatel.co.jp" }, "geometry": { "type": "Point", "coordinates": [ 136.460435, 36.452416 ] } },
{ "type": "Feature", "properties": { "内容": "スギ薬局　鞍月店【5:薬局】石川県金沢市割出町６３１番地", "url": "https://www.iryou.teikyouseido.mhlw.go.jp/znk-web/juminkanja/S2430/initialize?prefCd=17&kikanCd=6374&kikanKbn=5", "url2": "https://www.sugi-net.jp/tenpo/detail/1757.html" }, "geometry": { "type": "Point", "coordinates": [ 136.637684, 36.599881 ] } },
{ "type": "Feature", "properties": { "内容": "フラワー薬局南ケ丘病院店【5:薬局】石川県野々市市蓮花寺町５６－２", "url": "https://www.iryou.teikyouseido.mhlw.go.jp/znk-web/juminkanja/S2430/initialize?prefCd=17&kikanCd=6376&kikanKbn=5", "url2": "http://flower-yakkyoku.jp/" }, "geometry": { "type": "Point", "coordinates": [ 136.594394, 36.526755 ] } },
{ "type": "Feature", "properties": { "内容": "スギ薬局　野々市堀内店【5:薬局】石川県野々市市西部中央土地区画整理事業施行地区３１街区１番", "url": "https://www.iryou.teikyouseido.mhlw.go.jp/znk-web/juminkanja/S2430/initialize?prefCd=17&kikanCd=6377&kikanKbn=5", "url2": "https://www.sugi-net.jp/tenpo/detail/1586.html" }, "geometry": { "type": "Point", "coordinates": [ 136.594209, 36.527522 ] } },
{ "type": "Feature", "properties": { "内容": "このは薬局【5:薬局】石川県金沢市高尾南３丁目１０９番地", "url": "https://www.iryou.teikyouseido.mhlw.go.jp/znk-web/juminkanja/S2430/initialize?prefCd=17&kikanCd=6378&kikanKbn=5", "url2": null }, "geometry": { "type": "Point", "coordinates": [ 136.626667, 36.518367 ] } },
{ "type": "Feature", "properties": { "内容": "北町ラン薬局【5:薬局】石川県金沢市駅西本町６－１４－５", "url": "https://www.iryou.teikyouseido.mhlw.go.jp/znk-web/juminkanja/S2430/initialize?prefCd=17&kikanCd=6379&kikanKbn=5", "url2": "http://www.ran-yakkyoku.jp/" }, "geometry": { "type": "Point", "coordinates": [ 136.626038, 36.585463 ] } },
{ "type": "Feature", "properties": { "内容": "とよほ薬局【5:薬局】石川県金沢市豊穂町２番", "url": "https://www.iryou.teikyouseido.mhlw.go.jp/znk-web/juminkanja/S2430/initialize?prefCd=17&kikanCd=6381&kikanKbn=5", "url2": "https://www.amall.co.jp/store/195" }, "geometry": { "type": "Point", "coordinates": [ 136.589315, 36.570206 ] } },
{ "type": "Feature", "properties": { "内容": "り～ど薬局　入江店【5:薬局】石川県金沢市入江３丁目１６０番地１", "url": "https://www.iryou.teikyouseido.mhlw.go.jp/znk-web/juminkanja/S2430/initialize?prefCd=17&kikanCd=6382&kikanKbn=5", "url2": "https://www.lead-life.com/" }, "geometry": { "type": "Point", "coordinates": [ 136.622657, 36.568375 ] } },
{ "type": "Feature", "properties": { "内容": "Ｖ・ｄｒｕｇ　津幡中須加薬局【5:薬局】石川県河北郡津幡町字中須加ろ５３－１", "url": "https://www.iryou.teikyouseido.mhlw.go.jp/znk-web/juminkanja/S2430/initialize?prefCd=17&kikanCd=6383&kikanKbn=5", "url2": "https://www.vdrug.co.jp/" }, "geometry": { "type": "Point", "coordinates": [ 136.725762, 36.671775 ] } },
{ "type": "Feature", "properties": { "内容": "ピスコとくもと薬局【5:薬局】石川県野々市市徳用二丁目８番地", "url": "https://www.iryou.teikyouseido.mhlw.go.jp/znk-web/juminkanja/S2430/initialize?prefCd=17&kikanCd=6384&kikanKbn=5", "url2": "http://www.unismile.co.jp" }, "geometry": { "type": "Point", "coordinates": [ 136.590137, 36.532392 ] } },
{ "type": "Feature", "properties": { "内容": "アルプ薬局野々市店【5:薬局】石川県野々市市田尻町（野々市市西部中央土地区画整理地２０街区４－１）", "url": "https://www.iryou.teikyouseido.mhlw.go.jp/znk-web/juminkanja/S2430/initialize?prefCd=17&kikanCd=6387&kikanKbn=5", "url2": "http://www.alp-grp.jp" }, "geometry": { "type": "Point", "coordinates": [ 136.6006558, 36.5269303 ] } },
{ "type": "Feature", "properties": { "内容": "アルプ薬局七尾万行店【5:薬局】石川県七尾市万行２丁目６５番地", "url": "https://www.iryou.teikyouseido.mhlw.go.jp/znk-web/juminkanja/S2430/initialize?prefCd=17&kikanCd=6388&kikanKbn=5", "url2": "http://www.alp-grp.jp" }, "geometry": { "type": "Point", "coordinates": [ 136.989105, 37.047766 ] } },
{ "type": "Feature", "properties": { "内容": "青い森薬局　倉光店【5:薬局】石川県白山市倉光七丁目４０番２", "url": "https://www.iryou.teikyouseido.mhlw.go.jp/znk-web/juminkanja/S2430/initialize?prefCd=17&kikanCd=6391&kikanKbn=5", "url2": "http://www.aoimori-ph.com" }, "geometry": { "type": "Point", "coordinates": [ 136.569853, 36.515803 ] } },
{ "type": "Feature", "properties": { "内容": "シーグリーン薬局【5:薬局】石川県かほく市松浜イ２１番地９", "url": "https://www.iryou.teikyouseido.mhlw.go.jp/znk-web/juminkanja/S2430/initialize?prefCd=17&kikanCd=6392&kikanKbn=5", "url2": null }, "geometry": { "type": "Point", "coordinates": [ 136.707654, 36.74368 ] } },
{ "type": "Feature", "properties": { "内容": "グリーン野々市薬局【5:薬局】石川県野々市市三納３丁目１０９番２", "url": "https://www.iryou.teikyouseido.mhlw.go.jp/znk-web/juminkanja/S2430/initialize?prefCd=17&kikanCd=6393&kikanKbn=5", "url2": "http://www.green-tz.com/" }, "geometry": { "type": "Point", "coordinates": [ 136.610342, 36.523779 ] } },
{ "type": "Feature", "properties": { "内容": "こまつ調剤薬局【5:薬局】石川県小松市符津町ム１１４番", "url": "https://www.iryou.teikyouseido.mhlw.go.jp/znk-web/juminkanja/S2430/initialize?prefCd=17&kikanCd=6394&kikanKbn=5", "url2": null }, "geometry": { "type": "Point", "coordinates": [ 136.428506, 36.358781 ] } },
{ "type": "Feature", "properties": { "内容": "クスリのアオキ鳴和薬局【5:薬局】石川県金沢市鳴和１丁目１－１６", "url": "https://www.iryou.teikyouseido.mhlw.go.jp/znk-web/juminkanja/S2430/initialize?prefCd=17&kikanCd=6395&kikanKbn=5", "url2": "https://www.kusuri-aoki.co.jp/" }, "geometry": { "type": "Point", "coordinates": [ 136.672495, 36.584723 ] } },
{ "type": "Feature", "properties": { "内容": "クスリのアオキ志賀高浜薬局【5:薬局】石川県羽咋郡志賀町高浜町ヤの２３５番地１", "url": "https://www.iryou.teikyouseido.mhlw.go.jp/znk-web/juminkanja/S2430/initialize?prefCd=17&kikanCd=6396&kikanKbn=5", "url2": "https://www.kusuri-aoki.co.jp/" }, "geometry": { "type": "Point", "coordinates": [ 136.779612, 37.001716 ] } },
{ "type": "Feature", "properties": { "内容": "クスリのアオキ作見薬局【5:薬局】石川県加賀市作見町ニ８３番地１", "url": "https://www.iryou.teikyouseido.mhlw.go.jp/znk-web/juminkanja/S2430/initialize?prefCd=17&kikanCd=6397&kikanKbn=5", "url2": "https://www.kusuri-aoki.co.jp/" }, "geometry": { "type": "Point", "coordinates": [ 136.357708, 36.318199 ] } },
{ "type": "Feature", "properties": { "内容": "桜町あおぞら薬局【5:薬局】石川県金沢市桜町１９番２３号", "url": "https://www.iryou.teikyouseido.mhlw.go.jp/znk-web/juminkanja/S2430/initialize?prefCd=17&kikanCd=6398&kikanKbn=5", "url2": "http://www.granpharma.co.jp" }, "geometry": { "type": "Point", "coordinates": [ 136.677536, 36.561183 ] } },
{ "type": "Feature", "properties": { "内容": "クスリのアオキ泉野出町薬局【5:薬局】石川県金沢市泉野出町４丁目１３番３１号", "url": "https://www.iryou.teikyouseido.mhlw.go.jp/znk-web/juminkanja/S2430/initialize?prefCd=17&kikanCd=6399&kikanKbn=5", "url2": "https://www.kusuri-aoki.co.jp" }, "geometry": { "type": "Point", "coordinates": [ 136.650494, 36.535051 ] } },
{ "type": "Feature", "properties": { "内容": "スギ薬局　金沢有松店【5:薬局】石川県金沢市有松二丁目５番６号", "url": "https://www.iryou.teikyouseido.mhlw.go.jp/znk-web/juminkanja/S2430/initialize?prefCd=17&kikanCd=6400&kikanKbn=5", "url2": "https://www.drug-sugi.co.jp/" }, "geometry": { "type": "Point", "coordinates": [ 136.640086, 36.54205 ] } },
{ "type": "Feature", "properties": { "内容": "ナオミヤ薬局【5:薬局】石川県白山市井口町ろ５８－３", "url": "https://www.iryou.teikyouseido.mhlw.go.jp/znk-web/juminkanja/S2430/initialize?prefCd=17&kikanCd=6401&kikanKbn=5", "url2": "https://www.naomiya.jp" }, "geometry": { "type": "Point", "coordinates": [ 136.601385, 36.475305 ] } },
{ "type": "Feature", "properties": { "内容": "クスリのアオキ穴水川島薬局【5:薬局】石川県鳳珠郡穴水町字川島レの２４番地１", "url": "https://www.iryou.teikyouseido.mhlw.go.jp/znk-web/juminkanja/S2430/initialize?prefCd=17&kikanCd=6402&kikanKbn=5", "url2": "https://www.kusuri-aoki.co.jp/" }, "geometry": { "type": "Point", "coordinates": [ 136.907763, 37.233041 ] } },
{ "type": "Feature", "properties": { "内容": "サンライトあかり薬局【5:薬局】石川県金沢市近岡町３８１番地大阪屋ショップ近岡店内", "url": "https://www.iryou.teikyouseido.mhlw.go.jp/znk-web/juminkanja/S2430/initialize?prefCd=17&kikanCd=6403&kikanKbn=5", "url2": "https://accesslife.co.jp/" }, "geometry": { "type": "Point", "coordinates": [ 136.633062, 36.611628 ] } },
{ "type": "Feature", "properties": { "内容": "向日葵薬局【5:薬局】石川県金沢市近岡町４２８番地１", "url": "https://www.iryou.teikyouseido.mhlw.go.jp/znk-web/juminkanja/S2430/initialize?prefCd=17&kikanCd=6404&kikanKbn=5", "url2": "http://hans-pharmacy.co.jp/" }, "geometry": { "type": "Point", "coordinates": [ 136.631209, 36.610492 ] } },
{ "type": "Feature", "properties": { "内容": "ゆうやけ薬局【5:薬局】石川県金沢市直江西一丁目２４－１", "url": "https://www.iryou.teikyouseido.mhlw.go.jp/znk-web/juminkanja/S2430/initialize?prefCd=17&kikanCd=6405&kikanKbn=5", "url2": null }, "geometry": { "type": "Point", "coordinates": [ 136.635142, 36.611819 ] } },
{ "type": "Feature", "properties": { "内容": "アイン薬局七尾店【5:薬局】石川県七尾市府中町２１１－２", "url": "https://www.iryou.teikyouseido.mhlw.go.jp/znk-web/juminkanja/S2430/initialize?prefCd=17&kikanCd=6406&kikanKbn=5", "url2": "https://store.ainj.co.jp/detail/1101590/" }, "geometry": { "type": "Point", "coordinates": [ 136.967528, 37.048083 ] } },
{ "type": "Feature", "properties": { "内容": "おひさま薬局【5:薬局】石川県金沢市疋田１丁目２１５番地", "url": "https://www.iryou.teikyouseido.mhlw.go.jp/znk-web/juminkanja/S2430/initialize?prefCd=17&kikanCd=6407&kikanKbn=5", "url2": "https://ohisama-pharmacyjimdofree.com" }, "geometry": { "type": "Point", "coordinates": [ 136.673302, 36.602898 ] } },
{ "type": "Feature", "properties": { "内容": "クスリのアオキ松任新旭薬局【5:薬局】石川県白山市新田町３５番地１", "url": "https://www.iryou.teikyouseido.mhlw.go.jp/znk-web/juminkanja/S2430/initialize?prefCd=17&kikanCd=6408&kikanKbn=5", "url2": "https://www.kusuri-aoki.co.jp" }, "geometry": { "type": "Point", "coordinates": [ 136.568803, 36.535371 ] } },
{ "type": "Feature", "properties": { "内容": "薬局トモズ　京町店【5:薬局】石川県金沢市京町１番３３号", "url": "https://www.iryou.teikyouseido.mhlw.go.jp/znk-web/juminkanja/S2430/initialize?prefCd=17&kikanCd=6409&kikanKbn=5", "url2": "http://toyama-sougou.jp" }, "geometry": { "type": "Point", "coordinates": [ 136.655904, 36.580527 ] } },
{ "type": "Feature", "properties": { "内容": "スギ薬局津幡店【5:薬局】石川県河北郡津幡町北中条１丁目８９番地", "url": "https://www.iryou.teikyouseido.mhlw.go.jp/znk-web/juminkanja/S2430/initialize?prefCd=17&kikanCd=6410&kikanKbn=5", "url2": "http://www.sugi-net.jp/stores/001924" }, "geometry": { "type": "Point", "coordinates": [ 136.727545, 36.660444 ] } },
{ "type": "Feature", "properties": { "内容": "疋田らいふ薬局【5:薬局】石川県金沢市疋田町２丁目１４８エンゼル１８", "url": "https://www.iryou.teikyouseido.mhlw.go.jp/znk-web/juminkanja/S2430/initialize?prefCd=17&kikanCd=6411&kikanKbn=5", "url2": "https://www.qol-net.co.jp/pharmacy/map/detail.php?id=1149" }, "geometry": { "type": "Point", "coordinates": [ 136.675609, 36.601173 ] } },
{ "type": "Feature", "properties": { "内容": "なぎさ薬局【5:薬局】石川県羽咋市旭町ア５７－３", "url": "https://www.iryou.teikyouseido.mhlw.go.jp/znk-web/juminkanja/S2430/initialize?prefCd=17&kikanCd=6412&kikanKbn=5", "url2": null }, "geometry": { "type": "Point", "coordinates": [ 136.779241, 36.896343 ] } },
{ "type": "Feature", "properties": { "内容": "クスリのアオキ鶴ケ丘東薬局【5:薬局】石川県河北郡内灘町字鶴ケ丘２丁目６０６番地", "url": "https://www.iryou.teikyouseido.mhlw.go.jp/znk-web/juminkanja/S2430/initialize?prefCd=17&kikanCd=6413&kikanKbn=5", "url2": "https://www.kusuri-aoki.co.jp/" }, "geometry": { "type": "Point", "coordinates": [ 136.643924, 36.642565 ] } },
{ "type": "Feature", "properties": { "内容": "スギ薬局金沢野田店【5:薬局】石川県金沢市野田町チ１１６番地", "url": "https://www.iryou.teikyouseido.mhlw.go.jp/znk-web/juminkanja/S2430/initialize?prefCd=17&kikanCd=6414&kikanKbn=5", "url2": "https://www.sugi-net.jp/stores/001928" }, "geometry": { "type": "Point", "coordinates": [ 136.667126, 36.536757 ] } },
{ "type": "Feature", "properties": { "内容": "サンライトちょくし町薬局【5:薬局】石川県加賀市勅使町ヲ４０番１", "url": "https://www.iryou.teikyouseido.mhlw.go.jp/znk-web/juminkanja/S2430/initialize?prefCd=17&kikanCd=6415&kikanKbn=5", "url2": "https://accesslife.co.jp/" }, "geometry": { "type": "Point", "coordinates": [ 136.391971, 36.30245 ] } },
{ "type": "Feature", "properties": { "内容": "アルプ薬局上安原店【5:薬局】石川県金沢市上安原２丁目１９８番地", "url": "https://www.iryou.teikyouseido.mhlw.go.jp/znk-web/juminkanja/S2430/initialize?prefCd=17&kikanCd=6416&kikanKbn=5", "url2": null }, "geometry": { "type": "Point", "coordinates": [ 136.589361, 36.565287 ] } },
{ "type": "Feature", "properties": { "内容": "スギ薬局相木店【5:薬局】石川県白山市松任駅北相木第二地区土地区画整理事業施行地区２６街区", "url": "https://www.iryou.teikyouseido.mhlw.go.jp/znk-web/juminkanja/S2430/initialize?prefCd=17&kikanCd=6418&kikanKbn=5", "url2": "https://www.sugi-net.jp/stores/001903" }, "geometry": { "type": "Point", "coordinates": [ 136.5661057, 36.5266568 ] } },
{ "type": "Feature", "properties": { "内容": "クスリのアオキ新保本薬局【5:薬局】石川県金沢市新保本五丁目６４番地", "url": "https://www.iryou.teikyouseido.mhlw.go.jp/znk-web/juminkanja/S2430/initialize?prefCd=17&kikanCd=6419&kikanKbn=5", "url2": "https://www.kusuri-aoki.co.jp/" }, "geometry": { "type": "Point", "coordinates": [ 136.605337, 36.555343 ] } },
{ "type": "Feature", "properties": { "内容": "イオン薬局加賀の里店【5:薬局】石川県加賀市上河崎町４７－１", "url": "https://www.iryou.teikyouseido.mhlw.go.jp/znk-web/juminkanja/S2430/initialize?prefCd=17&kikanCd=6422&kikanKbn=5", "url2": null }, "geometry": { "type": "Point", "coordinates": [ 136.346742, 36.30665 ] } },
{ "type": "Feature", "properties": { "内容": "薬局トモズ　金沢駅前店【5:薬局】石川県金沢市此花町３番２号ライブ１ビル１階", "url": "https://www.iryou.teikyouseido.mhlw.go.jp/znk-web/juminkanja/S2430/initialize?prefCd=17&kikanCd=6500&kikanKbn=5", "url2": "http://toyama-sougou.jp" }, "geometry": { "type": "Point", "coordinates": [ 136.651496, 36.576908 ] } },
{ "type": "Feature", "properties": { "内容": "スギ薬局金石店【5:薬局】石川県金沢市金石本町ハ８番地", "url": "https://www.iryou.teikyouseido.mhlw.go.jp/znk-web/juminkanja/S2430/initialize?prefCd=17&kikanCd=6501&kikanKbn=5", "url2": null }, "geometry": { "type": "Point", "coordinates": [ 136.599266, 36.597273 ] } },
{ "type": "Feature", "properties": { "内容": "ウエルシア薬局小松吉竹店【5:薬局】石川県小松市吉竹町４１－１", "url": "https://www.iryou.teikyouseido.mhlw.go.jp/znk-web/juminkanja/S2430/initialize?prefCd=17&kikanCd=6502&kikanKbn=5", "url2": "https://store.welcia.co.jp/welcia/spot/detail?code=8729D" }, "geometry": { "type": "Point", "coordinates": [ 136.477301, 36.394101 ] } },
{ "type": "Feature", "properties": { "内容": "ウエルシア薬局金沢四十万店【5:薬局】石川県金沢市四十万４－２２８", "url": "https://www.iryou.teikyouseido.mhlw.go.jp/znk-web/juminkanja/S2430/initialize?prefCd=17&kikanCd=6503&kikanKbn=5", "url2": "https://store.welcia.co.jp/welcia/spot/detail?code=8696D" }, "geometry": { "type": "Point", "coordinates": [ 136.618928, 36.500839 ] } },
{ "type": "Feature", "properties": { "内容": "クスリのアオキ森本薬局【5:薬局】石川県金沢市吉原町ホ２１０番地", "url": "https://www.iryou.teikyouseido.mhlw.go.jp/znk-web/juminkanja/S2430/initialize?prefCd=17&kikanCd=6504&kikanKbn=5", "url2": "https://www.kusuri-aoki.co.jp/" }, "geometry": { "type": "Point", "coordinates": [ 136.694886, 36.612099 ] } },
{ "type": "Feature", "properties": { "内容": "クスリのアオキ額新保薬局【5:薬局】石川県金沢市額新保２丁目２３５番地", "url": "https://www.iryou.teikyouseido.mhlw.go.jp/znk-web/juminkanja/S2430/initialize?prefCd=17&kikanCd=6505&kikanKbn=5", "url2": "https://www.kusuri-aoki.co.jp/" }, "geometry": { "type": "Point", "coordinates": [ 136.616998, 36.517327 ] } },
{ "type": "Feature", "properties": { "内容": "まるちゃん薬局　金沢長町店【5:薬局】石川県金沢市長町２丁目２番３号", "url": "https://www.iryou.teikyouseido.mhlw.go.jp/znk-web/juminkanja/S2430/initialize?prefCd=17&kikanCd=6506&kikanKbn=5", "url2": "https://www.taiga-emg.com/pharmacy/" }, "geometry": { "type": "Point", "coordinates": [ 136.650302, 36.562424 ] } },
{ "type": "Feature", "properties": { "内容": "ケヤキ薬局　金沢店【5:薬局】石川県金沢市八日市５－４５４", "url": "https://www.iryou.teikyouseido.mhlw.go.jp/znk-web/juminkanja/S2430/initialize?prefCd=17&kikanCd=6507&kikanKbn=5", "url2": "https://keyaki-ph.com/" }, "geometry": { "type": "Point", "coordinates": [ 136.610883, 36.549366 ] } },
{ "type": "Feature", "properties": { "内容": "なるわ薬局【5:薬局】石川県金沢市鳴和１－２０－１４－１", "url": "https://www.iryou.teikyouseido.mhlw.go.jp/znk-web/juminkanja/S2430/initialize?prefCd=17&kikanCd=6509&kikanKbn=5", "url2": null }, "geometry": { "type": "Point", "coordinates": [ 136.675961, 36.588935 ] } },
{ "type": "Feature", "properties": { "内容": "はまなす薬局【5:薬局】石川県河北郡内灘町字ハマナス２丁目８番", "url": "https://www.iryou.teikyouseido.mhlw.go.jp/znk-web/juminkanja/S2430/initialize?prefCd=17&kikanCd=6510&kikanKbn=5", "url2": null }, "geometry": { "type": "Point", "coordinates": [ 136.641941, 36.654498 ] } },
{ "type": "Feature", "properties": { "内容": "クスリのアオキ二日市薬局【5:薬局】石川県野々市市二日市四丁目２６６番地", "url": "https://www.iryou.teikyouseido.mhlw.go.jp/znk-web/juminkanja/S2430/initialize?prefCd=17&kikanCd=6511&kikanKbn=5", "url2": "https://www.kusuri-aoki.co.jp/" }, "geometry": { "type": "Point", "coordinates": [ 136.595581, 36.537662 ] } },
{ "type": "Feature", "properties": { "内容": "株式会社ストレチア　徳丸町薬局【5:薬局】石川県白山市徳丸町５１４番地１", "url": "https://www.iryou.teikyouseido.mhlw.go.jp/znk-web/juminkanja/S2430/initialize?prefCd=17&kikanCd=6512&kikanKbn=5", "url2": "https://www.phstr.co.jp/tokumarumachi8" }, "geometry": { "type": "Point", "coordinates": [ 136.576745, 36.521334 ] } },
{ "type": "Feature", "properties": { "内容": "ウエルシア薬局金沢末町店【5:薬局】石川県金沢市末町１６ー１２ー１", "url": "https://www.iryou.teikyouseido.mhlw.go.jp/znk-web/juminkanja/S2430/initialize?prefCd=17&kikanCd=6513&kikanKbn=5", "url2": "https://store.welcia.co.jp/welcia/spot/detail?code=8720D" }, "geometry": { "type": "Point", "coordinates": [ 136.68926, 36.517624 ] } },
{ "type": "Feature", "properties": { "内容": "クスリのアオキ宇ノ気薬局【5:薬局】石川県かほく市七窪１７", "url": "https://www.iryou.teikyouseido.mhlw.go.jp/znk-web/juminkanja/S2430/initialize?prefCd=17&kikanCd=6514&kikanKbn=5", "url2": "https://www.kusuri-aoki.co.jp/" }, "geometry": { "type": "Point", "coordinates": [ 136.711904, 36.728031 ] } },
{ "type": "Feature", "properties": { "内容": "クスリのアオキ百坂薬局【5:薬局】石川県金沢市百坂町ニ２５番地", "url": "https://www.iryou.teikyouseido.mhlw.go.jp/znk-web/juminkanja/S2430/initialize?prefCd=17&kikanCd=6515&kikanKbn=5", "url2": "https://www.kusuri-aoki.co.jp/" }, "geometry": { "type": "Point", "coordinates": [ 136.683494, 36.605388 ] } },
{ "type": "Feature", "properties": { "内容": "ウエルシア薬局加賀大聖寺店【5:薬局】石川県加賀市大聖寺東町１－４５－１", "url": "https://www.iryou.teikyouseido.mhlw.go.jp/znk-web/juminkanja/S2430/initialize?prefCd=17&kikanCd=6516&kikanKbn=5", "url2": null }, "geometry": { "type": "Point", "coordinates": [ 136.319403, 36.305811 ] } },
{ "type": "Feature", "properties": { "内容": "ルル薬局加賀店【5:薬局】石川県加賀市湖城町１－２１", "url": "https://www.iryou.teikyouseido.mhlw.go.jp/znk-web/juminkanja/S2430/initialize?prefCd=17&kikanCd=6517&kikanKbn=5", "url2": null }, "geometry": { "type": "Point", "coordinates": [ 136.363878, 36.338522 ] } },
{ "type": "Feature", "properties": { "内容": "クスリのアオキ田上薬局【5:薬局】石川県金沢市田上の里１丁目１２７番地", "url": "https://www.iryou.teikyouseido.mhlw.go.jp/znk-web/juminkanja/S2430/initialize?prefCd=17&kikanCd=6518&kikanKbn=5", "url2": "https://www.kusuri-aoki.co.jp/" }, "geometry": { "type": "Point", "coordinates": [ 136.690624, 36.54495 ] } },
{ "type": "Feature", "properties": { "内容": "アルプ薬局福久店【5:薬局】石川県金沢市福久町ヲ９０番地３", "url": "https://www.iryou.teikyouseido.mhlw.go.jp/znk-web/juminkanja/S2430/initialize?prefCd=17&kikanCd=6519&kikanKbn=5", "url2": "https://www.alp-grp.jp/" }, "geometry": { "type": "Point", "coordinates": [ 136.680499, 36.614451 ] } },
{ "type": "Feature", "properties": { "内容": "ウエルシア薬局羽咋南中央店【5:薬局】石川県羽咋市南中央町キ１５４ー１", "url": "https://www.iryou.teikyouseido.mhlw.go.jp/znk-web/juminkanja/S2430/initialize?prefCd=17&kikanCd=6520&kikanKbn=5", "url2": "https://store.welcia.co.jp/welcia/spot/detail?code=8704D" }, "geometry": { "type": "Point", "coordinates": [ 136.778308, 36.890442 ] } },
{ "type": "Feature", "properties": { "内容": "クスリのアオキ有松薬局【5:薬局】石川県金沢市有松５丁目９番２０号", "url": "https://www.iryou.teikyouseido.mhlw.go.jp/znk-web/juminkanja/S2430/initialize?prefCd=17&kikanCd=6522&kikanKbn=5", "url2": "https://www.kusuri-aoki.co.jp/" }, "geometry": { "type": "Point", "coordinates": [ 136.637491, 36.539208 ] } },
{ "type": "Feature", "properties": { "内容": "うねだ薬局【5:薬局】石川県金沢市畝田東３丁目５０６番地", "url": "https://www.iryou.teikyouseido.mhlw.go.jp/znk-web/juminkanja/S2430/initialize?prefCd=17&kikanCd=6523&kikanKbn=5", "url2": null }, "geometry": { "type": "Point", "coordinates": [ 136.614291, 36.59641 ] } },
{ "type": "Feature", "properties": { "内容": "中森かいてき矢作薬局【5:薬局】石川県野々市市矢作４－４２－４", "url": "https://www.iryou.teikyouseido.mhlw.go.jp/znk-web/juminkanja/S2430/initialize?prefCd=17&kikanCd=6525&kikanKbn=5", "url2": "https://www.kaiteki-01.jp/" }, "geometry": { "type": "Point", "coordinates": [ 136.614164, 36.523891 ] } },
{ "type": "Feature", "properties": { "内容": "中森かいてき四十万薬局【5:薬局】石川県金沢市四十万５ー１０７", "url": "https://www.iryou.teikyouseido.mhlw.go.jp/znk-web/juminkanja/S2430/initialize?prefCd=17&kikanCd=6526&kikanKbn=5", "url2": "https://www.kaiteki-01.jp/" }, "geometry": { "type": "Point", "coordinates": [ 136.614894, 36.504891 ] } },
{ "type": "Feature", "properties": { "内容": "レモン薬局【5:薬局】石川県小松市末広町２４４", "url": "https://www.iryou.teikyouseido.mhlw.go.jp/znk-web/juminkanja/S2430/initialize?prefCd=17&kikanCd=6527&kikanKbn=5", "url2": null }, "geometry": { "type": "Point", "coordinates": [ 136.445183, 36.401211 ] } },
{ "type": "Feature", "properties": { "内容": "三社はなの木薬局【5:薬局】石川県金沢市三社町１１番２０号", "url": "https://www.iryou.teikyouseido.mhlw.go.jp/znk-web/juminkanja/S2430/initialize?prefCd=17&kikanCd=6528&kikanKbn=5", "url2": "https://www.hananoki-ymt.com/" }, "geometry": { "type": "Point", "coordinates": [ 136.643575, 36.570871 ] } },
{ "type": "Feature", "properties": { "内容": "ウエルシア薬局金沢新保本店【5:薬局】石川県金沢市新保本３－１５２－１", "url": "https://www.iryou.teikyouseido.mhlw.go.jp/znk-web/juminkanja/S2430/initialize?prefCd=17&kikanCd=6529&kikanKbn=5", "url2": "https://www.welcia-yakkyoku.co.jp" }, "geometry": { "type": "Point", "coordinates": [ 136.601783, 36.555422 ] } },
{ "type": "Feature", "properties": { "内容": "ゆうやけ薬局【5:薬局】石川県金沢市大友２丁目７１番地", "url": "https://www.iryou.teikyouseido.mhlw.go.jp/znk-web/juminkanja/S2430/initialize?prefCd=17&kikanCd=6530&kikanKbn=5", "url2": null }, "geometry": { "type": "Point", "coordinates": [ 136.625231, 36.601039 ] } },
{ "type": "Feature", "properties": { "内容": "てまり薬局玉鉾店【5:薬局】石川県金沢市玉鉾４－２８", "url": "https://www.iryou.teikyouseido.mhlw.go.jp/znk-web/juminkanja/S2430/initialize?prefCd=17&kikanCd=6532&kikanKbn=5", "url2": null }, "geometry": { "type": "Point", "coordinates": [ 136.616241, 36.571639 ] } },
{ "type": "Feature", "properties": { "内容": "阪神調剤薬局　さくら店【5:薬局】石川県七尾市桜町７８－１", "url": "https://www.iryou.teikyouseido.mhlw.go.jp/znk-web/juminkanja/S2430/initialize?prefCd=17&kikanCd=6533&kikanKbn=5", "url2": "https://map.i-h-inc.co.jp/b/iandh/info/10017004/" }, "geometry": { "type": "Point", "coordinates": [ 136.962903, 37.051186 ] } },
{ "type": "Feature", "properties": { "内容": "コトブキ薬局【5:薬局】石川県七尾市桜町４０番２", "url": "https://www.iryou.teikyouseido.mhlw.go.jp/znk-web/juminkanja/S2430/initialize?prefCd=17&kikanCd=6534&kikanKbn=5", "url2": "https://map.i-h-inc.co.jp/b/iandh/info/10017001/" }, "geometry": { "type": "Point", "coordinates": [ 136.96242, 37.050576 ] } },
{ "type": "Feature", "properties": { "内容": "阪神調剤薬局金沢石引店【5:薬局】石川県金沢市石引１丁目７ー１６", "url": "https://www.iryou.teikyouseido.mhlw.go.jp/znk-web/juminkanja/S2430/initialize?prefCd=17&kikanCd=6535&kikanKbn=5", "url2": "https://www.sugi-net.jp/stores/005046" }, "geometry": { "type": "Point", "coordinates": [ 136.671474, 36.554782 ] } },
{ "type": "Feature", "properties": { "内容": "片町あおぞら薬局【5:薬局】石川県金沢市片町２丁目１３番１３号", "url": "https://www.iryou.teikyouseido.mhlw.go.jp/znk-web/juminkanja/S2430/initialize?prefCd=17&kikanCd=6539&kikanKbn=5", "url2": "https://www.granpharma.co.jp/" }, "geometry": { "type": "Point", "coordinates": [ 136.650994, 36.561021 ] } }
]
}
