{
"type": "FeatureCollection",
"name": "geo_17_2",
"crs": { "type": "name", "properties": { "name": "urn:ogc:def:crs:OGC:1.3:CRS84" } },
"features": [
{ "type": "Feature", "properties": { "内容": "いりたに内科かかりつけクリニック【2:診療所】【診療科目:内科_循環器内科_外科】石川県金沢市上安原２丁目１９６", "url": "https://www.iryou.teikyouseido.mhlw.go.jp/znk-web/juminkanja/S2430/initialize?prefCd=17&kikanCd=0122563&kikanKbn=2", "url2": "https://iritani-naika.clinic" }, "geometry": { "type": "Point", "coordinates": [ 136.589305, 36.565513 ] } },
{ "type": "Feature", "properties": { "内容": "岡本小児科クリニック【2:診療所】【診療科目:小児科】石川県小松市沖町ツ１６", "url": "https://www.iryou.teikyouseido.mhlw.go.jp/znk-web/juminkanja/S2430/initialize?prefCd=17&kikanCd=1122005&kikanKbn=2", "url2": null }, "geometry": { "type": "Point", "coordinates": [ 136.467472, 36.39851 ] } },
{ "type": "Feature", "properties": { "内容": "おかやま眼科医院【2:診療所】【診療科目:眼科】石川県小松市沖町", "url": "https://www.iryou.teikyouseido.mhlw.go.jp/znk-web/juminkanja/S2430/initialize?prefCd=17&kikanCd=1122006&kikanKbn=2", "url2": "https://www.okayama-ganka.com/" }, "geometry": { "type": "Point", "coordinates": [ 136.468177, 36.397922 ] } },
{ "type": "Feature", "properties": { "内容": "奥山眼科クリニック【2:診療所】【診療科目:眼科】石川県小松市末広町５０－４", "url": "https://www.iryou.teikyouseido.mhlw.go.jp/znk-web/juminkanja/S2430/initialize?prefCd=17&kikanCd=1122007&kikanKbn=2", "url2": null }, "geometry": { "type": "Point", "coordinates": [ 136.445198, 36.400869 ] } },
{ "type": "Feature", "properties": { "内容": "医療法人社団　小野江医院【2:診療所】【診療科目:内科_腎臓内科】石川県小松市長田町甲１", "url": "https://www.iryou.teikyouseido.mhlw.go.jp/znk-web/juminkanja/S2430/initialize?prefCd=17&kikanCd=1122008&kikanKbn=2", "url2": "https://onoeclinic.com" }, "geometry": { "type": "Point", "coordinates": [ 136.465377, 36.427485 ] } },
{ "type": "Feature", "properties": { "内容": "勝木医院【2:診療所】【診療科目:内科】石川県小松市竜助町１４", "url": "https://www.iryou.teikyouseido.mhlw.go.jp/znk-web/juminkanja/S2430/initialize?prefCd=17&kikanCd=1122009&kikanKbn=2", "url2": null }, "geometry": { "type": "Point", "coordinates": [ 136.448393, 36.40398 ] } },
{ "type": "Feature", "properties": { "内容": "医療法人社団川北レイクサイドクリニック【2:診療所】【診療科目:産婦人科】石川県小松市今江町に４１番地", "url": "https://www.iryou.teikyouseido.mhlw.go.jp/znk-web/juminkanja/S2430/initialize?prefCd=17&kikanCd=1122016&kikanKbn=2", "url2": "www.kawakita-lakeside.com" }, "geometry": { "type": "Point", "coordinates": [ 136.450935, 36.377785 ] } },
{ "type": "Feature", "properties": { "内容": "きたむら内科クリニック【2:診療所】【診療科目:内科_呼吸器内科_循環器内科_消化器内科_放射線科】石川県小松市園町", "url": "https://www.iryou.teikyouseido.mhlw.go.jp/znk-web/juminkanja/S2430/initialize?prefCd=17&kikanCd=1122017&kikanKbn=2", "url2": "https://www.kitamura-naika-clinic.com/" }, "geometry": { "type": "Point", "coordinates": [ 136.45539, 36.408708 ] } },
{ "type": "Feature", "properties": { "内容": "串耳鼻咽喉科【2:診療所】【診療科目:耳鼻いんこう科】石川県小松市串町丙１０１－１", "url": "https://www.iryou.teikyouseido.mhlw.go.jp/znk-web/juminkanja/S2430/initialize?prefCd=17&kikanCd=1122018&kikanKbn=2", "url2": null }, "geometry": { "type": "Point", "coordinates": [ 136.427672, 36.368334 ] } },
{ "type": "Feature", "properties": { "内容": "楠野脳神経内科外科クリニック【2:診療所】【診療科目:内科_脳神経内科_脳神経外科】石川県小松市土居原町三百三番地", "url": "https://www.iryou.teikyouseido.mhlw.go.jp/znk-web/juminkanja/S2430/initialize?prefCd=17&kikanCd=1122019&kikanKbn=2", "url2": "http://www3.nsknet.or.jp/kusuno/" }, "geometry": { "type": "Point", "coordinates": [ 136.450796, 36.400828 ] } },
{ "type": "Feature", "properties": { "内容": "株式会社小松製作所本社健康増進センタ粟津健康管理室コマツクリニック【2:診療所】【診療科目:内科_外科】石川県小松市符津町ツ２３", "url": "https://www.iryou.teikyouseido.mhlw.go.jp/znk-web/juminkanja/S2430/initialize?prefCd=17&kikanCd=1122027&kikanKbn=2", "url2": null }, "geometry": { "type": "Point", "coordinates": [ 136.42135, 36.360665 ] } },
{ "type": "Feature", "properties": { "内容": "公益社団法人石川勤労者医療協会　小松みなみ診療所【2:診療所】【診療科目:内科_小児科】石川県小松市下粟津町み１", "url": "https://www.iryou.teikyouseido.mhlw.go.jp/znk-web/juminkanja/S2430/initialize?prefCd=17&kikanCd=1122029&kikanKbn=2", "url2": "http://ishikawa-kinikyo.jp/komatu/" }, "geometry": { "type": "Point", "coordinates": [ 136.433531, 36.345796 ] } },
{ "type": "Feature", "properties": { "内容": "さたけ内科クリニック【2:診療所】【診療科目:内科_脳神経内科】石川県小松市若杉町３丁目３０", "url": "https://www.iryou.teikyouseido.mhlw.go.jp/znk-web/juminkanja/S2430/initialize?prefCd=17&kikanCd=1122030&kikanKbn=2", "url2": null }, "geometry": { "type": "Point", "coordinates": [ 136.478608, 36.396803 ] } },
{ "type": "Feature", "properties": { "内容": "坂下耳鼻咽喉科医院【2:診療所】【診療科目:耳鼻いんこう科】石川県小松市犬丸町乙８６番地", "url": "https://www.iryou.teikyouseido.mhlw.go.jp/znk-web/juminkanja/S2430/initialize?prefCd=17&kikanCd=1122031&kikanKbn=2", "url2": null }, "geometry": { "type": "Point", "coordinates": [ 136.456945, 36.423235 ] } },
{ "type": "Feature", "properties": { "内容": "老人ホーム自生園　付属診療所【2:診療所】【診療科目:内科】石川県小松市上荒屋町ソ４－１０", "url": "https://www.iryou.teikyouseido.mhlw.go.jp/znk-web/juminkanja/S2430/initialize?prefCd=17&kikanCd=1122032&kikanKbn=2", "url2": null }, "geometry": { "type": "Point", "coordinates": [ 136.431495, 36.327867 ] } },
{ "type": "Feature", "properties": { "内容": "十慈医院【2:診療所】【診療科目:内科_消化器内科_胃腸内科_内視鏡内科_外科_大腸外科_肛門外科】石川県小松市龍助町４２番地", "url": "https://www.iryou.teikyouseido.mhlw.go.jp/znk-web/juminkanja/S2430/initialize?prefCd=17&kikanCd=1122033&kikanKbn=2", "url2": "http://www.juji-clinic.com" }, "geometry": { "type": "Point", "coordinates": [ 136.448551, 36.401843 ] } },
{ "type": "Feature", "properties": { "内容": "社会福祉法人　松寿園診療所【2:診療所】【診療科目:内科】石川県小松市向本折町", "url": "https://www.iryou.teikyouseido.mhlw.go.jp/znk-web/juminkanja/S2430/initialize?prefCd=17&kikanCd=1122035&kikanKbn=2", "url2": null }, "geometry": { "type": "Point", "coordinates": [ 136.439724, 36.396821 ] } },
{ "type": "Feature", "properties": { "内容": "しんたに医院【2:診療所】【診療科目:内科_呼吸器内科_アレルギー科】石川県小松市園町二６７－１", "url": "https://www.iryou.teikyouseido.mhlw.go.jp/znk-web/juminkanja/S2430/initialize?prefCd=17&kikanCd=1122036&kikanKbn=2", "url2": "https://www.shintani-iin-komatsushi.com" }, "geometry": { "type": "Point", "coordinates": [ 136.466575, 36.403688 ] } },
{ "type": "Feature", "properties": { "内容": "すずき心のクリニック【2:診療所】【診療科目:精神科_心療内科】石川県小松市打越町甲７４番地２", "url": "https://www.iryou.teikyouseido.mhlw.go.jp/znk-web/juminkanja/S2430/initialize?prefCd=17&kikanCd=1122038&kikanKbn=2", "url2": "http://mental-suzuki.jp" }, "geometry": { "type": "Point", "coordinates": [ 136.476038, 36.398077 ] } },
{ "type": "Feature", "properties": { "内容": "田谷泌尿器科医院【2:診療所】【診療科目:内科_泌尿器科】石川県小松市園町ニ２９番地１", "url": "https://www.iryou.teikyouseido.mhlw.go.jp/znk-web/juminkanja/S2430/initialize?prefCd=17&kikanCd=1122042&kikanKbn=2", "url2": "https://www.tayakai.or.jp/clinic/" }, "geometry": { "type": "Point", "coordinates": [ 136.463735, 36.404703 ] } },
{ "type": "Feature", "properties": { "内容": "医療法人社団康仁会永遠幸レディスクリニック【2:診療所】【診療科目:産婦人科（生殖医療）】石川県小松市小島町ル５０－１", "url": "https://www.iryou.teikyouseido.mhlw.go.jp/znk-web/juminkanja/S2430/initialize?prefCd=17&kikanCd=1122045&kikanKbn=2", "url2": "http://www.towako.com/" }, "geometry": { "type": "Point", "coordinates": [ 136.432466, 36.41893 ] } },
{ "type": "Feature", "properties": { "内容": "医療法人社団　中川外科医院【2:診療所】【診療科目:消化器内科_肛門内科_外科_肛門外科_整形外科】石川県小松市向本折町マ５５", "url": "https://www.iryou.teikyouseido.mhlw.go.jp/znk-web/juminkanja/S2430/initialize?prefCd=17&kikanCd=1122047&kikanKbn=2", "url2": null }, "geometry": { "type": "Point", "coordinates": [ 136.446738, 36.392986 ] } },
{ "type": "Feature", "properties": { "内容": "西木医院【2:診療所】【診療科目:内科_放射線科】石川県小松市河田町ヌ２８－１", "url": "https://www.iryou.teikyouseido.mhlw.go.jp/znk-web/juminkanja/S2430/initialize?prefCd=17&kikanCd=1122048&kikanKbn=2", "url2": "http://komatsucity-nishikiiin.jp/" }, "geometry": { "type": "Point", "coordinates": [ 136.509418, 36.416174 ] } },
{ "type": "Feature", "properties": { "内容": "医療法人社団　蓮井会　蓮井小児科医院【2:診療所】【診療科目:小児科】石川県小松市龍助町", "url": "https://www.iryou.teikyouseido.mhlw.go.jp/znk-web/juminkanja/S2430/initialize?prefCd=17&kikanCd=1122051&kikanKbn=2", "url2": null }, "geometry": { "type": "Point", "coordinates": [ 136.448884, 36.402535 ] } },
{ "type": "Feature", "properties": { "内容": "春木医院【2:診療所】【診療科目:内科_皮膚科】石川県小松市糸町４番地９号", "url": "https://www.iryou.teikyouseido.mhlw.go.jp/znk-web/juminkanja/S2430/initialize?prefCd=17&kikanCd=1122053&kikanKbn=2", "url2": null }, "geometry": { "type": "Point", "coordinates": [ 136.470078, 36.404168 ] } },
{ "type": "Feature", "properties": { "内容": "医療法人社団　Ｓ＆ＢＬＯＯＭ【2:診療所】【診療科目:内科_消化器内科_内視鏡内科_肛門外科_美容皮膚科】石川県小松市栄町１１番地１", "url": "https://www.iryou.teikyouseido.mhlw.go.jp/znk-web/juminkanja/S2430/initialize?prefCd=17&kikanCd=1122055&kikanKbn=2", "url2": "https://www.clinic-sora.jp/" }, "geometry": { "type": "Point", "coordinates": [ 136.446408, 36.399172 ] } },
{ "type": "Feature", "properties": { "内容": "藤本皮膚科医院【2:診療所】【診療科目:皮膚科】石川県小松市日の出町１－１３８", "url": "https://www.iryou.teikyouseido.mhlw.go.jp/znk-web/juminkanja/S2430/initialize?prefCd=17&kikanCd=1122058&kikanKbn=2", "url2": "https://www.fujimoto-hifuka.jp" }, "geometry": { "type": "Point", "coordinates": [ 136.45424, 36.400405 ] } },
{ "type": "Feature", "properties": { "内容": "医療法人社団　牧野整形外科医院【2:診療所】【診療科目:内科_整形外科_リハビリテーション科】石川県小松市四丁町ろ３番地１", "url": "https://www.iryou.teikyouseido.mhlw.go.jp/znk-web/juminkanja/S2430/initialize?prefCd=17&kikanCd=1122061&kikanKbn=2", "url2": "https://www.makino-seikei.com/" }, "geometry": { "type": "Point", "coordinates": [ 136.411909, 36.355908 ] } },
{ "type": "Feature", "properties": { "内容": "医療法人社団　みなとクリニック【2:診療所】【診療科目:内科_消化器内科_肝臓内科_内視鏡内科_外科_消化器外科】石川県小松市幸町３－９２", "url": "https://www.iryou.teikyouseido.mhlw.go.jp/znk-web/juminkanja/S2430/initialize?prefCd=17&kikanCd=1122066&kikanKbn=2", "url2": null }, "geometry": { "type": "Point", "coordinates": [ 136.451005, 36.392187 ] } },
{ "type": "Feature", "properties": { "内容": "南加賀急病センター【2:診療所】【診療科目:内科_小児科】石川県小松市向本折町ホ６０番地南館１階", "url": "https://www.iryou.teikyouseido.mhlw.go.jp/znk-web/juminkanja/S2430/initialize?prefCd=17&kikanCd=1122068&kikanKbn=2", "url2": null }, "geometry": { "type": "Point", "coordinates": [ 136.439308, 36.3983 ] } },
{ "type": "Feature", "properties": { "内容": "医療法人社団向出医院　むかいでファミリークリニック【2:診療所】【診療科目:内科_循環器内科_小児科_放射線科】石川県小松市西軽海町", "url": "https://www.iryou.teikyouseido.mhlw.go.jp/znk-web/juminkanja/S2430/initialize?prefCd=17&kikanCd=1122069&kikanKbn=2", "url2": "http://mukaide.jp/" }, "geometry": { "type": "Point", "coordinates": [ 136.500556, 36.398099 ] } },
{ "type": "Feature", "properties": { "内容": "八木内科　クリニック【2:診療所】【診療科目:内科_循環器内科】石川県小松市打越町う４５", "url": "https://www.iryou.teikyouseido.mhlw.go.jp/znk-web/juminkanja/S2430/initialize?prefCd=17&kikanCd=1122072&kikanKbn=2", "url2": "https;//komatsu-yaginaikaclinic.jp" }, "geometry": { "type": "Point", "coordinates": [ 136.472575, 36.398752 ] } },
{ "type": "Feature", "properties": { "内容": "医療法人社団　山上小児科クリニック【2:診療所】【診療科目:内科_小児科】石川県小松市日の出町１丁目１２８", "url": "https://www.iryou.teikyouseido.mhlw.go.jp/znk-web/juminkanja/S2430/initialize?prefCd=17&kikanCd=1122073&kikanKbn=2", "url2": null }, "geometry": { "type": "Point", "coordinates": [ 136.455243, 36.400331 ] } },
{ "type": "Feature", "properties": { "内容": "湯浅医院【2:診療所】【診療科目:内科_循環器内科】石川県小松市旭町９５", "url": "https://www.iryou.teikyouseido.mhlw.go.jp/znk-web/juminkanja/S2430/initialize?prefCd=17&kikanCd=1122074&kikanKbn=2", "url2": null }, "geometry": { "type": "Point", "coordinates": [ 136.449463, 36.397915 ] } },
{ "type": "Feature", "properties": { "内容": "医療法人社団　吉田耳鼻咽喉科医院【2:診療所】【診療科目:耳鼻いんこう科】石川県小松市打越町丁１４－１", "url": "https://www.iryou.teikyouseido.mhlw.go.jp/znk-web/juminkanja/S2430/initialize?prefCd=17&kikanCd=1122076&kikanKbn=2", "url2": null }, "geometry": { "type": "Point", "coordinates": [ 136.472594, 36.397938 ] } },
{ "type": "Feature", "properties": { "内容": "特定医療法人社団勝木会　芦城クリニック【2:診療所】【診療科目:内科_整形外科_リハビリテーション科】石川県小松市土居原町１７５番地", "url": "https://www.iryou.teikyouseido.mhlw.go.jp/znk-web/juminkanja/S2430/initialize?prefCd=17&kikanCd=1122077&kikanKbn=2", "url2": "http://www.rozyoclinic.com/" }, "geometry": { "type": "Point", "coordinates": [ 136.451397, 36.402949 ] } },
{ "type": "Feature", "properties": { "内容": "眼科わじま医院【2:診療所】【診療科目:眼科】石川県小松市幸町", "url": "https://www.iryou.teikyouseido.mhlw.go.jp/znk-web/juminkanja/S2430/initialize?prefCd=17&kikanCd=1122078&kikanKbn=2", "url2": "https://wajima-eye-clinic.com/" }, "geometry": { "type": "Point", "coordinates": [ 136.451354, 36.392667 ] } },
{ "type": "Feature", "properties": { "内容": "医療法人社団　あさもとクリニック【2:診療所】【診療科目:内科】石川県能美市福島町タ３８－３", "url": "https://www.iryou.teikyouseido.mhlw.go.jp/znk-web/juminkanja/S2430/initialize?prefCd=17&kikanCd=1123079&kikanKbn=2", "url2": null }, "geometry": { "type": "Point", "coordinates": [ 136.465415, 36.456592 ] } },
{ "type": "Feature", "properties": { "内容": "医療法人社団　きだ整形外科クリニック【2:診療所】【診療科目:内科_整形外科_リウマチ科_リハビリテーション科】石川県能美市西二口町丙３０－１", "url": "https://www.iryou.teikyouseido.mhlw.go.jp/znk-web/juminkanja/S2430/initialize?prefCd=17&kikanCd=1123080&kikanKbn=2", "url2": "http://idagroupde.biz" }, "geometry": { "type": "Point", "coordinates": [ 136.468599, 36.448282 ] } },
{ "type": "Feature", "properties": { "内容": "医療法人社団　まつだクリニック【2:診療所】【診療科目:小児科】石川県能美市浜開発町町丁９７−３", "url": "https://www.iryou.teikyouseido.mhlw.go.jp/znk-web/juminkanja/S2430/initialize?prefCd=17&kikanCd=1123082&kikanKbn=2", "url2": "https://www.matsuda-shonika-clinic.com" }, "geometry": { "type": "Point", "coordinates": [ 136.458489, 36.446606 ] } },
{ "type": "Feature", "properties": { "内容": "医療法人社団　村本クリニック【2:診療所】【診療科目:内科_胃腸内科_皮膚科_美容皮膚科_放射線科】石川県能美市大成町ワ５ー１", "url": "https://www.iryou.teikyouseido.mhlw.go.jp/znk-web/juminkanja/S2430/initialize?prefCd=17&kikanCd=1123083&kikanKbn=2", "url2": "https://muramoto-cl.com" }, "geometry": { "type": "Point", "coordinates": [ 136.465189, 36.450863 ] } },
{ "type": "Feature", "properties": { "内容": "やなせ医院【2:診療所】【診療科目:内科_消化器内科_小児科】石川県能美市浜町カ１５７番地", "url": "https://www.iryou.teikyouseido.mhlw.go.jp/znk-web/juminkanja/S2430/initialize?prefCd=17&kikanCd=1123086&kikanKbn=2", "url2": "http://yanase-cl.jp/" }, "geometry": { "type": "Point", "coordinates": [ 136.458451, 36.447734 ] } },
{ "type": "Feature", "properties": { "内容": "医療法人社団　米島医院【2:診療所】【診療科目:内科_胃腸内科_小児科】石川県能美市大成町ト１１８番地６", "url": "https://www.iryou.teikyouseido.mhlw.go.jp/znk-web/juminkanja/S2430/initialize?prefCd=17&kikanCd=1123087&kikanKbn=2", "url2": "http://www.yonejimaiin.com" }, "geometry": { "type": "Point", "coordinates": [ 136.460533, 36.452166 ] } },
{ "type": "Feature", "properties": { "内容": "秋山医院【2:診療所】【診療科目:内科_漢方内科_小児科】石川県能美市寺井町ま２０", "url": "https://www.iryou.teikyouseido.mhlw.go.jp/znk-web/juminkanja/S2430/initialize?prefCd=17&kikanCd=1123088&kikanKbn=2", "url2": null }, "geometry": { "type": "Point", "coordinates": [ 136.504232, 36.444889 ] } },
{ "type": "Feature", "properties": { "内容": "医療法人社団　　上田眼科医院【2:診療所】【診療科目:眼科】石川県能美市寺井町レ１０４番地４", "url": "https://www.iryou.teikyouseido.mhlw.go.jp/znk-web/juminkanja/S2430/initialize?prefCd=17&kikanCd=1123089&kikanKbn=2", "url2": "http://www.ueda-eye-clinic.jp" }, "geometry": { "type": "Point", "coordinates": [ 136.491628, 36.437545 ] } },
{ "type": "Feature", "properties": { "内容": "さかの耳鼻咽喉科クリニック【2:診療所】【診療科目:耳鼻いんこう科】石川県能美市寺井町ロ４５－１", "url": "https://www.iryou.teikyouseido.mhlw.go.jp/znk-web/juminkanja/S2430/initialize?prefCd=17&kikanCd=1123090&kikanKbn=2", "url2": null }, "geometry": { "type": "Point", "coordinates": [ 136.49101490000001, 36.4440482 ] } },
{ "type": "Feature", "properties": { "内容": "にった皮膚科泌尿器科クリニック【2:診療所】【診療科目:皮膚科_泌尿器科】石川県能美市寺井町ロ８９－１", "url": "https://www.iryou.teikyouseido.mhlw.go.jp/znk-web/juminkanja/S2430/initialize?prefCd=17&kikanCd=1123094&kikanKbn=2", "url2": null }, "geometry": { "type": "Point", "coordinates": [ 136.490418, 36.44338 ] } },
{ "type": "Feature", "properties": { "内容": "医療法人社団　前田医院【2:診療所】【診療科目:内科_循環器内科_消化器内科】石川県能美市寺井町", "url": "https://www.iryou.teikyouseido.mhlw.go.jp/znk-web/juminkanja/S2430/initialize?prefCd=17&kikanCd=1123096&kikanKbn=2", "url2": null }, "geometry": { "type": "Point", "coordinates": [ 136.495219, 36.437317 ] } },
{ "type": "Feature", "properties": { "内容": "水本整形外科医院【2:診療所】【診療科目:整形外科_リハビリテーション科】石川県能美市寺井町や１２０番地", "url": "https://www.iryou.teikyouseido.mhlw.go.jp/znk-web/juminkanja/S2430/initialize?prefCd=17&kikanCd=1123097&kikanKbn=2", "url2": null }, "geometry": { "type": "Point", "coordinates": [ 136.503632, 36.444033 ] } },
{ "type": "Feature", "properties": { "内容": "医療法人社団泉之杉会にしかわクリニック【2:診療所】【診療科目:内科_性感染症内科_外科_泌尿器科】石川県能美市三ツ屋町イ１４－１", "url": "https://www.iryou.teikyouseido.mhlw.go.jp/znk-web/juminkanja/S2430/initialize?prefCd=17&kikanCd=1123100&kikanKbn=2", "url2": "http://urologist-539.businenn.site/" }, "geometry": { "type": "Point", "coordinates": [ 136.547906, 36.452271 ] } },
{ "type": "Feature", "properties": { "内容": "松田内科クリニック【2:診療所】【診療科目:内科_循環器内科】石川県能美市三ツ屋町３８－３", "url": "https://www.iryou.teikyouseido.mhlw.go.jp/znk-web/juminkanja/S2430/initialize?prefCd=17&kikanCd=1123102&kikanKbn=2", "url2": null }, "geometry": { "type": "Point", "coordinates": [ 136.546034, 36.454051 ] } },
{ "type": "Feature", "properties": { "内容": "医療法人社団　もりした整形外科クリニック【2:診療所】【診療科目:整形外科_リウマチ科_リハビリテーション科】石川県能美市辰口町６５４－１", "url": "https://www.iryou.teikyouseido.mhlw.go.jp/znk-web/juminkanja/S2430/initialize?prefCd=17&kikanCd=1123103&kikanKbn=2", "url2": null }, "geometry": { "type": "Point", "coordinates": [ 136.544812, 36.442894 ] } },
{ "type": "Feature", "properties": { "内容": "医療法人社団洋和会川北温泉クリニック【2:診療所】【診療科目:内科_消化器内科_老年内科_精神科_心療内科_老年精神科】石川県能美郡川北町壱ツ屋１９５", "url": "https://www.iryou.teikyouseido.mhlw.go.jp/znk-web/juminkanja/S2430/initialize?prefCd=17&kikanCd=1124105&kikanKbn=2", "url2": "https://yowakai.jp/kawakita/" }, "geometry": { "type": "Point", "coordinates": [ 136.543059, 36.467691 ] } },
{ "type": "Feature", "properties": { "内容": "動橋診療所【2:診療所】【診療科目:内科_呼吸器内科_小児科_アレルギー科】石川県加賀市動橋町", "url": "https://www.iryou.teikyouseido.mhlw.go.jp/znk-web/juminkanja/S2430/initialize?prefCd=17&kikanCd=1221001&kikanKbn=2", "url2": null }, "geometry": { "type": "Point", "coordinates": [ 136.385363, 36.329084 ] } },
{ "type": "Feature", "properties": { "内容": "田中医院【2:診療所】【診療科目:産婦人科】石川県加賀市大聖寺荒町", "url": "https://www.iryou.teikyouseido.mhlw.go.jp/znk-web/juminkanja/S2430/initialize?prefCd=17&kikanCd=1221004&kikanKbn=2", "url2": null }, "geometry": { "type": "Point", "coordinates": [ 136.314234, 36.305481 ] } },
{ "type": "Feature", "properties": { "内容": "竹下耳鼻咽喉科医院【2:診療所】【診療科目:耳鼻いんこう科】石川県加賀市大聖寺荒町６", "url": "https://www.iryou.teikyouseido.mhlw.go.jp/znk-web/juminkanja/S2430/initialize?prefCd=17&kikanCd=1221006&kikanKbn=2", "url2": null }, "geometry": { "type": "Point", "coordinates": [ 136.313429, 36.304967 ] } },
{ "type": "Feature", "properties": { "内容": "医療法人社団河村医院【2:診療所】【診療科目:内科_放射線科_放射線診断科】石川県加賀市片山津温泉ア９－２", "url": "https://www.iryou.teikyouseido.mhlw.go.jp/znk-web/juminkanja/S2430/initialize?prefCd=17&kikanCd=1221007&kikanKbn=2", "url2": null }, "geometry": { "type": "Point", "coordinates": [ 136.364697, 36.346366 ] } },
{ "type": "Feature", "properties": { "内容": "医療法人社団　加賀白山会　板谷医院【2:診療所】【診療科目:内科_整形外科_泌尿器科】石川県加賀市山代温泉３５の１１番地の１", "url": "https://www.iryou.teikyouseido.mhlw.go.jp/znk-web/juminkanja/S2430/initialize?prefCd=17&kikanCd=1221011&kikanKbn=2", "url2": "https://itaya.kagahaku.jp" }, "geometry": { "type": "Point", "coordinates": [ 136.358427, 36.300929 ] } },
{ "type": "Feature", "properties": { "内容": "医療法人社団青峰会山下医院【2:診療所】【診療科目:内科_循環器内科_外科】石川県加賀市作見町ホ３９−１", "url": "https://www.iryou.teikyouseido.mhlw.go.jp/znk-web/juminkanja/S2430/initialize?prefCd=17&kikanCd=1221013&kikanKbn=2", "url2": null }, "geometry": { "type": "Point", "coordinates": [ 136.358253, 36.316363 ] } },
{ "type": "Feature", "properties": { "内容": "医療法人社団渋谷会　渋谷医院【2:診療所】【診療科目:内科_外科_整形外科_リハビリテーション科】石川県加賀市松が丘１丁目７番地３１", "url": "https://www.iryou.teikyouseido.mhlw.go.jp/znk-web/juminkanja/S2430/initialize?prefCd=17&kikanCd=1221015&kikanKbn=2", "url2": "http://www.shibuyagroup.jp" }, "geometry": { "type": "Point", "coordinates": [ 136.345154, 36.324195 ] } },
{ "type": "Feature", "properties": { "内容": "医療法人社団友心会刈谷医院【2:診療所】【診療科目:内科_小児科】石川県加賀市山代温泉山背台１丁目６８番地", "url": "https://www.iryou.teikyouseido.mhlw.go.jp/znk-web/juminkanja/S2430/initialize?prefCd=17&kikanCd=1221023&kikanKbn=2", "url2": null }, "geometry": { "type": "Point", "coordinates": [ 136.359115, 36.292016 ] } },
{ "type": "Feature", "properties": { "内容": "塩浜医院【2:診療所】【診療科目:内科_神経内科_リハビリテーション科_麻酔科】石川県加賀市大菅波町ト２６番地１", "url": "https://www.iryou.teikyouseido.mhlw.go.jp/znk-web/juminkanja/S2430/initialize?prefCd=17&kikanCd=1221027&kikanKbn=2", "url2": null }, "geometry": { "type": "Point", "coordinates": [ 136.335025, 36.318542 ] } },
{ "type": "Feature", "properties": { "内容": "山岸皮膚科医院【2:診療所】【診療科目:皮膚科】石川県加賀市大菅波町", "url": "https://www.iryou.teikyouseido.mhlw.go.jp/znk-web/juminkanja/S2430/initialize?prefCd=17&kikanCd=1221028&kikanKbn=2", "url2": null }, "geometry": { "type": "Point", "coordinates": [ 136.3353, 36.318574 ] } },
{ "type": "Feature", "properties": { "内容": "医療法人社団宮本医院【2:診療所】【診療科目:内科_循環器内科】石川県加賀市山代温泉桔梗丘２丁目１８番地", "url": "https://www.iryou.teikyouseido.mhlw.go.jp/znk-web/juminkanja/S2430/initialize?prefCd=17&kikanCd=1221030&kikanKbn=2", "url2": null }, "geometry": { "type": "Point", "coordinates": [ 136.357058, 36.287819 ] } },
{ "type": "Feature", "properties": { "内容": "うわだな小児科医院【2:診療所】【診療科目:小児科】石川県加賀市下河崎町へ１０１－１", "url": "https://www.iryou.teikyouseido.mhlw.go.jp/znk-web/juminkanja/S2430/initialize?prefCd=17&kikanCd=1221031&kikanKbn=2", "url2": "http://www.uwadana.com" }, "geometry": { "type": "Point", "coordinates": [ 136.332924, 36.307128 ] } },
{ "type": "Feature", "properties": { "内容": "岡部内科医院【2:診療所】【診療科目:内科_呼吸器内科_消化器内科_アレルギー疾患内科_アレルギー科】石川県加賀市湖城町１丁目２２番地", "url": "https://www.iryou.teikyouseido.mhlw.go.jp/znk-web/juminkanja/S2430/initialize?prefCd=17&kikanCd=1221032&kikanKbn=2", "url2": null }, "geometry": { "type": "Point", "coordinates": [ 136.363732, 36.33866 ] } },
{ "type": "Feature", "properties": { "内容": "竹谷小児科医院【2:診療所】【診療科目:小児科_アレルギー科】石川県加賀市大聖寺馬場町", "url": "https://www.iryou.teikyouseido.mhlw.go.jp/znk-web/juminkanja/S2430/initialize?prefCd=17&kikanCd=1221034&kikanKbn=2", "url2": null }, "geometry": { "type": "Point", "coordinates": [ 136.308591, 36.306709 ] } },
{ "type": "Feature", "properties": { "内容": "松下内科クリニック【2:診療所】【診療科目:内科_呼吸器内科_循環器内科】石川県加賀市山代温泉北部４丁目８１－１", "url": "https://www.iryou.teikyouseido.mhlw.go.jp/znk-web/juminkanja/S2430/initialize?prefCd=17&kikanCd=1221035&kikanKbn=2", "url2": null }, "geometry": { "type": "Point", "coordinates": [ 136.3623, 36.295839 ] } },
{ "type": "Feature", "properties": { "内容": "加賀たちばな元気クリニック【2:診療所】【診療科目:内科_呼吸器内科_アレルギー科】石川県加賀市小菅波町１－７０　加賀温泉駅前ビル３階", "url": "https://www.iryou.teikyouseido.mhlw.go.jp/znk-web/juminkanja/S2430/initialize?prefCd=17&kikanCd=1221036&kikanKbn=2", "url2": "http://www.myclinic.ne.jp/tachi/pc/" }, "geometry": { "type": "Point", "coordinates": [ 136.349527, 36.318618 ] } },
{ "type": "Feature", "properties": { "内容": "橋本医院【2:診療所】【診療科目:内科_循環器内科_リハビリテーション科_放射線科】石川県加賀市大聖寺南町", "url": "https://www.iryou.teikyouseido.mhlw.go.jp/znk-web/juminkanja/S2430/initialize?prefCd=17&kikanCd=1221037&kikanKbn=2", "url2": null }, "geometry": { "type": "Point", "coordinates": [ 136.312126, 36.303255 ] } },
{ "type": "Feature", "properties": { "内容": "医療法人社団昂生会吉田医院【2:診療所】【診療科目:内科_呼吸器内科_循環器内科_消化器内科_アレルギー疾患内科_アレルギー科】石川県加賀市山中温泉西桂木町ト４－２", "url": "https://www.iryou.teikyouseido.mhlw.go.jp/znk-web/juminkanja/S2430/initialize?prefCd=17&kikanCd=1221040&kikanKbn=2", "url2": null }, "geometry": { "type": "Point", "coordinates": [ 136.37489, 36.252024 ] } },
{ "type": "Feature", "properties": { "内容": "医療法人すのあ会加賀ぐっすりクリニック【2:診療所】【診療科目:内科_呼吸器内科_耳鼻いんこう科_アレルギー科】石川県加賀市作見町ニ４１－４", "url": "https://www.iryou.teikyouseido.mhlw.go.jp/znk-web/juminkanja/S2430/initialize?prefCd=17&kikanCd=1221042&kikanKbn=2", "url2": "http://www.gussuri.jp/kaga-index.html" }, "geometry": { "type": "Point", "coordinates": [ 136.356087, 36.31927 ] } },
{ "type": "Feature", "properties": { "内容": "の医療法人　社団　大有　のざきクリニック【2:診療所】【診療科目:神経内科_脳神経外科_整形外科】石川県加賀市作見町", "url": "https://www.iryou.teikyouseido.mhlw.go.jp/znk-web/juminkanja/S2430/initialize?prefCd=17&kikanCd=1221044&kikanKbn=2", "url2": null }, "geometry": { "type": "Point", "coordinates": [ 136.355814, 36.318008 ] } },
{ "type": "Feature", "properties": { "内容": "医療法人社団純正会　箱宮クリニック【2:診療所】【診療科目:内科_呼吸器内科_循環器内科】石川県加賀市箱宮町タ１４―１", "url": "https://www.iryou.teikyouseido.mhlw.go.jp/znk-web/juminkanja/S2430/initialize?prefCd=17&kikanCd=1221045&kikanKbn=2", "url2": null }, "geometry": { "type": "Point", "coordinates": [ 136.409534, 36.328339 ] } },
{ "type": "Feature", "properties": { "内容": "もり眼科クリニック【2:診療所】【診療科目:眼科】石川県加賀市作見町二４１−４お医者村ビル２階", "url": "https://www.iryou.teikyouseido.mhlw.go.jp/znk-web/juminkanja/S2430/initialize?prefCd=17&kikanCd=1221047&kikanKbn=2", "url2": null }, "geometry": { "type": "Point", "coordinates": [ 136.356087, 36.31927 ] } },
{ "type": "Feature", "properties": { "内容": "医療法人社団あさがお　あさがおクリニック【2:診療所】【診療科目:内科_外科】石川県白山市倉光", "url": "https://www.iryou.teikyouseido.mhlw.go.jp/znk-web/juminkanja/S2430/initialize?prefCd=17&kikanCd=2120001&kikanKbn=2", "url2": "http://www.asagao-clinic.jp" }, "geometry": { "type": "Point", "coordinates": [ 136.564814, 36.516585 ] } },
{ "type": "Feature", "properties": { "内容": "医療法人社団　有川整形外科医院【2:診療所】【診療科目:漢方内科_整形外科_皮膚科】石川県白山市八ツ矢町２３２番地２", "url": "https://www.iryou.teikyouseido.mhlw.go.jp/znk-web/juminkanja/S2430/initialize?prefCd=17&kikanCd=2120003&kikanKbn=2", "url2": "https://www.arikawaseikei.jp" }, "geometry": { "type": "Point", "coordinates": [ 136.569489, 36.52589 ] } },
{ "type": "Feature", "properties": { "内容": "かわい小児科医院【2:診療所】【診療科目:内科_小児科】石川県白山市安田町５番地", "url": "https://www.iryou.teikyouseido.mhlw.go.jp/znk-web/juminkanja/S2430/initialize?prefCd=17&kikanCd=2120008&kikanKbn=2", "url2": null }, "geometry": { "type": "Point", "coordinates": [ 136.561834, 36.522372 ] } },
{ "type": "Feature", "properties": { "内容": "医療法人社団　川北こどもクリニック【2:診療所】【診療科目:小児科】石川県白山市山島台１丁目１－１", "url": "https://www.iryou.teikyouseido.mhlw.go.jp/znk-web/juminkanja/S2430/initialize?prefCd=17&kikanCd=2120009&kikanKbn=2", "url2": "https://kawakita-clinic.jimdofree.com" }, "geometry": { "type": "Point", "coordinates": [ 136.58121, 36.471529 ] } },
{ "type": "Feature", "properties": { "内容": "医療法人秀健会　石倉内科医院【2:診療所】【診療科目:内科_糖尿病内科】石川県白山市倉光７丁目４１番", "url": "https://www.iryou.teikyouseido.mhlw.go.jp/znk-web/juminkanja/S2430/initialize?prefCd=17&kikanCd=2120010&kikanKbn=2", "url2": "http://www012.upp.so-net.ne.jp/k-naika/" }, "geometry": { "type": "Point", "coordinates": [ 136.570144, 36.515045 ] } },
{ "type": "Feature", "properties": { "内容": "斉藤小児科医院【2:診療所】【診療科目:内科_小児科_アレルギー科】石川県白山市馬場", "url": "https://www.iryou.teikyouseido.mhlw.go.jp/znk-web/juminkanja/S2430/initialize?prefCd=17&kikanCd=2120012&kikanKbn=2", "url2": "http://www.myclinic.ne.jp/saitopediat/pc/" }, "geometry": { "type": "Point", "coordinates": [ 136.563503, 36.520052 ] } },
{ "type": "Feature", "properties": { "内容": "下崎整形外科医院【2:診療所】【診療科目:整形外科_リウマチ科_リハビリテーション科】石川県白山市専福寺町１５８－３", "url": "https://www.iryou.teikyouseido.mhlw.go.jp/znk-web/juminkanja/S2430/initialize?prefCd=17&kikanCd=2120015&kikanKbn=2", "url2": "http://shimozaki-ort.jp/" }, "geometry": { "type": "Point", "coordinates": [ 136.587449, 36.522816 ] } },
{ "type": "Feature", "properties": { "内容": "しらお眼科【2:診療所】【診療科目:眼科】石川県白山市四日市町２７－１", "url": "https://www.iryou.teikyouseido.mhlw.go.jp/znk-web/juminkanja/S2430/initialize?prefCd=17&kikanCd=2120016&kikanKbn=2", "url2": null }, "geometry": { "type": "Point", "coordinates": [ 136.568567, 36.522956 ] } },
{ "type": "Feature", "properties": { "内容": "医療法人社団　谷内科歯科クリニック【2:診療所】【診療科目:内科_循環器内科_消化器内科_歯科】石川県白山市新田町８６－２", "url": "https://www.iryou.teikyouseido.mhlw.go.jp/znk-web/juminkanja/S2430/initialize?prefCd=17&kikanCd=2120018&kikanKbn=2", "url2": null }, "geometry": { "type": "Point", "coordinates": [ 136.570514, 36.535019 ] } },
{ "type": "Feature", "properties": { "内容": "ちくだ医院【2:診療所】【診療科目:内科_循環器内科_消化器内科_リハビリテーション科】石川県白山市倉光", "url": "https://www.iryou.teikyouseido.mhlw.go.jp/znk-web/juminkanja/S2430/initialize?prefCd=17&kikanCd=2120019&kikanKbn=2", "url2": null }, "geometry": { "type": "Point", "coordinates": [ 136.568111, 36.51672 ] } },
{ "type": "Feature", "properties": { "内容": "医療法人社団　津田内科医院【2:診療所】【診療科目:内科_胃腸内科】石川県白山市新成四丁目２３０番地", "url": "https://www.iryou.teikyouseido.mhlw.go.jp/znk-web/juminkanja/S2430/initialize?prefCd=17&kikanCd=2120020&kikanKbn=2", "url2": "http://www.tsudanaika.or.jp/" }, "geometry": { "type": "Point", "coordinates": [ 136.554725, 36.530541 ] } },
{ "type": "Feature", "properties": { "内容": "津田駒工業株式会社　松任工場診療所【2:診療所】【診療科目:内科】石川県白山市宮永市町", "url": "https://www.iryou.teikyouseido.mhlw.go.jp/znk-web/juminkanja/S2430/initialize?prefCd=17&kikanCd=2120021&kikanKbn=2", "url2": null }, "geometry": { "type": "Point", "coordinates": [ 136.572566, 36.539299 ] } },
{ "type": "Feature", "properties": { "内容": "津山クリニック【2:診療所】【診療科目:内科_消化器内科_外科_肛門外科】石川県白山市北安田町", "url": "https://www.iryou.teikyouseido.mhlw.go.jp/znk-web/juminkanja/S2430/initialize?prefCd=17&kikanCd=2120022&kikanKbn=2", "url2": "http://www.tsuyamaclinic.jp/" }, "geometry": { "type": "Point", "coordinates": [ 136.550467, 36.521122 ] } },
{ "type": "Feature", "properties": { "内容": "てらしま内科クリニック【2:診療所】【診療科目:内科_循環器内科_リハビリテーション科】石川県白山市中奥町９１－３", "url": "https://www.iryou.teikyouseido.mhlw.go.jp/znk-web/juminkanja/S2430/initialize?prefCd=17&kikanCd=2120023&kikanKbn=2", "url2": null }, "geometry": { "type": "Point", "coordinates": [ 136.581656, 36.516679 ] } },
{ "type": "Feature", "properties": { "内容": "株式会社トランテックス診療所【2:診療所】【診療科目:内科】石川県白山市徳丸町６７０番地", "url": "https://www.iryou.teikyouseido.mhlw.go.jp/znk-web/juminkanja/S2430/initialize?prefCd=17&kikanCd=2120028&kikanKbn=2", "url2": null }, "geometry": { "type": "Point", "coordinates": [ 136.575635, 36.526109 ] } },
{ "type": "Feature", "properties": { "内容": "医療法人社団　ながしまクリニック【2:診療所】【診療科目:内科_胃腸内科_外科】石川県白山市北安田町９７２－１", "url": "https://www.iryou.teikyouseido.mhlw.go.jp/znk-web/juminkanja/S2430/initialize?prefCd=17&kikanCd=2120030&kikanKbn=2", "url2": "http://www.myclinic.ne.jp/nagacli/pc/" }, "geometry": { "type": "Point", "coordinates": [ 136.55332, 36.525753 ] } },
{ "type": "Feature", "properties": { "内容": "ばんどう内科・呼吸器クリニック【2:診療所】【診療科目:内科_呼吸器内科_アレルギー科】石川県白山市布市１丁目１１３番地", "url": "https://www.iryou.teikyouseido.mhlw.go.jp/znk-web/juminkanja/S2430/initialize?prefCd=17&kikanCd=2120034&kikanKbn=2", "url2": "https://www.bando-naika.com/" }, "geometry": { "type": "Point", "coordinates": [ 136.570723, 36.522372 ] } },
{ "type": "Feature", "properties": { "内容": "べんクリニック【2:診療所】【診療科目:泌尿器科】石川県白山市相木町", "url": "https://www.iryou.teikyouseido.mhlw.go.jp/znk-web/juminkanja/S2430/initialize?prefCd=17&kikanCd=2120035&kikanKbn=2", "url2": "http://www7b.biglobe.ne.jp/~ben-c" }, "geometry": { "type": "Point", "coordinates": [ 136.565611, 36.534821 ] } },
{ "type": "Feature", "properties": { "内容": "むとう小児科医院【2:診療所】【診療科目:小児科_小児皮膚科_アレルギー科】石川県白山市宮永市町６５－２", "url": "https://www.iryou.teikyouseido.mhlw.go.jp/znk-web/juminkanja/S2430/initialize?prefCd=17&kikanCd=2120038&kikanKbn=2", "url2": "http://mutopchp.jp" }, "geometry": { "type": "Point", "coordinates": [ 136.566358, 36.536171 ] } },
{ "type": "Feature", "properties": { "内容": "医療法人社団　矢ケ崎外科医院【2:診療所】【診療科目:内科_胃腸内科_外科_整形外科_リハビリテーション科】石川県白山市徳丸町５９７", "url": "https://www.iryou.teikyouseido.mhlw.go.jp/znk-web/juminkanja/S2430/initialize?prefCd=17&kikanCd=2120039&kikanKbn=2", "url2": null }, "geometry": { "type": "Point", "coordinates": [ 136.574768, 36.516547 ] } },
{ "type": "Feature", "properties": { "内容": "安原医院【2:診療所】【診療科目:内科_胃腸内科】石川県白山市田中町２４２", "url": "https://www.iryou.teikyouseido.mhlw.go.jp/znk-web/juminkanja/S2430/initialize?prefCd=17&kikanCd=2120040&kikanKbn=2", "url2": null }, "geometry": { "type": "Point", "coordinates": [ 136.589753, 36.532092 ] } },
{ "type": "Feature", "properties": { "内容": "やなぎ内科クリニック【2:診療所】【診療科目:内科_消化器内科_胃腸内科】石川県白山市専福寺町１６１－１", "url": "https://www.iryou.teikyouseido.mhlw.go.jp/znk-web/juminkanja/S2430/initialize?prefCd=17&kikanCd=2120041&kikanKbn=2", "url2": "http://www.myclinic.ne.jp/yanagiclinic/" }, "geometry": { "type": "Point", "coordinates": [ 136.587685, 36.523269 ] } },
{ "type": "Feature", "properties": { "内容": "医療法人社団　やまもと内科医院【2:診療所】【診療科目:内科_糖尿病・内分泌内科_呼吸器内科_循環器内科_心臓内科_老年内科】石川県白山市山島台３−９９", "url": "https://www.iryou.teikyouseido.mhlw.go.jp/znk-web/juminkanja/S2430/initialize?prefCd=17&kikanCd=2120042&kikanKbn=2", "url2": null }, "geometry": { "type": "Point", "coordinates": [ 136.578178, 36.471644 ] } },
{ "type": "Feature", "properties": { "内容": "浅井小児科医院【2:診療所】【診療科目:小児科】石川県野々市市本町５−２−１８", "url": "https://www.iryou.teikyouseido.mhlw.go.jp/znk-web/juminkanja/S2430/initialize?prefCd=17&kikanCd=2120045&kikanKbn=2", "url2": null }, "geometry": { "type": "Point", "coordinates": [ 136.610318, 36.531353 ] } },
{ "type": "Feature", "properties": { "内容": "小野木医院【2:診療所】【診療科目:内科_小児科】石川県野々市市本町２丁目１８番２号", "url": "https://www.iryou.teikyouseido.mhlw.go.jp/znk-web/juminkanja/S2430/initialize?prefCd=17&kikanCd=2120055&kikanKbn=2", "url2": null }, "geometry": { "type": "Point", "coordinates": [ 136.621143, 36.53139 ] } },
{ "type": "Feature", "properties": { "内容": "金沢南クリニック【2:診療所】【診療科目:内科】石川県野々市市蓮花寺町１番地１", "url": "https://www.iryou.teikyouseido.mhlw.go.jp/znk-web/juminkanja/S2430/initialize?prefCd=17&kikanCd=2120056&kikanKbn=2", "url2": "http://www.jintikai.com" }, "geometry": { "type": "Point", "coordinates": [ 136.591135, 36.530506 ] } },
{ "type": "Feature", "properties": { "内容": "医療法人社団かわきた整形外科醫院【2:診療所】【診療科目:整形外科_リウマチ科_リハビリテーション科】石川県野々市市押野２－８８", "url": "https://www.iryou.teikyouseido.mhlw.go.jp/znk-web/juminkanja/S2430/initialize?prefCd=17&kikanCd=2120057&kikanKbn=2", "url2": "http://www.kawakita-bjc.com" }, "geometry": { "type": "Point", "coordinates": [ 136.611782, 36.539752 ] } },
{ "type": "Feature", "properties": { "内容": "喜多内科医院【2:診療所】【診療科目:内科_小児科】石川県野々市市横宮町", "url": "https://www.iryou.teikyouseido.mhlw.go.jp/znk-web/juminkanja/S2430/initialize?prefCd=17&kikanCd=2120058&kikanKbn=2", "url2": null }, "geometry": { "type": "Point", "coordinates": [ 136.618395, 36.535825 ] } },
{ "type": "Feature", "properties": { "内容": "医療法人社団　だいもん内科・腎透析クリニック【2:診療所】【診療科目:内科_腎臓内科_人工透析内科】石川県野々市市押野", "url": "https://www.iryou.teikyouseido.mhlw.go.jp/znk-web/juminkanja/S2430/initialize?prefCd=17&kikanCd=2120063&kikanKbn=2", "url2": "https://daimon-clinic.jp/" }, "geometry": { "type": "Point", "coordinates": [ 136.616793, 36.541842 ] } },
{ "type": "Feature", "properties": { "内容": "医療法人社団辻󠄀川会つじ川内科クリニック【2:診療所】【診療科目:内科_糖尿病内科_内分泌内科_呼吸器内科_循環器内科_消化器内科_腎臓内科_神経内科】石川県野々市市位川", "url": "https://www.iryou.teikyouseido.mhlw.go.jp/znk-web/juminkanja/S2430/initialize?prefCd=17&kikanCd=2120065&kikanKbn=2", "url2": null }, "geometry": { "type": "Point", "coordinates": [ 136.60668, 36.523854 ] } },
{ "type": "Feature", "properties": { "内容": "医療法人社団　とみたクリニック【2:診療所】【診療科目:内科_消化器内科_外科】石川県野々市市粟田３丁目５５番地", "url": "https://www.iryou.teikyouseido.mhlw.go.jp/znk-web/juminkanja/S2430/initialize?prefCd=17&kikanCd=2120068&kikanKbn=2", "url2": null }, "geometry": { "type": "Point", "coordinates": [ 136.613617, 36.513974 ] } },
{ "type": "Feature", "properties": { "内容": "医療法人社団宏治会　ののいち産婦人科クリニック【2:診療所】【診療科目:産婦人科】石川県野々市市本町２丁目１８－２２", "url": "https://www.iryou.teikyouseido.mhlw.go.jp/znk-web/juminkanja/S2430/initialize?prefCd=17&kikanCd=2120073&kikanKbn=2", "url2": "http://nonoichi-maternity.com/" }, "geometry": { "type": "Point", "coordinates": [ 136.620859, 36.531595 ] } },
{ "type": "Feature", "properties": { "内容": "社会医療法人財団　松原愛育会　野々市こころのクリニック【2:診療所】【診療科目:精神科_心療内科】石川県野々市市二日市１ー５０", "url": "https://www.iryou.teikyouseido.mhlw.go.jp/znk-web/juminkanja/S2430/initialize?prefCd=17&kikanCd=2120074&kikanKbn=2", "url2": "http://www.kokorono-cl.com/" }, "geometry": { "type": "Point", "coordinates": [ 136.596515, 36.541922 ] } },
{ "type": "Feature", "properties": { "内容": "医療法人社団　ののいち白山醫院【2:診療所】【診療科目:内科_胃腸内科_外科_脳神経外科_整形外科】石川県野々市市太平寺", "url": "https://www.iryou.teikyouseido.mhlw.go.jp/znk-web/juminkanja/S2430/initialize?prefCd=17&kikanCd=2120075&kikanKbn=2", "url2": "https://nonoichihakusaniin.blogspot.com/" }, "geometry": { "type": "Point", "coordinates": [ 136.606824, 36.532222 ] } },
{ "type": "Feature", "properties": { "内容": "はしもと内科クリニック【2:診療所】【診療科目:内科_呼吸器内科_循環器内科_消化器内科】石川県野々市市上林４－６５１－１", "url": "https://www.iryou.teikyouseido.mhlw.go.jp/znk-web/juminkanja/S2430/initialize?prefCd=17&kikanCd=2120076&kikanKbn=2", "url2": "https://hashimoto-naika-clinic.jp/" }, "geometry": { "type": "Point", "coordinates": [ 136.606205, 36.504401 ] } },
{ "type": "Feature", "properties": { "内容": "医療法人社団　ふるさわ内科クリニック【2:診療所】【診療科目:内科_消化器内科】石川県野々市市押野２－５４", "url": "https://www.iryou.teikyouseido.mhlw.go.jp/znk-web/juminkanja/S2430/initialize?prefCd=17&kikanCd=2120078&kikanKbn=2", "url2": null }, "geometry": { "type": "Point", "coordinates": [ 136.61197, 36.540329 ] } },
{ "type": "Feature", "properties": { "内容": "ほりかわクリニック【2:診療所】【診療科目:眼科_耳鼻いんこう科_アレルギー科】石川県野々市市御経塚２－２７０", "url": "https://www.iryou.teikyouseido.mhlw.go.jp/znk-web/juminkanja/S2430/initialize?prefCd=17&kikanCd=2120079&kikanKbn=2", "url2": "http://www2.spacelan.ne.jp/~horikawacl/" }, "geometry": { "type": "Point", "coordinates": [ 136.595668, 36.547591 ] } },
{ "type": "Feature", "properties": { "内容": "やまかわ内科クリニック【2:診療所】【診療科目:内科_消化器内科_神経内科】石川県野々市市藤平田１丁目４７２", "url": "https://www.iryou.teikyouseido.mhlw.go.jp/znk-web/juminkanja/S2430/initialize?prefCd=17&kikanCd=2120081&kikanKbn=2", "url2": "http://www.yamakawa-nc.com/" }, "geometry": { "type": "Point", "coordinates": [ 136.606691, 36.517049 ] } },
{ "type": "Feature", "properties": { "内容": "やまむら眼科医院【2:診療所】【診療科目:眼科】石川県野々市市新庄５－１０６", "url": "https://www.iryou.teikyouseido.mhlw.go.jp/znk-web/juminkanja/S2430/initialize?prefCd=17&kikanCd=2120083&kikanKbn=2", "url2": null }, "geometry": { "type": "Point", "coordinates": [ 136.609132, 36.506034 ] } },
{ "type": "Feature", "properties": { "内容": "医療法人社団　山本クリニック【2:診療所】【診療科目:内科_消化器内科_胃腸内科_外科_肛門外科_整形外科】石川県野々市市新庄一丁目２７３番地", "url": "https://www.iryou.teikyouseido.mhlw.go.jp/znk-web/juminkanja/S2430/initialize?prefCd=17&kikanCd=2120084&kikanKbn=2", "url2": "http://www.yama-clinic.jp" }, "geometry": { "type": "Point", "coordinates": [ 136.61135, 36.501883 ] } },
{ "type": "Feature", "properties": { "内容": "吉光内科医院【2:診療所】【診療科目:内科_糖尿病・内分泌内科_消化器内科_内視鏡内科】石川県野々市市田尻町２１街区１番", "url": "https://www.iryou.teikyouseido.mhlw.go.jp/znk-web/juminkanja/S2430/initialize?prefCd=17&kikanCd=2120086&kikanKbn=2", "url2": "http://yoshimitsu-naika.com/" }, "geometry": { "type": "Point", "coordinates": [ 136.597404, 36.529615 ] } },
{ "type": "Feature", "properties": { "内容": "医療法人社団　若林眼科【2:診療所】【診療科目:眼科】石川県野々市市太平寺３丁目１６０番地", "url": "https://www.iryou.teikyouseido.mhlw.go.jp/znk-web/juminkanja/S2430/initialize?prefCd=17&kikanCd=2120088&kikanKbn=2", "url2": "http://www.waka.or.jp" }, "geometry": { "type": "Point", "coordinates": [ 136.605796, 36.53245 ] } },
{ "type": "Feature", "properties": { "内容": "医療法人社団仁生会　渡辺耳鼻咽喉科医院【2:診療所】【診療科目:耳鼻いんこう科】石川県野々市市本町４丁目９番１２号", "url": "https://www.iryou.teikyouseido.mhlw.go.jp/znk-web/juminkanja/S2430/initialize?prefCd=17&kikanCd=2120089&kikanKbn=2", "url2": "https://www.w-nabe-ent1977.com" }, "geometry": { "type": "Point", "coordinates": [ 136.610945, 36.531976 ] } },
{ "type": "Feature", "properties": { "内容": "井村内科・腎透析クリニック【2:診療所】【診療科目:内科_循環器内科_人工透析内科】石川県白山市美川中町ル４０－１", "url": "https://www.iryou.teikyouseido.mhlw.go.jp/znk-web/juminkanja/S2430/initialize?prefCd=17&kikanCd=2120091&kikanKbn=2", "url2": "http://imuranaika.net/" }, "geometry": { "type": "Point", "coordinates": [ 136.484032, 36.486676 ] } },
{ "type": "Feature", "properties": { "内容": "うしむら眼科クリニック【2:診療所】【診療科目:眼科】石川県白山市井関町１１５－３", "url": "https://www.iryou.teikyouseido.mhlw.go.jp/znk-web/juminkanja/S2430/initialize?prefCd=17&kikanCd=2120092&kikanKbn=2", "url2": "https://ushi1379shige.wixsite.com/website" }, "geometry": { "type": "Point", "coordinates": [ 136.5019, 36.4924 ] } },
{ "type": "Feature", "properties": { "内容": "医療法人社団聖来美クリニック　聖来美クリニック【2:診療所】【診療科目:整形外科_リウマチ科_リハビリテーション科】石川県白山市井関町１１５番地１", "url": "https://www.iryou.teikyouseido.mhlw.go.jp/znk-web/juminkanja/S2430/initialize?prefCd=17&kikanCd=2120094&kikanKbn=2", "url2": "http://cavie-es.com" }, "geometry": { "type": "Point", "coordinates": [ 136.501302, 36.492625 ] } },
{ "type": "Feature", "properties": { "内容": "医療法人社団　長尾医院【2:診療所】【診療科目:内科_呼吸器内科_消化器内科_外科】石川県白山市美川永代町", "url": "https://www.iryou.teikyouseido.mhlw.go.jp/znk-web/juminkanja/S2430/initialize?prefCd=17&kikanCd=2120098&kikanKbn=2", "url2": null }, "geometry": { "type": "Point", "coordinates": [ 136.48662, 36.487229 ] } },
{ "type": "Feature", "properties": { "内容": "なかでクリニック【2:診療所】【診療科目:内科_皮膚科_泌尿器科】石川県白山市鹿島平１１番地６０", "url": "https://www.iryou.teikyouseido.mhlw.go.jp/znk-web/juminkanja/S2430/initialize?prefCd=17&kikanCd=2120099&kikanKbn=2", "url2": "http://nakade-jabez.jp" }, "geometry": { "type": "Point", "coordinates": [ 136.507938, 36.505868 ] } },
{ "type": "Feature", "properties": { "内容": "織田内科クリニック【2:診療所】【診療科目:内科】石川県白山市鶴来本町ヲ１１", "url": "https://www.iryou.teikyouseido.mhlw.go.jp/znk-web/juminkanja/S2430/initialize?prefCd=17&kikanCd=2120102&kikanKbn=2", "url2": null }, "geometry": { "type": "Point", "coordinates": [ 136.626282, 36.449737 ] } },
{ "type": "Feature", "properties": { "内容": "きむら耳鼻咽喉科クリニック【2:診療所】【診療科目:耳鼻いんこう科_頭頸部・耳鼻いんこう科】石川県白山市井口町", "url": "https://www.iryou.teikyouseido.mhlw.go.jp/znk-web/juminkanja/S2430/initialize?prefCd=17&kikanCd=2120103&kikanKbn=2", "url2": null }, "geometry": { "type": "Point", "coordinates": [ 136.602266, 36.476291 ] } },
{ "type": "Feature", "properties": { "内容": "さなだクリニック【2:診療所】【診療科目:内科_循環器内科】石川県白山市鶴来古町ワ７", "url": "https://www.iryou.teikyouseido.mhlw.go.jp/znk-web/juminkanja/S2430/initialize?prefCd=17&kikanCd=2120104&kikanKbn=2", "url2": null }, "geometry": { "type": "Point", "coordinates": [ 136.625698, 36.448257 ] } },
{ "type": "Feature", "properties": { "内容": "せいだクリニック【2:診療所】【診療科目:内科_婦人科】石川県白山市道法寺町ニ１０番地", "url": "https://www.iryou.teikyouseido.mhlw.go.jp/znk-web/juminkanja/S2430/initialize?prefCd=17&kikanCd=2120105&kikanKbn=2", "url2": null }, "geometry": { "type": "Point", "coordinates": [ 136.612218, 36.486242 ] } },
{ "type": "Feature", "properties": { "内容": "医療法人社団　輝秀会　ただなわ整形外科クリニック【2:診療所】【診療科目:整形外科_リハビリテーション科】石川県白山市井口町に８０番１", "url": "https://www.iryou.teikyouseido.mhlw.go.jp/znk-web/juminkanja/S2430/initialize?prefCd=17&kikanCd=2120106&kikanKbn=2", "url2": null }, "geometry": { "type": "Point", "coordinates": [ 136.601088, 36.471283 ] } },
{ "type": "Feature", "properties": { "内容": "白山石川医療企業団吉野谷診療所【2:診療所】【診療科目:内科】石川県白山市佐良ニ１２４番地", "url": "https://www.iryou.teikyouseido.mhlw.go.jp/znk-web/juminkanja/S2430/initialize?prefCd=17&kikanCd=2120110&kikanKbn=2", "url2": null }, "geometry": { "type": "Point", "coordinates": [ 136.646834500000011, 36.3241421 ] } },
{ "type": "Feature", "properties": { "内容": "白山石川医療企業団　中宮診療所【2:診療所】【診療科目:内科】石川県白山市中宮カ３番地", "url": "https://www.iryou.teikyouseido.mhlw.go.jp/znk-web/juminkanja/S2430/initialize?prefCd=17&kikanCd=2120111&kikanKbn=2", "url2": null }, "geometry": { "type": "Point", "coordinates": [ 136.689448, 36.276805 ] } },
{ "type": "Feature", "properties": { "内容": "白山石川医療企業団　白峰診療所【2:診療所】【診療科目:内科_外科_整形外科_眼科_皮膚科】石川県白山市白峰ハ１５７番１地", "url": "https://www.iryou.teikyouseido.mhlw.go.jp/znk-web/juminkanja/S2430/initialize?prefCd=17&kikanCd=2120112&kikanKbn=2", "url2": null }, "geometry": { "type": "Point", "coordinates": [ 136.62434, 36.176374 ] } },
{ "type": "Feature", "properties": { "内容": "福留クリニック【2:診療所】【診療科目:内科_脳神経外科_整形外科】石川県白山市福留町１７９番地１", "url": "https://www.iryou.teikyouseido.mhlw.go.jp/znk-web/juminkanja/S2430/initialize?prefCd=17&kikanCd=2120115&kikanKbn=2", "url2": "https://fukudomeclinic.com" }, "geometry": { "type": "Point", "coordinates": [ 136.526381, 36.490723 ] } },
{ "type": "Feature", "properties": { "内容": "東京ノーストクリニック【2:診療所】【診療科目:形成外科_泌尿器科】石川県金沢市広岡１－２－１４コーワビル６Ｆ", "url": "https://www.iryou.teikyouseido.mhlw.go.jp/znk-web/juminkanja/S2430/initialize?prefCd=17&kikanCd=219&kikanKbn=2", "url2": null }, "geometry": { "type": "Point", "coordinates": [ 136.64646, 36.580152 ] } },
{ "type": "Feature", "properties": { "内容": "水野小児科医院【2:診療所】【診療科目:内科_小児科】石川県金沢市寺中町ホ４６", "url": "https://www.iryou.teikyouseido.mhlw.go.jp/znk-web/juminkanja/S2430/initialize?prefCd=17&kikanCd=222&kikanKbn=2", "url2": null }, "geometry": { "type": "Point", "coordinates": [ 136.604077, 36.596792 ] } },
{ "type": "Feature", "properties": { "内容": "石倉クリニック【2:診療所】【診療科目:形成外科_皮膚科】石川県河北郡津幡町北中条６ー７３", "url": "https://www.iryou.teikyouseido.mhlw.go.jp/znk-web/juminkanja/S2430/initialize?prefCd=17&kikanCd=2220002&kikanKbn=2", "url2": "http://www.ishikura-c.jp" }, "geometry": { "type": "Point", "coordinates": [ 136.727927, 36.660106 ] } },
{ "type": "Feature", "properties": { "内容": "医療法人社団　いこま眼科医院【2:診療所】【診療科目:眼科】石川県河北郡津幡町津幡ニ５２２番地", "url": "https://www.iryou.teikyouseido.mhlw.go.jp/znk-web/juminkanja/S2430/initialize?prefCd=17&kikanCd=2220004&kikanKbn=2", "url2": null }, "geometry": { "type": "Point", "coordinates": [ 136.736537, 36.672593 ] } },
{ "type": "Feature", "properties": { "内容": "医療法人社団　かわむら整形外科クリニック【2:診療所】【診療科目:整形外科_リウマチ科_リハビリテーション科】石川県河北郡津幡町横浜", "url": "https://www.iryou.teikyouseido.mhlw.go.jp/znk-web/juminkanja/S2430/initialize?prefCd=17&kikanCd=2220006&kikanKbn=2", "url2": "https://kawamura-orthopaedics.jp/" }, "geometry": { "type": "Point", "coordinates": [ 136.7311521, 36.6664331 ] } },
{ "type": "Feature", "properties": { "内容": "医療法人社団　山崎外科胃腸科医院【2:診療所】【診療科目:胃腸内科_外科_整形外科】石川県河北郡津幡町加賀爪リ２０", "url": "https://www.iryou.teikyouseido.mhlw.go.jp/znk-web/juminkanja/S2430/initialize?prefCd=17&kikanCd=2220008&kikanKbn=2", "url2": null }, "geometry": { "type": "Point", "coordinates": [ 136.73591, 36.667773 ] } },
{ "type": "Feature", "properties": { "内容": "うえしま整形外科・運動器クリニック【2:診療所】【診療科目:整形外科_リハビリテーション科】石川県河北郡津幡町清水", "url": "https://www.iryou.teikyouseido.mhlw.go.jp/znk-web/juminkanja/S2430/initialize?prefCd=17&kikanCd=2220009&kikanKbn=2", "url2": null }, "geometry": { "type": "Point", "coordinates": [ 136.734424, 36.675282 ] } },
{ "type": "Feature", "properties": { "内容": "医療法人社団ブレイン・ヘルス　キジマ　あたまのクリニック【2:診療所】【診療科目:神経内科_脳神経外科】石川県河北郡津幡町北中条２丁目３３番地", "url": "https://www.iryou.teikyouseido.mhlw.go.jp/znk-web/juminkanja/S2430/initialize?prefCd=17&kikanCd=2220010&kikanKbn=2", "url2": "https://brain-health.or.jp/" }, "geometry": { "type": "Point", "coordinates": [ 136.727329, 36.662655 ] } },
{ "type": "Feature", "properties": { "内容": "たなべ眼科医院【2:診療所】【診療科目:眼科】石川県河北郡津幡町北中条８－５７－１", "url": "https://www.iryou.teikyouseido.mhlw.go.jp/znk-web/juminkanja/S2430/initialize?prefCd=17&kikanCd=2220014&kikanKbn=2", "url2": "https://tanabeganka.jp" }, "geometry": { "type": "Point", "coordinates": [ 136.726516, 36.659998 ] } },
{ "type": "Feature", "properties": { "内容": "松岡医院【2:診療所】【診療科目:内科_小児科】石川県河北郡津幡町越中坂", "url": "https://www.iryou.teikyouseido.mhlw.go.jp/znk-web/juminkanja/S2430/initialize?prefCd=17&kikanCd=2220018&kikanKbn=2", "url2": null }, "geometry": { "type": "Point", "coordinates": [ 136.792391, 36.669795 ] } },
{ "type": "Feature", "properties": { "内容": "山田耳鼻咽喉科医院【2:診療所】【診療科目:耳鼻いんこう科】石川県河北郡津幡町津幡ロ５ー１０", "url": "https://www.iryou.teikyouseido.mhlw.go.jp/znk-web/juminkanja/S2430/initialize?prefCd=17&kikanCd=2220020&kikanKbn=2", "url2": "https://yamada-ent-since1963.jp/" }, "geometry": { "type": "Point", "coordinates": [ 136.736022, 36.670002 ] } },
{ "type": "Feature", "properties": { "内容": "由雄クリニック【2:診療所】【診療科目:内科_循環器内科】石川県河北郡津幡町横浜は５０ー６", "url": "https://www.iryou.teikyouseido.mhlw.go.jp/znk-web/juminkanja/S2430/initialize?prefCd=17&kikanCd=2220021&kikanKbn=2", "url2": null }, "geometry": { "type": "Point", "coordinates": [ 136.729574, 36.668004 ] } },
{ "type": "Feature", "properties": { "内容": "社会福祉法人能登福祉会　特別養護老人ホーム　ふぃらーじゅ　医務室【2:診療所】【診療科目:内科】石川県河北郡津幡町東荒屋４１３番地", "url": "https://www.iryou.teikyouseido.mhlw.go.jp/znk-web/juminkanja/S2430/initialize?prefCd=17&kikanCd=2220023&kikanKbn=2", "url2": "http://www.feuillage.gr.jp" }, "geometry": { "type": "Point", "coordinates": [ 136.750994, 36.663477 ] } },
{ "type": "Feature", "properties": { "内容": "医療法人社団　秋山クリニック【2:診療所】【診療科目:内科_消化器内科_胃腸内科_肛門外科】石川県河北郡内灘町ハマナス１－８－１", "url": "https://www.iryou.teikyouseido.mhlw.go.jp/znk-web/juminkanja/S2430/initialize?prefCd=17&kikanCd=2220024&kikanKbn=2", "url2": null }, "geometry": { "type": "Point", "coordinates": [ 136.64172, 36.654266 ] } },
{ "type": "Feature", "properties": { "内容": "医療法人社団　金原皮膚科医院【2:診療所】【診療科目:皮膚科】石川県河北郡内灘町アカシア１－４８", "url": "https://www.iryou.teikyouseido.mhlw.go.jp/znk-web/juminkanja/S2430/initialize?prefCd=17&kikanCd=2220025&kikanKbn=2", "url2": "http://kinbara-hifuka.a.la9.jp/" }, "geometry": { "type": "Point", "coordinates": [ 136.634704, 36.634032 ] } },
{ "type": "Feature", "properties": { "内容": "医療法人社団　紺井医院【2:診療所】【診療科目:内科_小児科_リウマチ科】石川県河北郡内灘町字緑台１－７", "url": "https://www.iryou.teikyouseido.mhlw.go.jp/znk-web/juminkanja/S2430/initialize?prefCd=17&kikanCd=2220026&kikanKbn=2", "url2": "http://koni-clinic.jp" }, "geometry": { "type": "Point", "coordinates": [ 136.632107, 36.63529 ] } },
{ "type": "Feature", "properties": { "内容": "医療法人社団　田中医院【2:診療所】【診療科目:耳鼻いんこう科_頭頸部・耳鼻いんこう科】石川県河北郡内灘町向陽台１－１６３", "url": "https://www.iryou.teikyouseido.mhlw.go.jp/znk-web/juminkanja/S2430/initialize?prefCd=17&kikanCd=2220027&kikanKbn=2", "url2": null }, "geometry": { "type": "Point", "coordinates": [ 136.633729, 36.63854 ] } },
{ "type": "Feature", "properties": { "内容": "医療法人社団　政岡医院【2:診療所】【診療科目:内科_小児科】石川県河北郡内灘町鶴ケ丘", "url": "https://www.iryou.teikyouseido.mhlw.go.jp/znk-web/juminkanja/S2430/initialize?prefCd=17&kikanCd=2220028&kikanKbn=2", "url2": null }, "geometry": { "type": "Point", "coordinates": [ 136.63861, 36.643691 ] } },
{ "type": "Feature", "properties": { "内容": "医療法人社団　村田医院【2:診療所】【診療科目:内科_小児科_泌尿器科】石川県河北郡内灘町鶴ヶ丘２－８", "url": "https://www.iryou.teikyouseido.mhlw.go.jp/znk-web/juminkanja/S2430/initialize?prefCd=17&kikanCd=2220029&kikanKbn=2", "url2": null }, "geometry": { "type": "Point", "coordinates": [ 136.64004, 36.641478 ] } },
{ "type": "Feature", "properties": { "内容": "医療法人社団　望月眼科医院【2:診療所】【診療科目:眼科】石川県河北郡内灘町旭ケ丘１４２", "url": "https://www.iryou.teikyouseido.mhlw.go.jp/znk-web/juminkanja/S2430/initialize?prefCd=17&kikanCd=2220030&kikanKbn=2", "url2": "http://www.h7.dion.ne.jp/~mochieye" }, "geometry": { "type": "Point", "coordinates": [ 136.633484, 36.630967 ] } },
{ "type": "Feature", "properties": { "内容": "医療法人社団　リロ　耳鼻咽喉科はまなすクリニック【2:診療所】【診療科目:耳鼻いんこう科】石川県河北郡内灘町ハマナス２－７", "url": "https://www.iryou.teikyouseido.mhlw.go.jp/znk-web/juminkanja/S2430/initialize?prefCd=17&kikanCd=2220036&kikanKbn=2", "url2": "https://hamanasu-clinic.com/" }, "geometry": { "type": "Point", "coordinates": [ 136.642078, 36.654507 ] } },
{ "type": "Feature", "properties": { "内容": "おきの内科医院【2:診療所】【診療科目:内科_脳神経内科】石川県かほく市遠塚ロ５４番地", "url": "https://www.iryou.teikyouseido.mhlw.go.jp/znk-web/juminkanja/S2430/initialize?prefCd=17&kikanCd=2220039&kikanKbn=2", "url2": "http://www.okino-mc.com/" }, "geometry": { "type": "Point", "coordinates": [ 136.701227, 36.735641 ] } },
{ "type": "Feature", "properties": { "内容": "医療法人　沖野会　沖野クリニック【2:診療所】【診療科目:内科_小児科】石川県かほく市高松ノ１－１１", "url": "https://www.iryou.teikyouseido.mhlw.go.jp/znk-web/juminkanja/S2430/initialize?prefCd=17&kikanCd=2220040&kikanKbn=2", "url2": null }, "geometry": { "type": "Point", "coordinates": [ 136.724628, 36.768188 ] } },
{ "type": "Feature", "properties": { "内容": "医療法人社団　宇野気医院【2:診療所】【診療科目:内科_小児科_皮膚科】石川県かほく市宇野気チ３３番地１６", "url": "https://www.iryou.teikyouseido.mhlw.go.jp/znk-web/juminkanja/S2430/initialize?prefCd=17&kikanCd=2220041&kikanKbn=2", "url2": "https://www.unokeiin.jp/" }, "geometry": { "type": "Point", "coordinates": [ 136.70088, 36.720672 ] } },
{ "type": "Feature", "properties": { "内容": "医療法人社団　紺谷医院【2:診療所】【診療科目:内科_小児科】石川県かほく市木津へ１２の１", "url": "https://www.iryou.teikyouseido.mhlw.go.jp/znk-web/juminkanja/S2430/initialize?prefCd=17&kikanCd=2220042&kikanKbn=2", "url2": null }, "geometry": { "type": "Point", "coordinates": [ 136.70405, 36.746338 ] } },
{ "type": "Feature", "properties": { "内容": "なかお医院【2:診療所】【診療科目:内科_循環器内科_消化器内科_小児科】石川県かほく市七窪ハ１７－６", "url": "https://www.iryou.teikyouseido.mhlw.go.jp/znk-web/juminkanja/S2430/initialize?prefCd=17&kikanCd=2220044&kikanKbn=2", "url2": null }, "geometry": { "type": "Point", "coordinates": [ 136.708879, 36.724348 ] } },
{ "type": "Feature", "properties": { "内容": "医療法人社団　山﨑耳鼻咽喉科クリニック【2:診療所】【診療科目:耳鼻いんこう科】石川県七尾市古府町り１番地３", "url": "https://www.iryou.teikyouseido.mhlw.go.jp/znk-web/juminkanja/S2430/initialize?prefCd=17&kikanCd=2220045&kikanKbn=2", "url2": "https://www.yamazaki-entclinic.com/" }, "geometry": { "type": "Point", "coordinates": [ 136.698678, 36.721921 ] } },
{ "type": "Feature", "properties": { "内容": "医療法人社団　らいふクリニック【2:診療所】【診療科目:内科_腎臓内科_透析血管外科_リウマチ科】石川県かほく市白尾ロ３２－１", "url": "https://www.iryou.teikyouseido.mhlw.go.jp/znk-web/juminkanja/S2430/initialize?prefCd=17&kikanCd=2220046&kikanKbn=2", "url2": null }, "geometry": { "type": "Point", "coordinates": [ 136.699051, 36.720685 ] } },
{ "type": "Feature", "properties": { "内容": "医療法人社団角田医院　かくだメディカルクリニック【2:診療所】【診療科目:内科_脂質代謝内科_糖尿病・内分泌内科_呼吸器内科_循環器内科_消化器内科_内視鏡内科】石川県かほく市高松ム６９番地２", "url": "https://www.iryou.teikyouseido.mhlw.go.jp/znk-web/juminkanja/S2430/initialize?prefCd=17&kikanCd=2220047&kikanKbn=2", "url2": "https://www.kakuda-med.clinic/" }, "geometry": { "type": "Point", "coordinates": [ 136.725404, 36.770722 ] } },
{ "type": "Feature", "properties": { "内容": "きた眼科クリニック【2:診療所】【診療科目:眼科】石川県かほく市白尾イ５０－１", "url": "https://www.iryou.teikyouseido.mhlw.go.jp/znk-web/juminkanja/S2430/initialize?prefCd=17&kikanCd=2220050&kikanKbn=2", "url2": null }, "geometry": { "type": "Point", "coordinates": [ 136.699839, 36.722925 ] } },
{ "type": "Feature", "properties": { "内容": "北谷クリニック【2:診療所】【診療科目:内科_胃腸内科_外科_小児科】石川県かほく市高松ア１－１", "url": "https://www.iryou.teikyouseido.mhlw.go.jp/znk-web/juminkanja/S2430/initialize?prefCd=17&kikanCd=2220051&kikanKbn=2", "url2": null }, "geometry": { "type": "Point", "coordinates": [ 136.717324, 36.763035 ] } },
{ "type": "Feature", "properties": { "内容": "医療法人　久保医院【2:診療所】【診療科目:内科_小児科】石川県かほく市宇野気", "url": "https://www.iryou.teikyouseido.mhlw.go.jp/znk-web/juminkanja/S2430/initialize?prefCd=17&kikanCd=2220052&kikanKbn=2", "url2": null }, "geometry": { "type": "Point", "coordinates": [ 136.704817, 36.724782 ] } },
{ "type": "Feature", "properties": { "内容": "医療法人社団ミロク町診療所【2:診療所】【診療科目:神経内科_皮膚科_精神科】石川県金沢市弥勒町ロ７０番地３", "url": "https://www.iryou.teikyouseido.mhlw.go.jp/znk-web/juminkanja/S2430/initialize?prefCd=17&kikanCd=241&kikanKbn=2", "url2": "http://www8.ocn.ne.jp/~psymiro/" }, "geometry": { "type": "Point", "coordinates": [ 136.690662, 36.612564 ] } },
{ "type": "Feature", "properties": { "内容": "公益社団法人　石川勤労者医療協会　健生クリニック【2:診療所】【診療科目:内科_消化器内科_小児科】石川県金沢市平和町３－５－２", "url": "https://www.iryou.teikyouseido.mhlw.go.jp/znk-web/juminkanja/S2430/initialize?prefCd=17&kikanCd=248&kikanKbn=2", "url2": "http://kensei-clinic.jp/" }, "geometry": { "type": "Point", "coordinates": [ 136.660908, 36.54115 ] } },
{ "type": "Feature", "properties": { "内容": "池田内科クリニック【2:診療所】【診療科目:内科_呼吸器内科_循環器内科】石川県金沢市高尾台", "url": "https://www.iryou.teikyouseido.mhlw.go.jp/znk-web/juminkanja/S2430/initialize?prefCd=17&kikanCd=252&kikanKbn=2", "url2": "https://ikedanaika-clinc.com/" }, "geometry": { "type": "Point", "coordinates": [ 136.634025, 36.523974 ] } },
{ "type": "Feature", "properties": { "内容": "さとうクリニック【2:診療所】【診療科目:内科_泌尿器科】石川県河北郡内灘町ハマナス２－３８　ノーブルハイツ２　１Ⅾ", "url": "https://www.iryou.teikyouseido.mhlw.go.jp/znk-web/juminkanja/S2430/initialize?prefCd=17&kikanCd=267&kikanKbn=2", "url2": null }, "geometry": { "type": "Point", "coordinates": [ 136.642859, 36.655157 ] } },
{ "type": "Feature", "properties": { "内容": "ティーズ内科クリニック【2:診療所】【診療科目:内科_糖尿病内科_代謝内科_糖尿病・内分泌内科_糖尿病・代謝内科_代謝・内分泌内科_消化器内科_肝臓内科】石川県金沢市松村４丁目３０８番地", "url": "https://www.iryou.teikyouseido.mhlw.go.jp/znk-web/juminkanja/S2430/initialize?prefCd=17&kikanCd=268&kikanKbn=2", "url2": "http://www.t-s-naika-clinic.jp" }, "geometry": { "type": "Point", "coordinates": [ 136.611737, 36.583012 ] } },
{ "type": "Feature", "properties": { "内容": "白山室堂診療所【2:診療所】【診療科目:内科】石川県白山市白峰白山室堂平", "url": "https://www.iryou.teikyouseido.mhlw.go.jp/znk-web/juminkanja/S2430/initialize?prefCd=17&kikanCd=271&kikanKbn=2", "url2": "www.kagahakusan.jp" }, "geometry": { "type": "Point", "coordinates": [ 136.762613, 36.160199 ] } },
{ "type": "Feature", "properties": { "内容": "医療法人社団健巧会　江守クリニック【2:診療所】【診療科目:内科_神経内科_脳神経外科_リハビリテーション科】石川県金沢市割出町７０９－１", "url": "https://www.iryou.teikyouseido.mhlw.go.jp/znk-web/juminkanja/S2430/initialize?prefCd=17&kikanCd=272&kikanKbn=2", "url2": "http://emoriclinic.com/" }, "geometry": { "type": "Point", "coordinates": [ 136.636494, 36.602118 ] } },
{ "type": "Feature", "properties": { "内容": "医療法人社団　金沢先進医学センター【2:診療所】【診療科目:外科_整形外科_放射線科】石川県金沢市宝町１３－１", "url": "https://www.iryou.teikyouseido.mhlw.go.jp/znk-web/juminkanja/S2430/initialize?prefCd=17&kikanCd=277&kikanKbn=2", "url2": "http://kadmedic.jp/" }, "geometry": { "type": "Point", "coordinates": [ 136.672757, 36.556909 ] } },
{ "type": "Feature", "properties": { "内容": "特別養護老人ホーム金澤五番丁付属診療所【2:診療所】【診療科目:内科】石川県金沢市下本多町五番丁１４番地", "url": "https://www.iryou.teikyouseido.mhlw.go.jp/znk-web/juminkanja/S2430/initialize?prefCd=17&kikanCd=279&kikanKbn=2", "url2": null }, "geometry": { "type": "Point", "coordinates": [ 136.657977, 36.556662 ] } },
{ "type": "Feature", "properties": { "内容": "たけお皮膚科クリニック【2:診療所】【診療科目:皮膚科】石川県白山市北安田町５００３番地", "url": "https://www.iryou.teikyouseido.mhlw.go.jp/znk-web/juminkanja/S2430/initialize?prefCd=17&kikanCd=281&kikanKbn=2", "url2": "http://takeohifuka.jp" }, "geometry": { "type": "Point", "coordinates": [ 136.547243, 36.525267 ] } },
{ "type": "Feature", "properties": { "内容": "たがわ眼科クリニック【2:診療所】【診療科目:眼科】石川県金沢市田上の里", "url": "https://www.iryou.teikyouseido.mhlw.go.jp/znk-web/juminkanja/S2430/initialize?prefCd=17&kikanCd=283&kikanKbn=2", "url2": "http://tagawa-eye.com/" }, "geometry": { "type": "Point", "coordinates": [ 136.69352, 36.545094 ] } },
{ "type": "Feature", "properties": { "内容": "田中内科クリニック【2:診療所】【診療科目:内科】石川県七尾市藤橋町戌１５番１", "url": "https://www.iryou.teikyouseido.mhlw.go.jp/znk-web/juminkanja/S2430/initialize?prefCd=17&kikanCd=284&kikanKbn=2", "url2": "https://www.tanaka-medical.jp/" }, "geometry": { "type": "Point", "coordinates": [ 136.954516, 37.038993 ] } },
{ "type": "Feature", "properties": { "内容": "みやうち眼科【2:診療所】【診療科目:眼科_アレルギー科】石川県金沢市松村４ー３０５", "url": "https://www.iryou.teikyouseido.mhlw.go.jp/znk-web/juminkanja/S2430/initialize?prefCd=17&kikanCd=287&kikanKbn=2", "url2": "http://www.miyauchiganka.com" }, "geometry": { "type": "Point", "coordinates": [ 136.612083, 36.582772 ] } },
{ "type": "Feature", "properties": { "内容": "なかざわ眼科クリニック【2:診療所】【診療科目:眼科】石川県金沢市三口町火４８", "url": "https://www.iryou.teikyouseido.mhlw.go.jp/znk-web/juminkanja/S2430/initialize?prefCd=17&kikanCd=290&kikanKbn=2", "url2": null }, "geometry": { "type": "Point", "coordinates": [ 136.642068, 36.608294 ] } },
{ "type": "Feature", "properties": { "内容": "金沢ホームケアクリニック【2:診療所】【診療科目:内科_精神科】石川県金沢市大友１丁目１０２番地", "url": "https://www.iryou.teikyouseido.mhlw.go.jp/znk-web/juminkanja/S2430/initialize?prefCd=17&kikanCd=291&kikanKbn=2", "url2": "http://khc1026.com/" }, "geometry": { "type": "Point", "coordinates": [ 136.626447, 36.600612 ] } },
{ "type": "Feature", "properties": { "内容": "本田内科クリニック【2:診療所】【診療科目:内科_消化器内科_内視鏡内科】石川県小松市若杉町一丁目５５番地", "url": "https://www.iryou.teikyouseido.mhlw.go.jp/znk-web/juminkanja/S2430/initialize?prefCd=17&kikanCd=296&kikanKbn=2", "url2": null }, "geometry": { "type": "Point", "coordinates": [ 136.482519, 36.398553 ] } },
{ "type": "Feature", "properties": { "内容": "東レ石川診療所【2:診療所】【診療科目:内科】石川県能美市北市町リ１番地", "url": "https://www.iryou.teikyouseido.mhlw.go.jp/znk-web/juminkanja/S2430/initialize?prefCd=17&kikanCd=297&kikanKbn=2", "url2": null }, "geometry": { "type": "Point", "coordinates": [ 136.534124, 36.455639 ] } },
{ "type": "Feature", "properties": { "内容": "ながた内科クリニック【2:診療所】【診療科目:内科_呼吸器内科_循環器内科】石川県能美市寺井町ロ８０ー１", "url": "https://www.iryou.teikyouseido.mhlw.go.jp/znk-web/juminkanja/S2430/initialize?prefCd=17&kikanCd=298&kikanKbn=2", "url2": "http://www.m-nagataclinic.jp/" }, "geometry": { "type": "Point", "coordinates": [ 136.490498, 36.442374 ] } },
{ "type": "Feature", "properties": { "内容": "医療法人社団希惺会ながたクリニック【2:診療所】【診療科目:内科_外科_頭頸部外科_小児科_耳鼻いんこう科】石川県加賀市山代温泉北部３－７２", "url": "https://www.iryou.teikyouseido.mhlw.go.jp/znk-web/juminkanja/S2430/initialize?prefCd=17&kikanCd=300&kikanKbn=2", "url2": "https://www.blue-dolphin.net/" }, "geometry": { "type": "Point", "coordinates": [ 136.359834, 36.296679 ] } },
{ "type": "Feature", "properties": { "内容": "加賀温泉駅前こころクリニック【2:診療所】【診療科目:精神科_心療内科】石川県加賀市作見町　ル２５－１　アビオシティ加賀　１階", "url": "https://www.iryou.teikyouseido.mhlw.go.jp/znk-web/juminkanja/S2430/initialize?prefCd=17&kikanCd=301&kikanKbn=2", "url2": "http://556929.jp" }, "geometry": { "type": "Point", "coordinates": [ 136.352326, 36.31974 ] } },
{ "type": "Feature", "properties": { "内容": "医療法人社団　松葉外科胃腸科クリニック【2:診療所】【診療科目:内科_消化器内科_胃腸内科_肛門内科_外科】石川県白山市美川中町イ１６－７２", "url": "https://www.iryou.teikyouseido.mhlw.go.jp/znk-web/juminkanja/S2430/initialize?prefCd=17&kikanCd=305&kikanKbn=2", "url2": "http://www.matsuba-clinic.com/" }, "geometry": { "type": "Point", "coordinates": [ 136.493477, 36.488029 ] } },
{ "type": "Feature", "properties": { "内容": "荒井皮ふ科クリニック【2:診療所】【診療科目:皮膚科_美容皮膚科】石川県七尾市神明町ロ部１３", "url": "https://www.iryou.teikyouseido.mhlw.go.jp/znk-web/juminkanja/S2430/initialize?prefCd=17&kikanCd=3120004&kikanKbn=2", "url2": null }, "geometry": { "type": "Point", "coordinates": [ 136.965791, 37.042127 ] } },
{ "type": "Feature", "properties": { "内容": "医療法人社団　生生会　えんやま健康クリニック【2:診療所】【診療科目:内科_整形外科_リハビリテーション科】石川県七尾市千野町", "url": "https://www.iryou.teikyouseido.mhlw.go.jp/znk-web/juminkanja/S2430/initialize?prefCd=17&kikanCd=3120009&kikanKbn=2", "url2": "https://enyama.jp" }, "geometry": { "type": "Point", "coordinates": [ 136.953169, 37.017181 ] } },
{ "type": "Feature", "properties": { "内容": "おくむら内科胃腸科医院【2:診療所】【診療科目:内科_胃腸内科】石川県七尾市下町ニ１９番地１", "url": "https://www.iryou.teikyouseido.mhlw.go.jp/znk-web/juminkanja/S2430/initialize?prefCd=17&kikanCd=3120012&kikanKbn=2", "url2": "https://www.okumu.jp/" }, "geometry": { "type": "Point", "coordinates": [ 136.94394, 37.010378 ] } },
{ "type": "Feature", "properties": { "内容": "医療法人社団　真貴会　国下整形外科医院【2:診療所】【診療科目:整形外科_リウマチ科_リハビリテーション科】石川県七尾市大和町チ部１５番地の３", "url": "https://www.iryou.teikyouseido.mhlw.go.jp/znk-web/juminkanja/S2430/initialize?prefCd=17&kikanCd=3120013&kikanKbn=2", "url2": null }, "geometry": { "type": "Point", "coordinates": [ 136.974401, 37.044277 ] } },
{ "type": "Feature", "properties": { "内容": "医療法人向陽会　桑原母と子クリニック【2:診療所】【診療科目:小児科_産婦人科】石川県七尾市国分町　ラ部２番地１", "url": "https://www.iryou.teikyouseido.mhlw.go.jp/znk-web/juminkanja/S2430/initialize?prefCd=17&kikanCd=3120014&kikanKbn=2", "url2": "http://www.kuwaharahahatoko.com/" }, "geometry": { "type": "Point", "coordinates": [ 136.953446, 37.036227 ] } },
{ "type": "Feature", "properties": { "内容": "医療法人社団　和泉会　さはらファミリークリニック【2:診療所】【診療科目:内科_胃腸内科_外科_小児科_リハビリテーション科_麻酔科】石川県七尾市石崎町タ部１３番地１", "url": "https://www.iryou.teikyouseido.mhlw.go.jp/znk-web/juminkanja/S2430/initialize?prefCd=17&kikanCd=3120017&kikanKbn=2", "url2": "https://saharagroup.jp/" }, "geometry": { "type": "Point", "coordinates": [ 136.924785, 37.076241 ] } },
{ "type": "Feature", "properties": { "内容": "清水眼科医院【2:診療所】【診療科目:眼科】石川県七尾市米町５６", "url": "https://www.iryou.teikyouseido.mhlw.go.jp/znk-web/juminkanja/S2430/initialize?prefCd=17&kikanCd=3120019&kikanKbn=2", "url2": null }, "geometry": { "type": "Point", "coordinates": [ 136.964654, 37.047691 ] } },
{ "type": "Feature", "properties": { "内容": "社会医療法人財団　董仙会　田鶴浜診療所【2:診療所】【診療科目:内科_循環器内科】石川県七尾市田鶴浜町", "url": "https://www.iryou.teikyouseido.mhlw.go.jp/znk-web/juminkanja/S2430/initialize?prefCd=17&kikanCd=3120025&kikanKbn=2", "url2": "http://www.keiju.co.jp" }, "geometry": { "type": "Point", "coordinates": [ 136.887669, 37.064659 ] } },
{ "type": "Feature", "properties": { "内容": "医療法人社団豊玉会辻口医院【2:診療所】【診療科目:内科_循環器内科_外科】石川県七尾市中島町浜田", "url": "https://www.iryou.teikyouseido.mhlw.go.jp/znk-web/juminkanja/S2430/initialize?prefCd=17&kikanCd=3120026&kikanKbn=2", "url2": null }, "geometry": { "type": "Point", "coordinates": [ 136.853603, 37.113523 ] } },
{ "type": "Feature", "properties": { "内容": "七尾市国民健康保険直営能登島診療所【2:診療所】【診療科目:内科】石川県七尾市能登島向田町ろ部８番地１", "url": "https://www.iryou.teikyouseido.mhlw.go.jp/znk-web/juminkanja/S2430/initialize?prefCd=17&kikanCd=3120029&kikanKbn=2", "url2": "http://www.noto-hospital.nanao.ishikawa.jp/" }, "geometry": { "type": "Point", "coordinates": [ 136.996551, 37.126103 ] } },
{ "type": "Feature", "properties": { "内容": "七尾市国民健康保険直営釶打診療所【2:診療所】【診療科目:内科】石川県七尾市中島町西谷内への９８番地", "url": "https://www.iryou.teikyouseido.mhlw.go.jp/znk-web/juminkanja/S2430/initialize?prefCd=17&kikanCd=3120030&kikanKbn=2", "url2": "http://www.noto-hospital.nanao.ishikawa.jp/" }, "geometry": { "type": "Point", "coordinates": [ 136.811607, 37.150474 ] } },
{ "type": "Feature", "properties": { "内容": "八野田整形外科医院【2:診療所】【診療科目:整形外科_リウマチ科_リハビリテーション科】石川県七尾市藤橋町巳部４５番地３", "url": "https://www.iryou.teikyouseido.mhlw.go.jp/znk-web/juminkanja/S2430/initialize?prefCd=17&kikanCd=3120033&kikanKbn=2", "url2": null }, "geometry": { "type": "Point", "coordinates": [ 136.958206, 37.04017 ] } },
{ "type": "Feature", "properties": { "内容": "浜岡整形外科クリニック【2:診療所】【診療科目:整形外科】石川県七尾市石崎町香島１－１１５", "url": "https://www.iryou.teikyouseido.mhlw.go.jp/znk-web/juminkanja/S2430/initialize?prefCd=17&kikanCd=3120034&kikanKbn=2", "url2": null }, "geometry": { "type": "Point", "coordinates": [ 136.926443, 37.079036 ] } },
{ "type": "Feature", "properties": { "内容": "医療法人財団　愛生会　浜野クリニック【2:診療所】【診療科目:内科_消化器内科_外科_心臓血管外科】石川県七尾市小島町二部５０番地１", "url": "https://www.iryou.teikyouseido.mhlw.go.jp/znk-web/juminkanja/S2430/initialize?prefCd=17&kikanCd=3120035&kikanKbn=2", "url2": "http://www.hamano-hp.or.jp/" }, "geometry": { "type": "Point", "coordinates": [ 136.959029, 37.048346 ] } },
{ "type": "Feature", "properties": { "内容": "ふき眼科クリニック【2:診療所】【診療科目:眼科】石川県七尾市国分町ラ部１３ー９", "url": "https://www.iryou.teikyouseido.mhlw.go.jp/znk-web/juminkanja/S2430/initialize?prefCd=17&kikanCd=3120036&kikanKbn=2", "url2": "http://fuki-eye-clinic.com" }, "geometry": { "type": "Point", "coordinates": [ 136.952299, 37.036417 ] } },
{ "type": "Feature", "properties": { "内容": "医療法人社団　恩寵会　三林内科・胃腸科医院【2:診療所】【診療科目:内科_消化器内科_胃腸内科】石川県七尾市府中町", "url": "https://www.iryou.teikyouseido.mhlw.go.jp/znk-web/juminkanja/S2430/initialize?prefCd=17&kikanCd=3120037&kikanKbn=2", "url2": null }, "geometry": { "type": "Point", "coordinates": [ 136.967293, 37.047916 ] } },
{ "type": "Feature", "properties": { "内容": "医療法人社団　森クリニック【2:診療所】【診療科目:内科_胃腸外科_肛門外科】石川県七尾市国分町", "url": "https://www.iryou.teikyouseido.mhlw.go.jp/znk-web/juminkanja/S2430/initialize?prefCd=17&kikanCd=3120039&kikanKbn=2", "url2": "http://www17.plala.or.jp/mori-clin/" }, "geometry": { "type": "Point", "coordinates": [ 136.93366, 37.035518 ] } },
{ "type": "Feature", "properties": { "内容": "医療法人社団　山田産婦人科医院【2:診療所】【診療科目:産婦人科】石川県七尾市御祓町ホ部６－１６", "url": "https://www.iryou.teikyouseido.mhlw.go.jp/znk-web/juminkanja/S2430/initialize?prefCd=17&kikanCd=3120043&kikanKbn=2", "url2": "http://www.yamada-maternity.jp" }, "geometry": { "type": "Point", "coordinates": [ 136.963415, 37.044253 ] } },
{ "type": "Feature", "properties": { "内容": "やまもと眼科クリニック【2:診療所】【診療科目:眼科】石川県七尾市藤野町イ部１８", "url": "https://www.iryou.teikyouseido.mhlw.go.jp/znk-web/juminkanja/S2430/initialize?prefCd=17&kikanCd=3120044&kikanKbn=2", "url2": null }, "geometry": { "type": "Point", "coordinates": [ 136.968965, 37.031762 ] } },
{ "type": "Feature", "properties": { "内容": "医療法人社団よこやま　横山内科医院【2:診療所】【診療科目:内科】石川県七尾市御祓町子部３番地４", "url": "https://www.iryou.teikyouseido.mhlw.go.jp/znk-web/juminkanja/S2430/initialize?prefCd=17&kikanCd=3120046&kikanKbn=2", "url2": "http://www.yokoyama-cl.jp" }, "geometry": { "type": "Point", "coordinates": [ 136.963415, 37.044253 ] } },
{ "type": "Feature", "properties": { "内容": "医療法人社団　かじ内科クリニック【2:診療所】【診療科目:内科_消化器内科】石川県鹿島郡中能登町二宮ホ部２１０－１", "url": "https://www.iryou.teikyouseido.mhlw.go.jp/znk-web/juminkanja/S2430/initialize?prefCd=17&kikanCd=3120102&kikanKbn=2", "url2": null }, "geometry": { "type": "Point", "coordinates": [ 136.926841, 36.976678 ] } },
{ "type": "Feature", "properties": { "内容": "社会医療法人財団　董仙会　鳥屋診療所【2:診療所】【診療科目:内科_循環器内科_小児科_精神科_心療内科】石川県鹿島郡中能登町末坂２部６０番地１", "url": "https://www.iryou.teikyouseido.mhlw.go.jp/znk-web/juminkanja/S2430/initialize?prefCd=17&kikanCd=3120103&kikanKbn=2", "url2": null }, "geometry": { "type": "Point", "coordinates": [ 136.902628, 36.991481 ] } },
{ "type": "Feature", "properties": { "内容": "なかお内科医院【2:診療所】【診療科目:内科】石川県鹿島郡中能登町良川", "url": "https://www.iryou.teikyouseido.mhlw.go.jp/znk-web/juminkanja/S2430/initialize?prefCd=17&kikanCd=3120104&kikanKbn=2", "url2": null }, "geometry": { "type": "Point", "coordinates": [ 136.884118, 36.973396 ] } },
{ "type": "Feature", "properties": { "内容": "医療法人社団安田医院【2:診療所】【診療科目:内科】石川県鹿島郡中能登町能登部下", "url": "https://www.iryou.teikyouseido.mhlw.go.jp/znk-web/juminkanja/S2430/initialize?prefCd=17&kikanCd=3120108&kikanKbn=2", "url2": null }, "geometry": { "type": "Point", "coordinates": [ 136.867026, 36.963427 ] } },
{ "type": "Feature", "properties": { "内容": "医療法人社団いがわ内科クリニック【2:診療所】【診療科目:内科_糖尿病・内分泌内科_呼吸器内科_循環器内科_消化器内科】石川県羽咋市鶴多町亀田４－１", "url": "https://www.iryou.teikyouseido.mhlw.go.jp/znk-web/juminkanja/S2430/initialize?prefCd=17&kikanCd=3220001&kikanKbn=2", "url2": null }, "geometry": { "type": "Point", "coordinates": [ 136.791986, 36.896257 ] } },
{ "type": "Feature", "properties": { "内容": "ひきしまクリニック【2:診療所】【診療科目:内科_外科_整形外科】石川県羽咋市旭町ア４５", "url": "https://www.iryou.teikyouseido.mhlw.go.jp/znk-web/juminkanja/S2430/initialize?prefCd=17&kikanCd=3220002&kikanKbn=2", "url2": "https://hikishima-clinic.com" }, "geometry": { "type": "Point", "coordinates": [ 136.778829, 36.895898 ] } },
{ "type": "Feature", "properties": { "内容": "医療法人社団　田村眼科クリニック【2:診療所】【診療科目:眼科】石川県羽咋市鶴多町亀田１０－１", "url": "https://www.iryou.teikyouseido.mhlw.go.jp/znk-web/juminkanja/S2430/initialize?prefCd=17&kikanCd=3220003&kikanKbn=2", "url2": null }, "geometry": { "type": "Point", "coordinates": [ 136.791936, 36.896735 ] } },
{ "type": "Feature", "properties": { "内容": "岩脇医院【2:診療所】【診療科目:耳鼻いんこう科】石川県羽咋市的場町的場２番地", "url": "https://www.iryou.teikyouseido.mhlw.go.jp/znk-web/juminkanja/S2430/initialize?prefCd=17&kikanCd=3220004&kikanKbn=2", "url2": "https://www.ient.or.jp/iwwk/" }, "geometry": { "type": "Point", "coordinates": [ 136.778986, 36.898095 ] } },
{ "type": "Feature", "properties": { "内容": "おおの整形外科クリニック【2:診療所】【診療科目:整形外科_リハビリテーション科】石川県羽咋市鶴多町切道１５番地１", "url": "https://www.iryou.teikyouseido.mhlw.go.jp/znk-web/juminkanja/S2430/initialize?prefCd=17&kikanCd=3220005&kikanKbn=2", "url2": null }, "geometry": { "type": "Point", "coordinates": [ 136.790934, 36.90009 ] } },
{ "type": "Feature", "properties": { "内容": "石川勤労者医療協会羽咋診療所【2:診療所】【診療科目:内科_消化器内科_外科】石川県羽咋市柳橋町堂田５３－１", "url": "https://www.iryou.teikyouseido.mhlw.go.jp/znk-web/juminkanja/S2430/initialize?prefCd=17&kikanCd=3220008&kikanKbn=2", "url2": "http://www.ishikawa-kinikyo.jp/hakui/" }, "geometry": { "type": "Point", "coordinates": [ 136.786383, 36.89289 ] } },
{ "type": "Feature", "properties": { "内容": "いけの整形外科【2:診療所】【診療科目:整形外科_リウマチ科】石川県羽咋市南中央町ユ３番地", "url": "https://www.iryou.teikyouseido.mhlw.go.jp/znk-web/juminkanja/S2430/initialize?prefCd=17&kikanCd=3220011&kikanKbn=2", "url2": null }, "geometry": { "type": "Point", "coordinates": [ 136.778909, 36.891615 ] } },
{ "type": "Feature", "properties": { "内容": "平場内科クリニック【2:診療所】【診療科目:内科】石川県羽咋市中央町ア１６５－１", "url": "https://www.iryou.teikyouseido.mhlw.go.jp/znk-web/juminkanja/S2430/initialize?prefCd=17&kikanCd=3220013&kikanKbn=2", "url2": null }, "geometry": { "type": "Point", "coordinates": [ 136.776899, 36.895298 ] } },
{ "type": "Feature", "properties": { "内容": "前川医院【2:診療所】【診療科目:内科】石川県羽咋市酒井町わ５３番地", "url": "https://www.iryou.teikyouseido.mhlw.go.jp/znk-web/juminkanja/S2430/initialize?prefCd=17&kikanCd=3220018&kikanKbn=2", "url2": null }, "geometry": { "type": "Point", "coordinates": [ 136.848042, 36.922473 ] } },
{ "type": "Feature", "properties": { "内容": "松江クリニック【2:診療所】【診療科目:内科_肛門外科_小児科】石川県羽咋市松ケ下町松ケ下６－１", "url": "https://www.iryou.teikyouseido.mhlw.go.jp/znk-web/juminkanja/S2430/initialize?prefCd=17&kikanCd=3220019&kikanKbn=2", "url2": null }, "geometry": { "type": "Point", "coordinates": [ 136.78596, 36.892201 ] } },
{ "type": "Feature", "properties": { "内容": "池野整形外科・耳鼻咽喉科医院【2:診療所】【診療科目:整形外科_耳鼻いんこう科】石川県羽咋郡志賀町高浜町ソ９－１", "url": "https://www.iryou.teikyouseido.mhlw.go.jp/znk-web/juminkanja/S2430/initialize?prefCd=17&kikanCd=3220025&kikanKbn=2", "url2": null }, "geometry": { "type": "Point", "coordinates": [ 136.772638, 37.00504 ] } },
{ "type": "Feature", "properties": { "内容": "河﨑医院【2:診療所】【診療科目:内科_胃腸内科_漢方内科_外科】石川県羽咋郡志賀町高浜町　トー１", "url": "https://www.iryou.teikyouseido.mhlw.go.jp/znk-web/juminkanja/S2430/initialize?prefCd=17&kikanCd=3220027&kikanKbn=2", "url2": null }, "geometry": { "type": "Point", "coordinates": [ 136.771886, 37.004798 ] } },
{ "type": "Feature", "properties": { "内容": "医療法人社団ひめき会　ひよりクリニック【2:診療所】【診療科目:内科_循環器内科_外科】石川県羽咋郡志賀町富来地頭町８－１６８－２", "url": "https://www.iryou.teikyouseido.mhlw.go.jp/znk-web/juminkanja/S2430/initialize?prefCd=17&kikanCd=3220030&kikanKbn=2", "url2": null }, "geometry": { "type": "Point", "coordinates": [ 136.731672, 37.138651 ] } },
{ "type": "Feature", "properties": { "内容": "特別養護老人ホームはまなす園附属診療所【2:診療所】【診療科目:内科】石川県羽咋郡志賀町赤住ハの４番地１", "url": "https://www.iryou.teikyouseido.mhlw.go.jp/znk-web/juminkanja/S2430/initialize?prefCd=17&kikanCd=3220031&kikanKbn=2", "url2": "http://www.hamanasuen.jp/" }, "geometry": { "type": "Point", "coordinates": [ 136.740475, 37.049822 ] } },
{ "type": "Feature", "properties": { "内容": "医療法人社団西村内科胃腸科クリニック【2:診療所】【診療科目:内科_呼吸器内科_循環器内科_消化器内科_胃腸内科_小児科_リハビリテーション科_放射線科】石川県羽咋郡宝達志水町今浜ト１６９", "url": "https://www.iryou.teikyouseido.mhlw.go.jp/znk-web/juminkanja/S2430/initialize?prefCd=17&kikanCd=3220034&kikanKbn=2", "url2": null }, "geometry": { "type": "Point", "coordinates": [ 136.75733, 36.825247 ] } },
{ "type": "Feature", "properties": { "内容": "特別養護老人ホームちどり園医務室【2:診療所】【診療科目:内科】石川県羽咋郡宝達志水町宿五号１０－２", "url": "https://www.iryou.teikyouseido.mhlw.go.jp/znk-web/juminkanja/S2430/initialize?prefCd=17&kikanCd=3220037&kikanKbn=2", "url2": null }, "geometry": { "type": "Point", "coordinates": [ 136.775657, 36.844075 ] } },
{ "type": "Feature", "properties": { "内容": "石川県能登中部保健福祉センター羽咋地域センター【2:診療所】【診療科目:その他】石川県羽咋市石野町ヘ３１", "url": "https://www.iryou.teikyouseido.mhlw.go.jp/znk-web/juminkanja/S2430/initialize?prefCd=17&kikanCd=3220039&kikanKbn=2", "url2": null }, "geometry": { "type": "Point", "coordinates": [ 136.793481, 36.896823 ] } },
{ "type": "Feature", "properties": { "内容": "岡村内科医院【2:診療所】【診療科目:内科_小児科】石川県白山市千代野東５丁目５－４", "url": "https://www.iryou.teikyouseido.mhlw.go.jp/znk-web/juminkanja/S2430/initialize?prefCd=17&kikanCd=324&kikanKbn=2", "url2": null }, "geometry": { "type": "Point", "coordinates": [ 136.542952, 36.524066 ] } },
{ "type": "Feature", "properties": { "内容": "耳鼻咽喉科なかいずみクリニック【2:診療所】【診療科目:耳鼻いんこう科】石川県金沢市田上の里二丁目１４５番地", "url": "https://www.iryou.teikyouseido.mhlw.go.jp/znk-web/juminkanja/S2430/initialize?prefCd=17&kikanCd=330&kikanKbn=2", "url2": "http://nakaizumi.atat.jp" }, "geometry": { "type": "Point", "coordinates": [ 136.6913, 36.548095 ] } },
{ "type": "Feature", "properties": { "内容": "なかがわ皮膚科クリニック【2:診療所】【診療科目:皮膚科】石川県金沢市畝田西３丁目５６７番地", "url": "https://www.iryou.teikyouseido.mhlw.go.jp/znk-web/juminkanja/S2430/initialize?prefCd=17&kikanCd=332&kikanKbn=2", "url2": "http://www.n-hifu.com/" }, "geometry": { "type": "Point", "coordinates": [ 136.607437, 36.59658 ] } },
{ "type": "Feature", "properties": { "内容": "はまだクリニック【2:診療所】【診療科目:内科_消化器内科】石川県金沢市三池栄町７１番地", "url": "https://www.iryou.teikyouseido.mhlw.go.jp/znk-web/juminkanja/S2430/initialize?prefCd=17&kikanCd=335&kikanKbn=2", "url2": "http://hamada-naika.jp" }, "geometry": { "type": "Point", "coordinates": [ 136.670803, 36.596887 ] } },
{ "type": "Feature", "properties": { "内容": "小坂内科クリニック【2:診療所】【診療科目:内科_消化器内科】石川県金沢市石引", "url": "https://www.iryou.teikyouseido.mhlw.go.jp/znk-web/juminkanja/S2430/initialize?prefCd=17&kikanCd=338&kikanKbn=2", "url2": "http://www.kosaka-naika.com" }, "geometry": { "type": "Point", "coordinates": [ 136.671424, 36.55608 ] } },
{ "type": "Feature", "properties": { "内容": "タケダスキンクリニック【2:診療所】【診療科目:皮膚科_美容皮膚科】石川県金沢市入江１－１３０", "url": "https://www.iryou.teikyouseido.mhlw.go.jp/znk-web/juminkanja/S2430/initialize?prefCd=17&kikanCd=339&kikanKbn=2", "url2": "www.takeda-skin-clinic.com" }, "geometry": { "type": "Point", "coordinates": [ 136.63014, 36.564891 ] } },
{ "type": "Feature", "properties": { "内容": "医療法人社団　藤田整形外科クリニック【2:診療所】【診療科目:整形外科_リハビリテーション科】石川県かほく市内日角４丁目１番地", "url": "https://www.iryou.teikyouseido.mhlw.go.jp/znk-web/juminkanja/S2430/initialize?prefCd=17&kikanCd=340&kikanKbn=2", "url2": "http://fujitaseikei.jp/" }, "geometry": { "type": "Point", "coordinates": [ 136.700683, 36.712846 ] } },
{ "type": "Feature", "properties": { "内容": "上野医院【2:診療所】【診療科目:内科_消化器内科_外科_肛門外科】石川県金沢市小立野３丁目１４－５", "url": "https://www.iryou.teikyouseido.mhlw.go.jp/znk-web/juminkanja/S2430/initialize?prefCd=17&kikanCd=343&kikanKbn=2", "url2": "http://ueno-clinic.co.jp" }, "geometry": { "type": "Point", "coordinates": [ 136.674788, 36.550824 ] } },
{ "type": "Feature", "properties": { "内容": "医療法人社団博友会　金沢西みなとクリニック【2:診療所】【診療科目:内科_外科】石川県金沢市金石東１丁目４番１１号", "url": "https://www.iryou.teikyouseido.mhlw.go.jp/znk-web/juminkanja/S2430/initialize?prefCd=17&kikanCd=344&kikanKbn=2", "url2": "https://sites.google.com/view/knm-clinic/" }, "geometry": { "type": "Point", "coordinates": [ 136.599422, 36.603989 ] } },
{ "type": "Feature", "properties": { "内容": "あかまる整形外科・脊椎クリニック【2:診療所】【診療科目:整形外科_リハビリテーション科】石川県金沢市松村４丁目４１７", "url": "https://www.iryou.teikyouseido.mhlw.go.jp/znk-web/juminkanja/S2430/initialize?prefCd=17&kikanCd=346&kikanKbn=2", "url2": "https://www.akamaru-clinic.jp" }, "geometry": { "type": "Point", "coordinates": [ 136.611674, 36.584005 ] } },
{ "type": "Feature", "properties": { "内容": "はせがわクリニック【2:診療所】【診療科目:内科_消化器内科_内視鏡内科_外科_肛門外科_泌尿器科】石川県かほく市内日角４丁目１２番", "url": "https://www.iryou.teikyouseido.mhlw.go.jp/znk-web/juminkanja/S2430/initialize?prefCd=17&kikanCd=350&kikanKbn=2", "url2": "http://hasecli.com" }, "geometry": { "type": "Point", "coordinates": [ 136.700636, 36.71226 ] } },
{ "type": "Feature", "properties": { "内容": "さいとう眼科【2:診療所】【診療科目:眼科】石川県金沢市長土塀２丁目７－２７", "url": "https://www.iryou.teikyouseido.mhlw.go.jp/znk-web/juminkanja/S2430/initialize?prefCd=17&kikanCd=352&kikanKbn=2", "url2": "https://www.saito-eyeclinic.jp" }, "geometry": { "type": "Point", "coordinates": [ 136.644861, 36.568372 ] } },
{ "type": "Feature", "properties": { "内容": "村田キッズクリニック【2:診療所】【診療科目:小児科】石川県金沢市高尾南", "url": "https://www.iryou.teikyouseido.mhlw.go.jp/znk-web/juminkanja/S2430/initialize?prefCd=17&kikanCd=357&kikanKbn=2", "url2": "http://muratakids.com/" }, "geometry": { "type": "Point", "coordinates": [ 136.626958, 36.518549 ] } },
{ "type": "Feature", "properties": { "内容": "ひろせクリニック【2:診療所】【診療科目:内科_呼吸器内科_耳鼻いんこう科_アレルギー科】石川県金沢市戸板", "url": "https://www.iryou.teikyouseido.mhlw.go.jp/znk-web/juminkanja/S2430/initialize?prefCd=17&kikanCd=358&kikanKbn=2", "url2": "http://www.hirose-clinic.org/" }, "geometry": { "type": "Point", "coordinates": [ 136.619732, 36.578041 ] } },
{ "type": "Feature", "properties": { "内容": "わかくさ　ホームケアクリニック【2:診療所】【診療科目:内科】石川県金沢市若草町５－６", "url": "https://www.iryou.teikyouseido.mhlw.go.jp/znk-web/juminkanja/S2430/initialize?prefCd=17&kikanCd=360&kikanKbn=2", "url2": null }, "geometry": { "type": "Point", "coordinates": [ 136.659225, 36.544258 ] } },
{ "type": "Feature", "properties": { "内容": "医療法人社団悠輝会　野々市よこみやクリニック【2:診療所】【診療科目:内科】石川県野々市市郷二丁目２２０番地", "url": "https://www.iryou.teikyouseido.mhlw.go.jp/znk-web/juminkanja/S2430/initialize?prefCd=17&kikanCd=361&kikanKbn=2", "url2": "https://yuki-kai.com/" }, "geometry": { "type": "Point", "coordinates": [ 136.586688, 36.535124 ] } },
{ "type": "Feature", "properties": { "内容": "医療法人社団伏見さくら会さかもと内科クリニック【2:診療所】【診療科目:内科_呼吸器内科_消化器内科_小児科】石川県金沢市古府２丁目５２番地", "url": "https://www.iryou.teikyouseido.mhlw.go.jp/znk-web/juminkanja/S2430/initialize?prefCd=17&kikanCd=363&kikanKbn=2", "url2": "http://www.sakamoto-naika.jp/index.html" }, "geometry": { "type": "Point", "coordinates": [ 136.607705, 36.567454 ] } },
{ "type": "Feature", "properties": { "内容": "西村眼科クリニック【2:診療所】【診療科目:眼科】石川県金沢市高尾台３丁目１２番地", "url": "https://www.iryou.teikyouseido.mhlw.go.jp/znk-web/juminkanja/S2430/initialize?prefCd=17&kikanCd=364&kikanKbn=2", "url2": "https://www.isn-hp.com/nishimura/" }, "geometry": { "type": "Point", "coordinates": [ 136.627983, 36.521173 ] } },
{ "type": "Feature", "properties": { "内容": "みずの小児科・みゆき皮ふ科クリニック【2:診療所】【診療科目:小児科_皮膚科】石川県金沢市無量寺５－７２", "url": "https://www.iryou.teikyouseido.mhlw.go.jp/znk-web/juminkanja/S2430/initialize?prefCd=17&kikanCd=365&kikanKbn=2", "url2": "http://mizu-miyu-clinic.com" }, "geometry": { "type": "Point", "coordinates": [ 136.612458, 36.602781 ] } },
{ "type": "Feature", "properties": { "内容": "医療法人社団大斉会　さいとう内科医院【2:診療所】【診療科目:内科_呼吸器内科_気管食道・耳鼻いんこう科_アレルギー科】石川県金沢市三馬", "url": "https://www.iryou.teikyouseido.mhlw.go.jp/znk-web/juminkanja/S2430/initialize?prefCd=17&kikanCd=371&kikanKbn=2", "url2": null }, "geometry": { "type": "Point", "coordinates": [ 136.629712, 36.526305 ] } },
{ "type": "Feature", "properties": { "内容": "こしの内科クリニック【2:診療所】【診療科目:内科_人工透析内科】石川県金沢市朝霧台１丁目１７６番", "url": "https://www.iryou.teikyouseido.mhlw.go.jp/znk-web/juminkanja/S2430/initialize?prefCd=17&kikanCd=376&kikanKbn=2", "url2": null }, "geometry": { "type": "Point", "coordinates": [ 136.668501, 36.577548 ] } },
{ "type": "Feature", "properties": { "内容": "株式会社小松製作所本社健康増進センタ金沢健康管理室コマツクリニック【2:診療所】【診療科目:内科_外科】石川県金沢市大野町新町１番地１", "url": "https://www.iryou.teikyouseido.mhlw.go.jp/znk-web/juminkanja/S2430/initialize?prefCd=17&kikanCd=386&kikanKbn=2", "url2": null }, "geometry": { "type": "Point", "coordinates": [ 136.608564, 36.627398 ] } },
{ "type": "Feature", "properties": { "内容": "金城クリニック【2:診療所】【診療科目:内科_循環器内科_消化器内科】石川県金沢市彦三町２ー１ー２７", "url": "https://www.iryou.teikyouseido.mhlw.go.jp/znk-web/juminkanja/S2430/initialize?prefCd=17&kikanCd=387&kikanKbn=2", "url2": null }, "geometry": { "type": "Point", "coordinates": [ 136.656519, 36.574213 ] } },
{ "type": "Feature", "properties": { "内容": "小泉クリニック【2:診療所】【診療科目:小児科_子どものこころの診療科】石川県金沢市富樫１丁目１０－１５", "url": "https://www.iryou.teikyouseido.mhlw.go.jp/znk-web/juminkanja/S2430/initialize?prefCd=17&kikanCd=389&kikanKbn=2", "url2": null }, "geometry": { "type": "Point", "coordinates": [ 136.64546, 36.539704 ] } },
{ "type": "Feature", "properties": { "内容": "医療法人社団アイ・アンド・アイ　花咲く丘の診療所【2:診療所】【診療科目:内科_胃腸内科_外科_肛門外科】石川県能美市火釜町リ１－８", "url": "https://www.iryou.teikyouseido.mhlw.go.jp/znk-web/juminkanja/S2430/initialize?prefCd=17&kikanCd=395&kikanKbn=2", "url2": null }, "geometry": { "type": "Point", "coordinates": [ 136.560416, 36.449727 ] } },
{ "type": "Feature", "properties": { "内容": "医療法人社団明輝太陽会あさい皮膚科クリニック【2:診療所】【診療科目:皮膚科】石川県小松市吉竹町４丁目２２２番地", "url": "https://www.iryou.teikyouseido.mhlw.go.jp/znk-web/juminkanja/S2430/initialize?prefCd=17&kikanCd=396&kikanKbn=2", "url2": "http://www.asai-dermatology-clinic.jp" }, "geometry": { "type": "Point", "coordinates": [ 136.473214, 36.39528 ] } },
{ "type": "Feature", "properties": { "内容": "藤華苑診療所【2:診療所】【診療科目:内科】石川県加賀市大聖寺東町一丁目２６番地３", "url": "https://www.iryou.teikyouseido.mhlw.go.jp/znk-web/juminkanja/S2430/initialize?prefCd=17&kikanCd=397&kikanKbn=2", "url2": null }, "geometry": { "type": "Point", "coordinates": [ 136.318757, 36.305269 ] } },
{ "type": "Feature", "properties": { "内容": "堀口歯科耳鼻いんこう科医院【2:診療所】【診療科目:耳鼻いんこう科_歯科】石川県小松市末広町２３８", "url": "https://www.iryou.teikyouseido.mhlw.go.jp/znk-web/juminkanja/S2430/initialize?prefCd=17&kikanCd=400&kikanKbn=2", "url2": "http://www.horiguchi-clinic.jp/" }, "geometry": { "type": "Point", "coordinates": [ 136.444763, 36.401403 ] } },
{ "type": "Feature", "properties": { "内容": "社会福祉法人輪島市福祉会　特別養護老人ホーム　あての木園【2:診療所】【診療科目:内科】石川県輪島市三井町小泉上野２番地", "url": "https://www.iryou.teikyouseido.mhlw.go.jp/znk-web/juminkanja/S2430/initialize?prefCd=17&kikanCd=4120002&kikanKbn=2", "url2": null }, "geometry": { "type": "Point", "coordinates": [ 136.896445, 37.297047 ] } },
{ "type": "Feature", "properties": { "内容": "医療法人社団　伊藤医院【2:診療所】【診療科目:内科_小児科】石川県輪島市水守町中の瀬４－８", "url": "https://www.iryou.teikyouseido.mhlw.go.jp/znk-web/juminkanja/S2430/initialize?prefCd=17&kikanCd=4120004&kikanKbn=2", "url2": null }, "geometry": { "type": "Point", "coordinates": [ 136.890845, 37.387814 ] } },
{ "type": "Feature", "properties": { "内容": "医療法人社団　桶本眼科【2:診療所】【診療科目:眼科】石川県輪島市釜屋谷町１－２－２", "url": "https://www.iryou.teikyouseido.mhlw.go.jp/znk-web/juminkanja/S2430/initialize?prefCd=17&kikanCd=4120006&kikanKbn=2", "url2": null }, "geometry": { "type": "Point", "coordinates": [ 136.892315, 37.388683 ] } },
{ "type": "Feature", "properties": { "内容": "市立輪島病院　七浦診療所【2:診療所】【診療科目:内科】石川県輪島市門前町鵜山鵜山１２の５０番地", "url": "https://www.iryou.teikyouseido.mhlw.go.jp/znk-web/juminkanja/S2430/initialize?prefCd=17&kikanCd=4120010&kikanKbn=2", "url2": null }, "geometry": { "type": "Point", "coordinates": [ 136.752941, 37.345382 ] } },
{ "type": "Feature", "properties": { "内容": "市立輪島病院　南志見診療所【2:診療所】【診療科目:内科】石川県輪島市小田屋町ロ部４番地", "url": "https://www.iryou.teikyouseido.mhlw.go.jp/znk-web/juminkanja/S2430/initialize?prefCd=17&kikanCd=4120014&kikanKbn=2", "url2": null }, "geometry": { "type": "Point", "coordinates": [ 137.029611, 37.431454 ] } },
{ "type": "Feature", "properties": { "内容": "市立輪島病院　西保診療所【2:診療所】【診療科目:内科】石川県輪島市大沢町ホサソ２０１番地", "url": "https://www.iryou.teikyouseido.mhlw.go.jp/znk-web/juminkanja/S2430/initialize?prefCd=17&kikanCd=4120015&kikanKbn=2", "url2": null }, "geometry": { "type": "Point", "coordinates": [ 136.802997, 37.375218 ] } },
{ "type": "Feature", "properties": { "内容": "医療法人社団フナキ　舩木クリニック【2:診療所】【診療科目:内科_胃腸内科_外科_脳神経外科_整形外科】石川県輪島市釜屋谷町３－５", "url": "https://www.iryou.teikyouseido.mhlw.go.jp/znk-web/juminkanja/S2430/initialize?prefCd=17&kikanCd=4120017&kikanKbn=2", "url2": null }, "geometry": { "type": "Point", "coordinates": [ 136.8935, 37.392172 ] } },
{ "type": "Feature", "properties": { "内容": "市立輪島病院　舳倉診療所【2:診療所】【診療科目:内科】石川県輪島市海士町所属舳倉島出邑山１番４", "url": "https://www.iryou.teikyouseido.mhlw.go.jp/znk-web/juminkanja/S2430/initialize?prefCd=17&kikanCd=4120019&kikanKbn=2", "url2": null }, "geometry": { "type": "Point", "coordinates": [ 136.917994, 37.849866 ] } },
{ "type": "Feature", "properties": { "内容": "輪島市国民健康保険　門前診療所【2:診療所】【診療科目:眼科】石川県輪島市門前町深田２１－１７－１", "url": "https://www.iryou.teikyouseido.mhlw.go.jp/znk-web/juminkanja/S2430/initialize?prefCd=17&kikanCd=4120023&kikanKbn=2", "url2": null }, "geometry": { "type": "Point", "coordinates": [ 136.780327, 37.288279 ] } },
{ "type": "Feature", "properties": { "内容": "医療法人社団　青雲会　大和医院【2:診療所】【診療科目:内科_循環器内科_消化器内科_精神科】石川県輪島市門前町道下７－６", "url": "https://www.iryou.teikyouseido.mhlw.go.jp/znk-web/juminkanja/S2430/initialize?prefCd=17&kikanCd=4120025&kikanKbn=2", "url2": null }, "geometry": { "type": "Point", "coordinates": [ 136.742063, 37.289446 ] } },
{ "type": "Feature", "properties": { "内容": "特別養護老人ホームゆきわりそう附属診療所【2:診療所】【診療科目:内科】石川県輪島市門前町深田２２の４２番地", "url": "https://www.iryou.teikyouseido.mhlw.go.jp/znk-web/juminkanja/S2430/initialize?prefCd=17&kikanCd=4120026&kikanKbn=2", "url2": "http://yukiwarisou.org" }, "geometry": { "type": "Point", "coordinates": [ 136.780581, 37.289292 ] } },
{ "type": "Feature", "properties": { "内容": "医療法人社団　北川内科クリニック【2:診療所】【診療科目:内科_小児科】石川県鳳珠郡穴水町大町い１７番地", "url": "https://www.iryou.teikyouseido.mhlw.go.jp/znk-web/juminkanja/S2430/initialize?prefCd=17&kikanCd=4120032&kikanKbn=2", "url2": "https://kitagawa-internal-medicine-clinic.com" }, "geometry": { "type": "Point", "coordinates": [ 136.909575, 37.225165 ] } },
{ "type": "Feature", "properties": { "内容": "千間内科クリニック【2:診療所】【診療科目:内科_循環器内科】石川県鳳珠郡能登町宇出津山分２－３２－２", "url": "https://www.iryou.teikyouseido.mhlw.go.jp/znk-web/juminkanja/S2430/initialize?prefCd=17&kikanCd=4120041&kikanKbn=2", "url2": null }, "geometry": { "type": "Point", "coordinates": [ 137.152964, 37.307612 ] } },
{ "type": "Feature", "properties": { "内容": "特別養護老人ホーム　第二長寿園【2:診療所】【診療科目:内科_循環器内科】石川県鳳珠郡能登町布浦", "url": "https://www.iryou.teikyouseido.mhlw.go.jp/znk-web/juminkanja/S2430/initialize?prefCd=17&kikanCd=4120042&kikanKbn=2", "url2": null }, "geometry": { "type": "Point", "coordinates": [ 137.253828, 37.344795 ] } },
{ "type": "Feature", "properties": { "内容": "医療法人社団　美能里会　はしもとクリニック【2:診療所】【診療科目:内科_胃腸内科_外科_リハビリテーション科】石川県鳳珠郡能登町字崎山三丁目２０３番地", "url": "https://www.iryou.teikyouseido.mhlw.go.jp/znk-web/juminkanja/S2430/initialize?prefCd=17&kikanCd=4120045&kikanKbn=2", "url2": null }, "geometry": { "type": "Point", "coordinates": [ 137.144941, 37.30345 ] } },
{ "type": "Feature", "properties": { "内容": "医療法人社団　升谷医院【2:診療所】【診療科目:内科_循環器内科_小児科】石川県鳳珠郡能登町松波", "url": "https://www.iryou.teikyouseido.mhlw.go.jp/znk-web/juminkanja/S2430/initialize?prefCd=17&kikanCd=4120047&kikanKbn=2", "url2": null }, "geometry": { "type": "Point", "coordinates": [ 137.244591, 37.3572 ] } },
{ "type": "Feature", "properties": { "内容": "公立宇出津総合病院瑞穂診療所【2:診療所】【診療科目:内科_外科】石川県鳳珠郡能登町瑞穂１０字１６６番地", "url": "https://www.iryou.teikyouseido.mhlw.go.jp/znk-web/juminkanja/S2430/initialize?prefCd=17&kikanCd=4120048&kikanKbn=2", "url2": null }, "geometry": { "type": "Point", "coordinates": [ 137.040469, 37.280477 ] } },
{ "type": "Feature", "properties": { "内容": "医療法人社団持木会　持木メディカルクリニック【2:診療所】【診療科目:内科_外科_整形外科】石川県鳳珠郡能登町宇出津タ６１−２", "url": "https://www.iryou.teikyouseido.mhlw.go.jp/znk-web/juminkanja/S2430/initialize?prefCd=17&kikanCd=4120049&kikanKbn=2", "url2": null }, "geometry": { "type": "Point", "coordinates": [ 137.148133, 37.308822 ] } },
{ "type": "Feature", "properties": { "内容": "なかたに医院【2:診療所】【診療科目:内科_老年内科_小児科】石川県珠洲市上戸町北方五部１７５番地１", "url": "https://www.iryou.teikyouseido.mhlw.go.jp/znk-web/juminkanja/S2430/initialize?prefCd=17&kikanCd=4220002&kikanKbn=2", "url2": null }, "geometry": { "type": "Point", "coordinates": [ 137.257583, 37.432036 ] } },
{ "type": "Feature", "properties": { "内容": "医療法人社団　恵仁会　小西医院【2:診療所】【診療科目:内科_循環器内科_小児科】石川県珠洲市正院町正院１丁目６１番地", "url": "https://www.iryou.teikyouseido.mhlw.go.jp/znk-web/juminkanja/S2430/initialize?prefCd=17&kikanCd=4220004&kikanKbn=2", "url2": null }, "geometry": { "type": "Point", "coordinates": [ 137.288364, 37.44483 ] } },
{ "type": "Feature", "properties": { "内容": "田中クリニック【2:診療所】【診療科目:整形外科_皮膚科_麻酔科】石川県珠洲市野々江町シー７８－１", "url": "https://www.iryou.teikyouseido.mhlw.go.jp/znk-web/juminkanja/S2430/initialize?prefCd=17&kikanCd=4220012&kikanKbn=2", "url2": null }, "geometry": { "type": "Point", "coordinates": [ 137.267974, 37.440896 ] } },
{ "type": "Feature", "properties": { "内容": "医療法人社団小浦内科医院【2:診療所】【診療科目:内科_循環器内科_消化器内科】石川県金沢市畝田中１−５９", "url": "https://www.iryou.teikyouseido.mhlw.go.jp/znk-web/juminkanja/S2430/initialize?prefCd=17&kikanCd=425&kikanKbn=2", "url2": null }, "geometry": { "type": "Point", "coordinates": [ 136.6112106, 36.5925294 ] } },
{ "type": "Feature", "properties": { "内容": "医療法人社団山崎眼科医院【2:診療所】【診療科目:眼科】石川県金沢市彦三町１－８－１", "url": "https://www.iryou.teikyouseido.mhlw.go.jp/znk-web/juminkanja/S2430/initialize?prefCd=17&kikanCd=427&kikanKbn=2", "url2": "https://yamazaki-eye.jp" }, "geometry": { "type": "Point", "coordinates": [ 136.661302, 36.572881 ] } },
{ "type": "Feature", "properties": { "内容": "やすもと医院【2:診療所】【診療科目:精神科_心療内科】石川県金沢市兼六元町９−３７", "url": "https://www.iryou.teikyouseido.mhlw.go.jp/znk-web/juminkanja/S2430/initialize?prefCd=17&kikanCd=432&kikanKbn=2", "url2": null }, "geometry": { "type": "Point", "coordinates": [ 136.666277, 36.566703 ] } },
{ "type": "Feature", "properties": { "内容": "歯科　はぐくみの郷【2:診療所】【診療科目:歯科_小児歯科】石川県金沢市田上さくら１丁目１５１番地", "url": "https://www.iryou.teikyouseido.mhlw.go.jp/znk-web/juminkanja/S2430/initialize?prefCd=17&kikanCd=433&kikanKbn=2", "url2": null }, "geometry": { "type": "Point", "coordinates": [ 136.691942, 36.54715 ] } },
{ "type": "Feature", "properties": { "内容": "みもうクリニック【2:診療所】【診療科目:内科_循環器内科_消化器内科_小児科】石川県能美市佐野町ヲ３３", "url": "https://www.iryou.teikyouseido.mhlw.go.jp/znk-web/juminkanja/S2430/initialize?prefCd=17&kikanCd=439&kikanKbn=2", "url2": null }, "geometry": { "type": "Point", "coordinates": [ 136.510171, 36.429351 ] } },
{ "type": "Feature", "properties": { "内容": "石川県職員診療所【2:診療所】【診療科目:内科】石川県金沢市鞍月１丁目１番地", "url": "https://www.iryou.teikyouseido.mhlw.go.jp/znk-web/juminkanja/S2430/initialize?prefCd=17&kikanCd=441&kikanKbn=2", "url2": null }, "geometry": { "type": "Point", "coordinates": [ 136.625541, 36.594826 ] } },
{ "type": "Feature", "properties": { "内容": "金沢工業大学扇が丘診療所【2:診療所】【診療科目:内科】石川県野々市市扇が丘７番１号", "url": "https://www.iryou.teikyouseido.mhlw.go.jp/znk-web/juminkanja/S2430/initialize?prefCd=17&kikanCd=443&kikanKbn=2", "url2": null }, "geometry": { "type": "Point", "coordinates": [ 136.628264, 36.529176 ] } },
{ "type": "Feature", "properties": { "内容": "社会医療法人財団董仙会　恵寿ローレルクリニック【2:診療所】【診療科目:内科_腎臓内科_小児科_産婦人科】石川県七尾市富岡町９５番地", "url": "https://www.iryou.teikyouseido.mhlw.go.jp/znk-web/juminkanja/S2430/initialize?prefCd=17&kikanCd=446&kikanKbn=2", "url2": "http://www.keiju.co.jp" }, "geometry": { "type": "Point", "coordinates": [ 136.960707, 37.050201 ] } },
{ "type": "Feature", "properties": { "内容": "有松医科歯科クリニック【2:診療所】【診療科目:神経内科_脳神経外科_心療内科_歯科_矯正歯科_歯科口腔外科】石川県金沢市泉３丁目３－６", "url": "https://www.iryou.teikyouseido.mhlw.go.jp/znk-web/juminkanja/S2430/initialize?prefCd=17&kikanCd=448&kikanKbn=2", "url2": null }, "geometry": { "type": "Point", "coordinates": [ 136.641193, 36.544597 ] } },
{ "type": "Feature", "properties": { "内容": "医療法人社団　新　新くりにっく【2:診療所】【診療科目:内科_消化器内科_肝臓内科】石川県白山市宮保新町１３０番地１", "url": "https://www.iryou.teikyouseido.mhlw.go.jp/znk-web/juminkanja/S2430/initialize?prefCd=17&kikanCd=449&kikanKbn=2", "url2": "http://www.shinclinic.net" }, "geometry": { "type": "Point", "coordinates": [ 136.532328, 36.507149 ] } },
{ "type": "Feature", "properties": { "内容": "アンジュレディースクリニック【2:診療所】【診療科目:産婦人科_産科_婦人科】石川県金沢市三池栄町６６番地", "url": "https://www.iryou.teikyouseido.mhlw.go.jp/znk-web/juminkanja/S2430/initialize?prefCd=17&kikanCd=452&kikanKbn=2", "url2": "http://ange-lc.jp/" }, "geometry": { "type": "Point", "coordinates": [ 136.670161, 36.596806 ] } },
{ "type": "Feature", "properties": { "内容": "おおくぼ眼科クリニック【2:診療所】【診療科目:眼科】石川県金沢市小坂町西９７番１", "url": "https://www.iryou.teikyouseido.mhlw.go.jp/znk-web/juminkanja/S2430/initialize?prefCd=17&kikanCd=456&kikanKbn=2", "url2": "http://ohkubo-eye.com/index.html" }, "geometry": { "type": "Point", "coordinates": [ 136.671924, 36.591779 ] } },
{ "type": "Feature", "properties": { "内容": "まえだ整形外科・骨・関節クリニック【2:診療所】【診療科目:整形外科_リハビリテーション科】石川県金沢市直江東１丁目６０番地", "url": "https://www.iryou.teikyouseido.mhlw.go.jp/znk-web/juminkanja/S2430/initialize?prefCd=17&kikanCd=466&kikanKbn=2", "url2": "http://maeda-seikei.net" }, "geometry": { "type": "Point", "coordinates": [ 136.636367, 36.612948 ] } },
{ "type": "Feature", "properties": { "内容": "山中温泉ぬくもり診療所【2:診療所】【診療科目:内科_整形外科_小児科】石川県加賀市山中温泉上野町ル１５番地１", "url": "https://www.iryou.teikyouseido.mhlw.go.jp/znk-web/juminkanja/S2430/initialize?prefCd=17&kikanCd=467&kikanKbn=2", "url2": "http://nukumori.jadecom.or.jp/" }, "geometry": { "type": "Point", "coordinates": [ 136.369278, 36.253544 ] } },
{ "type": "Feature", "properties": { "内容": "向陽台クリニック【2:診療所】【診療科目:婦人科】石川県河北郡内灘町向陽台１丁目２２５番地", "url": "https://www.iryou.teikyouseido.mhlw.go.jp/znk-web/juminkanja/S2430/initialize?prefCd=17&kikanCd=468&kikanKbn=2", "url2": "http://koyodai-clinic.sakura.ne.jp" }, "geometry": { "type": "Point", "coordinates": [ 136.636653, 36.639475 ] } },
{ "type": "Feature", "properties": { "内容": "多賀クリニック【2:診療所】【診療科目:内科_小児科】石川県白山市美川和波町カ１２８番地１", "url": "https://www.iryou.teikyouseido.mhlw.go.jp/znk-web/juminkanja/S2430/initialize?prefCd=17&kikanCd=469&kikanKbn=2", "url2": "http://taga-clinic.jp" }, "geometry": { "type": "Point", "coordinates": [ 136.489368, 36.490306 ] } },
{ "type": "Feature", "properties": { "内容": "ちょくし町クリニック【2:診療所】【診療科目:内科】石川県加賀市勅使町ハ２５－１", "url": "https://www.iryou.teikyouseido.mhlw.go.jp/znk-web/juminkanja/S2430/initialize?prefCd=17&kikanCd=470&kikanKbn=2", "url2": "https://g.co/kgs/RTtPSNz" }, "geometry": { "type": "Point", "coordinates": [ 136.393718, 36.302637 ] } },
{ "type": "Feature", "properties": { "内容": "宙メンタルクリニック【2:診療所】【診療科目:精神科_心療内科】石川県七尾市神明町１番地　ミナ．クル１Ｆ", "url": "https://www.iryou.teikyouseido.mhlw.go.jp/znk-web/juminkanja/S2430/initialize?prefCd=17&kikanCd=471&kikanKbn=2", "url2": null }, "geometry": { "type": "Point", "coordinates": [ 136.963385, 37.043466 ] } },
{ "type": "Feature", "properties": { "内容": "シーピーエル病理診断科クリニック【2:診療所】【診療科目:病理診断科】石川県金沢市二宮町１５番３６号", "url": "https://www.iryou.teikyouseido.mhlw.go.jp/znk-web/juminkanja/S2430/initialize?prefCd=17&kikanCd=481&kikanKbn=2", "url2": null }, "geometry": { "type": "Point", "coordinates": [ 136.6269479, 36.587313 ] } },
{ "type": "Feature", "properties": { "内容": "小杉クリニック【2:診療所】【診療科目:内科_消化器内科_外科】石川県鳳珠郡能登町小木１５字２３番地３", "url": "https://www.iryou.teikyouseido.mhlw.go.jp/znk-web/juminkanja/S2430/initialize?prefCd=17&kikanCd=485&kikanKbn=2", "url2": null }, "geometry": { "type": "Point", "coordinates": [ 137.225075, 37.300105 ] } },
{ "type": "Feature", "properties": { "内容": "ゆうこ皮ふ科クリニック【2:診療所】【診療科目:皮膚科】石川県小松市矢崎町ハ１６４番１", "url": "https://www.iryou.teikyouseido.mhlw.go.jp/znk-web/juminkanja/S2430/initialize?prefCd=17&kikanCd=487&kikanKbn=2", "url2": "http://yuko-derma.jp/" }, "geometry": { "type": "Point", "coordinates": [ 136.43219, 36.36566 ] } },
{ "type": "Feature", "properties": { "内容": "みやた整形外科【2:診療所】【診療科目:整形外科_リウマチ科_リハビリテーション科】石川県白山市新田町２１７ー１", "url": "https://www.iryou.teikyouseido.mhlw.go.jp/znk-web/juminkanja/S2430/initialize?prefCd=17&kikanCd=489&kikanKbn=2", "url2": "https://miyata-seikeigeka.com/" }, "geometry": { "type": "Point", "coordinates": [ 136.570831, 36.533527 ] } },
{ "type": "Feature", "properties": { "内容": "医療法人社団ＡＯＢＡｍｅｄｉｃａｌあおばウィメンズクリニック【2:診療所】【診療科目:婦人科】石川県金沢市畝田東３－５４０", "url": "https://www.iryou.teikyouseido.mhlw.go.jp/znk-web/juminkanja/S2430/initialize?prefCd=17&kikanCd=492&kikanKbn=2", "url2": "http://aoba-womens.com/doctor/" }, "geometry": { "type": "Point", "coordinates": [ 136.614564, 36.596543 ] } },
{ "type": "Feature", "properties": { "内容": "医療法人社団イースト会　金沢イースト駅前クリニック【2:診療所】【診療科目:皮膚科_泌尿器科】石川県金沢市此花町５番６号　ライフ金沢第一ビル４階", "url": "https://www.iryou.teikyouseido.mhlw.go.jp/znk-web/juminkanja/S2430/initialize?prefCd=17&kikanCd=502&kikanKbn=2", "url2": null }, "geometry": { "type": "Point", "coordinates": [ 136.6509, 36.5773 ] } },
{ "type": "Feature", "properties": { "内容": "北陸先端科学技術大学院大学保健管理センター【2:診療所】【診療科目:内科】石川県能美市旭台一丁目１番地", "url": "https://www.iryou.teikyouseido.mhlw.go.jp/znk-web/juminkanja/S2430/initialize?prefCd=17&kikanCd=503&kikanKbn=2", "url2": null }, "geometry": { "type": "Point", "coordinates": [ 136.592642, 36.444621 ] } },
{ "type": "Feature", "properties": { "内容": "いしざき皮ふ科クリニック【2:診療所】【診療科目:皮膚科】石川県かほく市内日角", "url": "https://www.iryou.teikyouseido.mhlw.go.jp/znk-web/juminkanja/S2430/initialize?prefCd=17&kikanCd=505&kikanKbn=2", "url2": "http://www.ishizaki-derm.jp" }, "geometry": { "type": "Point", "coordinates": [ 136.699031, 36.710609 ] } },
{ "type": "Feature", "properties": { "内容": "なかそねひふ科クリニック【2:診療所】【診療科目:小児皮膚科_皮膚科】石川県野々市市横宮町６７番１号　ヴィテンののいち１Ｆ", "url": "https://www.iryou.teikyouseido.mhlw.go.jp/znk-web/juminkanja/S2430/initialize?prefCd=17&kikanCd=508&kikanKbn=2", "url2": "http://nakasone-hifuka.com/" }, "geometry": { "type": "Point", "coordinates": [ 136.616511, 36.535241 ] } },
{ "type": "Feature", "properties": { "内容": "つねファミリークリニック【2:診療所】【診療科目:内科_循環器内科_小児科_産婦人科】石川県河北郡内灘町白帆台２丁目１番", "url": "https://www.iryou.teikyouseido.mhlw.go.jp/znk-web/juminkanja/S2430/initialize?prefCd=17&kikanCd=509&kikanKbn=2", "url2": "https://www.tsunepedicardio.com/" }, "geometry": { "type": "Point", "coordinates": [ 136.658231, 36.67198 ] } },
{ "type": "Feature", "properties": { "内容": "いけだなおき内科医院【2:診療所】【診療科目:内科_消化器内科】石川県金沢市大額３丁目２６６", "url": "https://www.iryou.teikyouseido.mhlw.go.jp/znk-web/juminkanja/S2430/initialize?prefCd=17&kikanCd=511&kikanKbn=2", "url2": null }, "geometry": { "type": "Point", "coordinates": [ 136.625431, 36.514852 ] } },
{ "type": "Feature", "properties": { "内容": "つじクリニック皮フ科・形成外科【2:診療所】【診療科目:形成外科_皮膚科】石川県金沢市松村４丁目４１２番地", "url": "https://www.iryou.teikyouseido.mhlw.go.jp/znk-web/juminkanja/S2430/initialize?prefCd=17&kikanCd=5120001&kikanKbn=2", "url2": "https://ssc6.doctorqube.com/tsuji.clinic/" }, "geometry": { "type": "Point", "coordinates": [ 136.611997, 36.58433 ] } },
{ "type": "Feature", "properties": { "内容": "医療法人社団あすなろ会北山こころのクリニック【2:診療所】【診療科目:皮膚科_精神科_心療内科】石川県金沢市此花町３－２金沢駅前第１ビル２階", "url": "https://www.iryou.teikyouseido.mhlw.go.jp/znk-web/juminkanja/S2430/initialize?prefCd=17&kikanCd=5120004&kikanKbn=2", "url2": "https://kitayamakokoro-cl.jp/clinic.php" }, "geometry": { "type": "Point", "coordinates": [ 136.651468, 36.576912 ] } },
{ "type": "Feature", "properties": { "内容": "医療法人社団　羽柴クリニック【2:診療所】【診療科目:内科_消化器内科_外科_肛門外科】石川県金沢市泉野町１－１９－１６", "url": "https://www.iryou.teikyouseido.mhlw.go.jp/znk-web/juminkanja/S2430/initialize?prefCd=17&kikanCd=5120005&kikanKbn=2", "url2": "http://www.hashibaclinic.jp/" }, "geometry": { "type": "Point", "coordinates": [ 136.653126, 36.544579 ] } },
{ "type": "Feature", "properties": { "内容": "医療法人社団加藤クリニック【2:診療所】【診療科目:神経内科_脳神経外科】石川県金沢市疋田２丁目３９", "url": "https://www.iryou.teikyouseido.mhlw.go.jp/znk-web/juminkanja/S2430/initialize?prefCd=17&kikanCd=5120009&kikanKbn=2", "url2": "https://kida-clinic-kanazawa-hikida2-39.webnode.jp" }, "geometry": { "type": "Point", "coordinates": [ 136.674063, 36.604582 ] } },
{ "type": "Feature", "properties": { "内容": "医療法人社団千授会　池野内科クリニック【2:診療所】【診療科目:内科_呼吸器内科_循環器内科_胃腸内科】石川県金沢市高柳町", "url": "https://www.iryou.teikyouseido.mhlw.go.jp/znk-web/juminkanja/S2430/initialize?prefCd=17&kikanCd=5120010&kikanKbn=2", "url2": "https://ikeno-naika.jp" }, "geometry": { "type": "Point", "coordinates": [ 136.663023, 36.591763 ] } },
{ "type": "Feature", "properties": { "内容": "なかのクリニック【2:診療所】【診療科目:内科_胃腸内科_外科_リハビリテーション科】石川県金沢市松寺町丑９－１", "url": "https://www.iryou.teikyouseido.mhlw.go.jp/znk-web/juminkanja/S2430/initialize?prefCd=17&kikanCd=5120011&kikanKbn=2", "url2": "http://www.nakanoclinic.com/" }, "geometry": { "type": "Point", "coordinates": [ 136.65154, 36.604028 ] } },
{ "type": "Feature", "properties": { "内容": "医療法人社団　三秋整形外科医院【2:診療所】【診療科目:整形外科_リハビリテーション科】石川県金沢市諸江町上丁３２０番地", "url": "https://www.iryou.teikyouseido.mhlw.go.jp/znk-web/juminkanja/S2430/initialize?prefCd=17&kikanCd=5120012&kikanKbn=2", "url2": null }, "geometry": { "type": "Point", "coordinates": [ 136.645291, 36.592801 ] } },
{ "type": "Feature", "properties": { "内容": "医療法人社団井沢内科医院【2:診療所】【診療科目:内科_循環器内科_小児科】石川県金沢市諸江町下丁２８８", "url": "https://www.iryou.teikyouseido.mhlw.go.jp/znk-web/juminkanja/S2430/initialize?prefCd=17&kikanCd=5120013&kikanKbn=2", "url2": null }, "geometry": { "type": "Point", "coordinates": [ 136.646963, 36.603339 ] } },
{ "type": "Feature", "properties": { "内容": "小松眼科クリニック【2:診療所】【診療科目:眼科】石川県金沢市北安江４丁目１８番２０号", "url": "https://www.iryou.teikyouseido.mhlw.go.jp/znk-web/juminkanja/S2430/initialize?prefCd=17&kikanCd=5120016&kikanKbn=2", "url2": null }, "geometry": { "type": "Point", "coordinates": [ 136.643937, 36.589167 ] } },
{ "type": "Feature", "properties": { "内容": "宮森整形外科クリニック【2:診療所】【診療科目:整形外科_リハビリテーション科】石川県金沢市北安江４丁目１７番２０号", "url": "https://www.iryou.teikyouseido.mhlw.go.jp/znk-web/juminkanja/S2430/initialize?prefCd=17&kikanCd=5120017&kikanKbn=2", "url2": null }, "geometry": { "type": "Point", "coordinates": [ 136.644881, 36.589327 ] } },
{ "type": "Feature", "properties": { "内容": "ひろメンタルクリニック【2:診療所】【診療科目:精神科_心療内科】石川県金沢市西念３－１－３２西清ビルＡ－１", "url": "https://www.iryou.teikyouseido.mhlw.go.jp/znk-web/juminkanja/S2430/initialize?prefCd=17&kikanCd=5120019&kikanKbn=2", "url2": "http://www.hiromentalclinic.com" }, "geometry": { "type": "Point", "coordinates": [ 136.637456, 36.586142 ] } },
{ "type": "Feature", "properties": { "内容": "医療法人十全会Ｊクリニック【2:診療所】【診療科目:精神科_心療内科】石川県金沢市西念３丁目３０番１０号", "url": "https://www.iryou.teikyouseido.mhlw.go.jp/znk-web/juminkanja/S2430/initialize?prefCd=17&kikanCd=5120021&kikanKbn=2", "url2": "http://jclinic-kanazawa.jp/" }, "geometry": { "type": "Point", "coordinates": [ 136.637242, 36.590817 ] } },
{ "type": "Feature", "properties": { "内容": "医療法人社団フォトメディカル林形成外科クリニック【2:診療所】【診療科目:整形外科_形成外科_美容外科_皮膚科】石川県金沢市西念２丁目３０番３号", "url": "https://www.iryou.teikyouseido.mhlw.go.jp/znk-web/juminkanja/S2430/initialize?prefCd=17&kikanCd=5120022&kikanKbn=2", "url2": "http://www.kanazawa-med.ac.jp/~prs/hayasi.html" }, "geometry": { "type": "Point", "coordinates": [ 136.640391, 36.587287 ] } },
{ "type": "Feature", "properties": { "内容": "畷形成外科【2:診療所】【診療科目:形成外科_美容外科_皮膚科】石川県金沢市藤江北１ー３９６", "url": "https://www.iryou.teikyouseido.mhlw.go.jp/znk-web/juminkanja/S2430/initialize?prefCd=17&kikanCd=5120026&kikanKbn=2", "url2": "http://www.nawate-keiseigeka.com" }, "geometry": { "type": "Point", "coordinates": [ 136.624823, 36.585644 ] } },
{ "type": "Feature", "properties": { "内容": "中央金沢朱鷺の苑【2:診療所】【診療科目:内科】石川県金沢市広岡", "url": "https://www.iryou.teikyouseido.mhlw.go.jp/znk-web/juminkanja/S2430/initialize?prefCd=17&kikanCd=5120032&kikanKbn=2", "url2": null }, "geometry": { "type": "Point", "coordinates": [ 136.643722, 36.577024 ] } },
{ "type": "Feature", "properties": { "内容": "医療法人社団翠光会　春藤医院【2:診療所】【診療科目:内科_小児科】石川県金沢市広岡１－１－８", "url": "https://www.iryou.teikyouseido.mhlw.go.jp/znk-web/juminkanja/S2430/initialize?prefCd=17&kikanCd=5120033&kikanKbn=2", "url2": "https://syuntou-iin.com/index.html" }, "geometry": { "type": "Point", "coordinates": [ 136.645054, 36.577693 ] } },
{ "type": "Feature", "properties": { "内容": "金沢こころクリニック【2:診療所】【診療科目:精神科_心療内科】石川県金沢市広岡", "url": "https://www.iryou.teikyouseido.mhlw.go.jp/znk-web/juminkanja/S2430/initialize?prefCd=17&kikanCd=5120037&kikanKbn=2", "url2": "http://cocoro7.sakura.ne.jp" }, "geometry": { "type": "Point", "coordinates": [ 136.645177, 36.580023 ] } },
{ "type": "Feature", "properties": { "内容": "金沢春日クリニック【2:診療所】【診療科目:内科】石川県金沢市元菊町２０番１号", "url": "https://www.iryou.teikyouseido.mhlw.go.jp/znk-web/juminkanja/S2430/initialize?prefCd=17&kikanCd=5120038&kikanKbn=2", "url2": "http://www.jintikai.com" }, "geometry": { "type": "Point", "coordinates": [ 136.642261, 36.573696 ] } },
{ "type": "Feature", "properties": { "内容": "医療法人社団　竹田内科クリニック【2:診療所】【診療科目:内科_糖尿病内科_呼吸器内科_循環器内科_消化器内科_内視鏡内科】石川県金沢市長田２－１－８", "url": "https://www.iryou.teikyouseido.mhlw.go.jp/znk-web/juminkanja/S2430/initialize?prefCd=17&kikanCd=5120039&kikanKbn=2", "url2": "http://www.kma.jp/takeda/index.html" }, "geometry": { "type": "Point", "coordinates": [ 136.6396, 36.575065 ] } },
{ "type": "Feature", "properties": { "内容": "石川県こころの健康センター【2:診療所】【診療科目:精神科】石川県金沢市鞍月東", "url": "https://www.iryou.teikyouseido.mhlw.go.jp/znk-web/juminkanja/S2430/initialize?prefCd=17&kikanCd=5120044&kikanKbn=2", "url2": "http://www.pref.ishikawa.jp/fukusi/kokoro-home/kokoro/top.html" }, "geometry": { "type": "Point", "coordinates": [ 136.631727, 36.595454 ] } },
{ "type": "Feature", "properties": { "内容": "額内科クリニック【2:診療所】【診療科目:内科】石川県金沢市今町ホ３９番地", "url": "https://www.iryou.teikyouseido.mhlw.go.jp/znk-web/juminkanja/S2430/initialize?prefCd=17&kikanCd=5120048&kikanKbn=2", "url2": null }, "geometry": { "type": "Point", "coordinates": [ 136.702957, 36.629514 ] } },
{ "type": "Feature", "properties": { "内容": "前川医院【2:診療所】【診療科目:内科_小児科】石川県金沢市堅田町乙１３２番地１", "url": "https://www.iryou.teikyouseido.mhlw.go.jp/znk-web/juminkanja/S2430/initialize?prefCd=17&kikanCd=5120050&kikanKbn=2", "url2": null }, "geometry": { "type": "Point", "coordinates": [ 136.703633, 36.608845 ] } },
{ "type": "Feature", "properties": { "内容": "医療法人社団近藤クリニック【2:診療所】【診療科目:内科_小児科_歯科_矯正歯科_小児歯科】石川県金沢市木越町ト９－１", "url": "https://www.iryou.teikyouseido.mhlw.go.jp/znk-web/juminkanja/S2430/initialize?prefCd=17&kikanCd=5120052&kikanKbn=2", "url2": null }, "geometry": { "type": "Point", "coordinates": [ 136.662456, 36.620005 ] } },
{ "type": "Feature", "properties": { "内容": "医療法人社団ママＢＢクリニック【2:診療所】【診療科目:産科_婦人科】石川県金沢市木越町ト５－１", "url": "https://www.iryou.teikyouseido.mhlw.go.jp/znk-web/juminkanja/S2430/initialize?prefCd=17&kikanCd=5120055&kikanKbn=2", "url2": "mamabb-clinic.com" }, "geometry": { "type": "Point", "coordinates": [ 136.662396, 36.61908 ] } },
{ "type": "Feature", "properties": { "内容": "医療法人社団皮フ科西尾クリニック【2:診療所】【診療科目:皮膚科_なし】石川県金沢市木越町　チ８０－５", "url": "https://www.iryou.teikyouseido.mhlw.go.jp/znk-web/juminkanja/S2430/initialize?prefCd=17&kikanCd=5120056&kikanKbn=2", "url2": "http://www.nisioclinic.jp/" }, "geometry": { "type": "Point", "coordinates": [ 136.663039, 36.619482 ] } },
{ "type": "Feature", "properties": { "内容": "医療法人社団内科高松医院【2:診療所】【診療科目:内科_呼吸器内科_消化器内科_小児科】石川県金沢市蚊爪町イ１２５番地５", "url": "https://www.iryou.teikyouseido.mhlw.go.jp/znk-web/juminkanja/S2430/initialize?prefCd=17&kikanCd=5120057&kikanKbn=2", "url2": "https://takamatsuiin.simdif.com/" }, "geometry": { "type": "Point", "coordinates": [ 136.642966, 36.625805 ] } },
{ "type": "Feature", "properties": { "内容": "医療法人ＨＩＲＯＨＩＳＡ会めぐみクリニック【2:診療所】【診療科目:産婦人科】石川県金沢市近岡町３４５－１", "url": "https://www.iryou.teikyouseido.mhlw.go.jp/znk-web/juminkanja/S2430/initialize?prefCd=17&kikanCd=5120063&kikanKbn=2", "url2": "https://www.megumi.or.jp/" }, "geometry": { "type": "Point", "coordinates": [ 136.63374, 36.61053 ] } },
{ "type": "Feature", "properties": { "内容": "医療法人社団博友会アカシアクリニック【2:診療所】【診療科目:内科_外科_整形外科】石川県金沢市粟崎町４丁目８０番２号", "url": "https://www.iryou.teikyouseido.mhlw.go.jp/znk-web/juminkanja/S2430/initialize?prefCd=17&kikanCd=5120065&kikanKbn=2", "url2": "https://akashia-clinic.amebaownd.com/" }, "geometry": { "type": "Point", "coordinates": [ 136.622339, 36.630218 ] } },
{ "type": "Feature", "properties": { "内容": "医療法人社団　三治整形外科クリニック【2:診療所】【診療科目:整形外科_リウマチ科_リハビリテーション科】石川県金沢市粟崎町１丁目４２番地２", "url": "https://www.iryou.teikyouseido.mhlw.go.jp/znk-web/juminkanja/S2430/initialize?prefCd=17&kikanCd=5120066&kikanKbn=2", "url2": null }, "geometry": { "type": "Point", "coordinates": [ 136.631234, 36.62859 ] } },
{ "type": "Feature", "properties": { "内容": "なかがわら胃腸科クリニック【2:診療所】【診療科目:内科_消化器内科_胃腸内科_内視鏡内科_消化器外科_肛門外科】石川県金沢市粟崎町", "url": "https://www.iryou.teikyouseido.mhlw.go.jp/znk-web/juminkanja/S2430/initialize?prefCd=17&kikanCd=5120068&kikanKbn=2", "url2": null }, "geometry": { "type": "Point", "coordinates": [ 136.626809, 36.627415 ] } },
{ "type": "Feature", "properties": { "内容": "医療法人社団翠琥　むらた小児科医院【2:診療所】【診療科目:小児科】石川県金沢市寺中町ト５番地", "url": "https://www.iryou.teikyouseido.mhlw.go.jp/znk-web/juminkanja/S2430/initialize?prefCd=17&kikanCd=5120072&kikanKbn=2", "url2": "https://muratasyounika.ciao.jp/" }, "geometry": { "type": "Point", "coordinates": [ 136.600463, 36.599638 ] } },
{ "type": "Feature", "properties": { "内容": "瀬川眼科【2:診療所】【診療科目:眼科】石川県金沢市寺中町ホ６１番地９", "url": "https://www.iryou.teikyouseido.mhlw.go.jp/znk-web/juminkanja/S2430/initialize?prefCd=17&kikanCd=5120074&kikanKbn=2", "url2": "http://www.segawa-g.jp" }, "geometry": { "type": "Point", "coordinates": [ 136.604991, 36.5954 ] } },
{ "type": "Feature", "properties": { "内容": "さがら整形外科医院【2:診療所】【診療科目:整形外科_リウマチ科_リハビリテーション科】石川県金沢市畝田西３丁目２０３番地", "url": "https://www.iryou.teikyouseido.mhlw.go.jp/znk-web/juminkanja/S2430/initialize?prefCd=17&kikanCd=5120076&kikanKbn=2", "url2": "www.sagara-seikeigeka.com" }, "geometry": { "type": "Point", "coordinates": [ 136.608387, 36.597872 ] } },
{ "type": "Feature", "properties": { "内容": "あずきさわ内科クリニック【2:診療所】【診療科目:内科_脂質代謝内科_糖尿病・代謝内科_代謝・内分泌内科_呼吸器内科_循環器内科_消化器内科】石川県金沢市畝田西３丁目６２番地１", "url": "https://www.iryou.teikyouseido.mhlw.go.jp/znk-web/juminkanja/S2430/initialize?prefCd=17&kikanCd=5120077&kikanKbn=2", "url2": null }, "geometry": { "type": "Point", "coordinates": [ 136.607217, 36.595546 ] } },
{ "type": "Feature", "properties": { "内容": "ふじむらクリニック【2:診療所】【診療科目:内科_循環器内科_リハビリテーション科】石川県金沢市藤江北", "url": "https://www.iryou.teikyouseido.mhlw.go.jp/znk-web/juminkanja/S2430/initialize?prefCd=17&kikanCd=5120080&kikanKbn=2", "url2": "https://www.fujimura-clinic.net/" }, "geometry": { "type": "Point", "coordinates": [ 136.619893, 36.588949 ] } },
{ "type": "Feature", "properties": { "内容": "医療法人社団長山耳鼻咽喉科医院【2:診療所】【診療科目:耳鼻いんこう科_アレルギー科】石川県金沢市松村１丁目７番地", "url": "https://www.iryou.teikyouseido.mhlw.go.jp/znk-web/juminkanja/S2430/initialize?prefCd=17&kikanCd=5120085&kikanKbn=2", "url2": null }, "geometry": { "type": "Point", "coordinates": [ 136.617082, 36.588465 ] } },
{ "type": "Feature", "properties": { "内容": "医療法人社団吉澤レディースクリニック【2:診療所】【診療科目:産科_婦人科】石川県金沢市稚日野町北２９５―１", "url": "https://www.iryou.teikyouseido.mhlw.go.jp/znk-web/juminkanja/S2430/initialize?prefCd=17&kikanCd=5120086&kikanKbn=2", "url2": "yoshizawa-l-c.com" }, "geometry": { "type": "Point", "coordinates": [ 136.596665, 36.579572 ] } },
{ "type": "Feature", "properties": { "内容": "予防医学クリニック【2:診療所】【診療科目:内科_糖尿病内科_循環器内科_消化器内科】石川県金沢市神野町東１１５", "url": "https://www.iryou.teikyouseido.mhlw.go.jp/znk-web/juminkanja/S2430/initialize?prefCd=17&kikanCd=5120089&kikanKbn=2", "url2": "https://www.yobouigaku.jp/" }, "geometry": { "type": "Point", "coordinates": [ 136.600292, 36.565041 ] } },
{ "type": "Feature", "properties": { "内容": "こじま内科クリニック【2:診療所】【診療科目:内科_呼吸器内科_アレルギー疾患内科】石川県金沢市豊穂町", "url": "https://www.iryou.teikyouseido.mhlw.go.jp/znk-web/juminkanja/S2430/initialize?prefCd=17&kikanCd=5120093&kikanKbn=2", "url2": null }, "geometry": { "type": "Point", "coordinates": [ 136.589338, 36.570416 ] } },
{ "type": "Feature", "properties": { "内容": "フジイ内科クリニック【2:診療所】【診療科目:内科_循環器内科】石川県金沢市福増町北１３８５－２", "url": "https://www.iryou.teikyouseido.mhlw.go.jp/znk-web/juminkanja/S2430/initialize?prefCd=17&kikanCd=5120097&kikanKbn=2", "url2": "https://www.hujii-naikaclinic.com" }, "geometry": { "type": "Point", "coordinates": [ 136.58202, 36.564479 ] } },
{ "type": "Feature", "properties": { "内容": "愛育産婦人科医院【2:診療所】【診療科目:内科_産婦人科】石川県金沢市鳴和１丁目１３番６号", "url": "https://www.iryou.teikyouseido.mhlw.go.jp/znk-web/juminkanja/S2430/initialize?prefCd=17&kikanCd=5120100&kikanKbn=2", "url2": null }, "geometry": { "type": "Point", "coordinates": [ 136.673684, 36.585564 ] } },
{ "type": "Feature", "properties": { "内容": "医療法人社団田丸小児科医院【2:診療所】【診療科目:小児科】石川県金沢市小金町６－３", "url": "https://www.iryou.teikyouseido.mhlw.go.jp/znk-web/juminkanja/S2430/initialize?prefCd=17&kikanCd=5120104&kikanKbn=2", "url2": "https://tamaru-kids.com" }, "geometry": { "type": "Point", "coordinates": [ 136.672448, 36.583735 ] } },
{ "type": "Feature", "properties": { "内容": "横浜外科整形外科医院【2:診療所】【診療科目:整形外科_リウマチ科_リハビリテーション科】石川県金沢市小坂町北１９５番地２", "url": "https://www.iryou.teikyouseido.mhlw.go.jp/znk-web/juminkanja/S2430/initialize?prefCd=17&kikanCd=5120107&kikanKbn=2", "url2": null }, "geometry": { "type": "Point", "coordinates": [ 136.679555, 36.595591 ] } },
{ "type": "Feature", "properties": { "内容": "いよべクリニック【2:診療所】【診療科目:内科_胃腸内科_外科_肛門外科】石川県金沢市小坂町南６７５番地", "url": "https://www.iryou.teikyouseido.mhlw.go.jp/znk-web/juminkanja/S2430/initialize?prefCd=17&kikanCd=5120109&kikanKbn=2", "url2": "http://iyobeclinic.jp" }, "geometry": { "type": "Point", "coordinates": [ 136.679241, 36.587285 ] } },
{ "type": "Feature", "properties": { "内容": "岡田内科クリニック【2:診療所】【診療科目:内科_呼吸器内科_循環器内科_消化器内科】石川県金沢市鳴和台１１３", "url": "https://www.iryou.teikyouseido.mhlw.go.jp/znk-web/juminkanja/S2430/initialize?prefCd=17&kikanCd=5120110&kikanKbn=2", "url2": null }, "geometry": { "type": "Point", "coordinates": [ 136.680656, 36.579454 ] } },
{ "type": "Feature", "properties": { "内容": "坂戸医院【2:診療所】【診療科目:内科_神経内科】石川県金沢市山の上町５番３号", "url": "https://www.iryou.teikyouseido.mhlw.go.jp/znk-web/juminkanja/S2430/initialize?prefCd=17&kikanCd=5120111&kikanKbn=2", "url2": null }, "geometry": { "type": "Point", "coordinates": [ 136.669868, 36.578213 ] } },
{ "type": "Feature", "properties": { "内容": "土原医院【2:診療所】【診療科目:内科_呼吸器内科_外科_胃腸外科】石川県金沢市大樋町８番１号", "url": "https://www.iryou.teikyouseido.mhlw.go.jp/znk-web/juminkanja/S2430/initialize?prefCd=17&kikanCd=5120114&kikanKbn=2", "url2": "http://www.tsuchihara.jp" }, "geometry": { "type": "Point", "coordinates": [ 136.675233, 36.58564 ] } },
{ "type": "Feature", "properties": { "内容": "医療法人社団米島内科医院【2:診療所】【診療科目:内科】石川県金沢市東山", "url": "https://www.iryou.teikyouseido.mhlw.go.jp/znk-web/juminkanja/S2430/initialize?prefCd=17&kikanCd=5120115&kikanKbn=2", "url2": null }, "geometry": { "type": "Point", "coordinates": [ 136.667513, 36.575697 ] } },
{ "type": "Feature", "properties": { "内容": "医療法人社団森田医院【2:診療所】【診療科目:内科_小児科_アレルギー科】石川県金沢市森山１－１－２２", "url": "https://www.iryou.teikyouseido.mhlw.go.jp/znk-web/juminkanja/S2430/initialize?prefCd=17&kikanCd=5120119&kikanKbn=2", "url2": "http://moritaiin.com/" }, "geometry": { "type": "Point", "coordinates": [ 136.666873, 36.575535 ] } },
{ "type": "Feature", "properties": { "内容": "斎藤皮フ科クリニック【2:診療所】【診療科目:皮膚科】石川県金沢市森山２ー１１ー１１", "url": "https://www.iryou.teikyouseido.mhlw.go.jp/znk-web/juminkanja/S2430/initialize?prefCd=17&kikanCd=5120120&kikanKbn=2", "url2": "http://www.saito-h.jp" }, "geometry": { "type": "Point", "coordinates": [ 136.668699, 36.579394 ] } },
{ "type": "Feature", "properties": { "内容": "医療法人社団耳順会ひょうたん町耳鼻咽喉科医院【2:診療所】【診療科目:耳鼻いんこう科】石川県金沢市瓢箪町２－１３", "url": "https://www.iryou.teikyouseido.mhlw.go.jp/znk-web/juminkanja/S2430/initialize?prefCd=17&kikanCd=5120122&kikanKbn=2", "url2": "http://www.hyotan-machi.com/" }, "geometry": { "type": "Point", "coordinates": [ 136.657079, 36.576249 ] } },
{ "type": "Feature", "properties": { "内容": "医療法人財団玉川会金沢クリニック【2:診療所】【診療科目:内科_心療内科】石川県金沢市京町２４－３３金沢療院２階", "url": "https://www.iryou.teikyouseido.mhlw.go.jp/znk-web/juminkanja/S2430/initialize?prefCd=17&kikanCd=5120126&kikanKbn=2", "url2": null }, "geometry": { "type": "Point", "coordinates": [ 136.657691, 36.581349 ] } },
{ "type": "Feature", "properties": { "内容": "此花診療所【2:診療所】【診療科目:内科_脳神経外科】石川県金沢市此花町", "url": "https://www.iryou.teikyouseido.mhlw.go.jp/znk-web/juminkanja/S2430/initialize?prefCd=17&kikanCd=5120128&kikanKbn=2", "url2": null }, "geometry": { "type": "Point", "coordinates": [ 136.653513, 36.576576 ] } },
{ "type": "Feature", "properties": { "内容": "北山整形外科・手のクリニック【2:診療所】【診療科目:整形外科_形成外科_リハビリテーション科】石川県金沢市此花町３番２号", "url": "https://www.iryou.teikyouseido.mhlw.go.jp/znk-web/juminkanja/S2430/initialize?prefCd=17&kikanCd=5120130&kikanKbn=2", "url2": "http://www.myclinic.ne.jp/kitayamakuri/pc/" }, "geometry": { "type": "Point", "coordinates": [ 136.651468, 36.576908 ] } },
{ "type": "Feature", "properties": { "内容": "つなむらクリニック【2:診療所】【診療科目:内科】石川県金沢市本町１－３－３８", "url": "https://www.iryou.teikyouseido.mhlw.go.jp/znk-web/juminkanja/S2430/initialize?prefCd=17&kikanCd=5120133&kikanKbn=2", "url2": "https://tsunamura-cl.jimdofree.com/" }, "geometry": { "type": "Point", "coordinates": [ 136.652603, 36.575 ] } },
{ "type": "Feature", "properties": { "内容": "医療法人すのあ会　金沢駅前ぐっすりクリニック【2:診療所】【診療科目:内科_呼吸器内科_耳鼻いんこう科_頭頸部・耳鼻いんこう科】石川県金沢市本町２－１２－１６", "url": "https://www.iryou.teikyouseido.mhlw.go.jp/znk-web/juminkanja/S2430/initialize?prefCd=17&kikanCd=5120135&kikanKbn=2", "url2": "http://www.gussuri.jp/" }, "geometry": { "type": "Point", "coordinates": [ 136.649593, 36.575697 ] } },
{ "type": "Feature", "properties": { "内容": "かとうクリニック【2:診療所】【診療科目:精神科_心療内科】石川県金沢市武蔵町", "url": "https://www.iryou.teikyouseido.mhlw.go.jp/znk-web/juminkanja/S2430/initialize?prefCd=17&kikanCd=5120140&kikanKbn=2", "url2": null }, "geometry": { "type": "Point", "coordinates": [ 136.654491, 36.57207 ] } },
{ "type": "Feature", "properties": { "内容": "大塚美容形成外科【2:診療所】【診療科目:形成外科_美容外科_皮膚科_美容皮膚科】石川県金沢市昭和町", "url": "https://www.iryou.teikyouseido.mhlw.go.jp/znk-web/juminkanja/S2430/initialize?prefCd=17&kikanCd=5120141&kikanKbn=2", "url2": "http://www.otsuka-biyo.co.jp" }, "geometry": { "type": "Point", "coordinates": [ 136.64704, 36.573744 ] } },
{ "type": "Feature", "properties": { "内容": "医療法人社団藤聖会金沢メディカルステーションヴィーク【2:診療所】【診療科目:内科_呼吸器内科_循環器内科_消化器内科_神経内科_外科_脳神経外科_消化器外科_乳腺外科_内視鏡外科_整形外科_形成外科_美容外科_小児科_婦人科_眼科_皮膚科_放射線科】石川県金沢市木ノ新保町１－１　金沢駅西口ビル４階", "url": "https://www.iryou.teikyouseido.mhlw.go.jp/znk-web/juminkanja/S2430/initialize?prefCd=17&kikanCd=5120142&kikanKbn=2", "url2": "http://www.viec.jp" }, "geometry": { "type": "Point", "coordinates": [ 136.64782, 36.578498 ] } },
{ "type": "Feature", "properties": { "内容": "医療法人社団五樹会　はしもと医院【2:診療所】【診療科目:呼吸器内科_循環器内科_消化器内科_漢方内科_外科_リハビリテーション科】石川県金沢市玉川町１７－１０", "url": "https://www.iryou.teikyouseido.mhlw.go.jp/znk-web/juminkanja/S2430/initialize?prefCd=17&kikanCd=5120146&kikanKbn=2", "url2": "http://spacelan.ne.jp/~hh1603/index.html" }, "geometry": { "type": "Point", "coordinates": [ 136.650428, 36.570722 ] } },
{ "type": "Feature", "properties": { "内容": "医療法人社団山本脳神経外科医院【2:診療所】【診療科目:外科_脳神経外科_整形外科】石川県金沢市玉川町", "url": "https://www.iryou.teikyouseido.mhlw.go.jp/znk-web/juminkanja/S2430/initialize?prefCd=17&kikanCd=5120147&kikanKbn=2", "url2": null }, "geometry": { "type": "Point", "coordinates": [ 136.651562, 36.572828 ] } },
{ "type": "Feature", "properties": { "内容": "医療法人社団　佐藤耳鼻咽喉科医院【2:診療所】【診療科目:耳鼻いんこう科】石川県金沢市長町二丁１番１１号", "url": "https://www.iryou.teikyouseido.mhlw.go.jp/znk-web/juminkanja/S2430/initialize?prefCd=17&kikanCd=5120148&kikanKbn=2", "url2": null }, "geometry": { "type": "Point", "coordinates": [ 136.650108, 36.562352 ] } },
{ "type": "Feature", "properties": { "内容": "医療法人社団　創生会　大野内科医院【2:診療所】【診療科目:内科_呼吸器内科_循環器内科_消化器内科】石川県金沢市中央通町１１ー５", "url": "https://www.iryou.teikyouseido.mhlw.go.jp/znk-web/juminkanja/S2430/initialize?prefCd=17&kikanCd=5120149&kikanKbn=2", "url2": null }, "geometry": { "type": "Point", "coordinates": [ 136.64782, 36.564005 ] } },
{ "type": "Feature", "properties": { "内容": "医療法人社団福寿会かばた医院【2:診療所】【診療科目:小児科】石川県金沢市長土塀３丁目７番５号", "url": "https://www.iryou.teikyouseido.mhlw.go.jp/znk-web/juminkanja/S2430/initialize?prefCd=17&kikanCd=5120152&kikanKbn=2", "url2": "https://kabata-cl.jp/" }, "geometry": { "type": "Point", "coordinates": [ 136.643314, 36.565055 ] } },
{ "type": "Feature", "properties": { "内容": "オリベ内科医院【2:診療所】【診療科目:内科_呼吸器内科_アレルギー疾患内科_アレルギー科】石川県金沢市彦三町１－５－３３", "url": "https://www.iryou.teikyouseido.mhlw.go.jp/znk-web/juminkanja/S2430/initialize?prefCd=17&kikanCd=5120154&kikanKbn=2", "url2": "http://oribe-clinic.com" }, "geometry": { "type": "Point", "coordinates": [ 136.659216, 36.573108 ] } },
{ "type": "Feature", "properties": { "内容": "柴山クリニック【2:診療所】【診療科目:内科_循環器内科】石川県金沢市彦三町１ー７ー３４", "url": "https://www.iryou.teikyouseido.mhlw.go.jp/znk-web/juminkanja/S2430/initialize?prefCd=17&kikanCd=5120156&kikanKbn=2", "url2": "https://shibayama-clinic.jp" }, "geometry": { "type": "Point", "coordinates": [ 136.660749, 36.572917 ] } },
{ "type": "Feature", "properties": { "内容": "沢田皮ふ科医院【2:診療所】【診療科目:皮膚科】石川県金沢市下新町６番３０号", "url": "https://www.iryou.teikyouseido.mhlw.go.jp/znk-web/juminkanja/S2430/initialize?prefCd=17&kikanCd=5120161&kikanKbn=2", "url2": null }, "geometry": { "type": "Point", "coordinates": [ 136.662166, 36.571721 ] } },
{ "type": "Feature", "properties": { "内容": "わせだクリニック【2:診療所】【診療科目:精神科_心療内科】石川県金沢市安江町", "url": "https://www.iryou.teikyouseido.mhlw.go.jp/znk-web/juminkanja/S2430/initialize?prefCd=17&kikanCd=5120165&kikanKbn=2", "url2": null }, "geometry": { "type": "Point", "coordinates": [ 136.65414, 36.573711 ] } },
{ "type": "Feature", "properties": { "内容": "小森耳鼻咽喉科医院【2:診療所】【診療科目:小児耳鼻いんこう科_耳鼻いんこう科_頭頸部・耳鼻いんこう科】石川県金沢市橋場町３番９号", "url": "https://www.iryou.teikyouseido.mhlw.go.jp/znk-web/juminkanja/S2430/initialize?prefCd=17&kikanCd=5120167&kikanKbn=2", "url2": "http://www.komori.or.jp/" }, "geometry": { "type": "Point", "coordinates": [ 136.664365, 36.570708 ] } },
{ "type": "Feature", "properties": { "内容": "金沢市駅西福祉保健センター【2:診療所】【診療科目:内科_小児科】石川県金沢市西念３丁目４－２５", "url": "https://www.iryou.teikyouseido.mhlw.go.jp/znk-web/juminkanja/S2430/initialize?prefCd=17&kikanCd=5120169&kikanKbn=2", "url2": "http://www.kanazawa-kouiki.jp/" }, "geometry": { "type": "Point", "coordinates": [ 136.635531, 36.589871 ] } },
{ "type": "Feature", "properties": { "内容": "ヴィークリニック【2:診療所】【診療科目:精神科_心療内科】石川県金沢市南町５－１２", "url": "https://www.iryou.teikyouseido.mhlw.go.jp/znk-web/juminkanja/S2430/initialize?prefCd=17&kikanCd=5120173&kikanKbn=2", "url2": "http://www.vie-clinic.jp" }, "geometry": { "type": "Point", "coordinates": [ 136.654202, 36.566791 ] } },
{ "type": "Feature", "properties": { "内容": "石坂眼科医院【2:診療所】【診療科目:眼科】石川県金沢市材木町２－１５", "url": "https://www.iryou.teikyouseido.mhlw.go.jp/znk-web/juminkanja/S2430/initialize?prefCd=17&kikanCd=5120175&kikanKbn=2", "url2": null }, "geometry": { "type": "Point", "coordinates": [ 136.666811, 36.567133 ] } },
{ "type": "Feature", "properties": { "内容": "医療法人社団おおみぞ内科・皮ふ科クリニック【2:診療所】【診療科目:内科_皮膚科】石川県金沢市横山町８番４１号", "url": "https://www.iryou.teikyouseido.mhlw.go.jp/znk-web/juminkanja/S2430/initialize?prefCd=17&kikanCd=5120176&kikanKbn=2", "url2": null }, "geometry": { "type": "Point", "coordinates": [ 136.669959, 36.56497 ] } },
{ "type": "Feature", "properties": { "内容": "金沢桜町斉藤内科クリニック【2:診療所】【診療科目:内科_循環器内科_消化器内科_腎臓内科】石川県金沢市桜町", "url": "https://www.iryou.teikyouseido.mhlw.go.jp/znk-web/juminkanja/S2430/initialize?prefCd=17&kikanCd=5120178&kikanKbn=2", "url2": "https://www.saitonaikacl.jp" }, "geometry": { "type": "Point", "coordinates": [ 136.677537, 36.561284 ] } },
{ "type": "Feature", "properties": { "内容": "医療法人社団　相良内科医院【2:診療所】【診療科目:内科_呼吸器内科_腎臓内科_リウマチ科】石川県金沢市小将町", "url": "https://www.iryou.teikyouseido.mhlw.go.jp/znk-web/juminkanja/S2430/initialize?prefCd=17&kikanCd=5120179&kikanKbn=2", "url2": null }, "geometry": { "type": "Point", "coordinates": [ 136.665907, 36.564748 ] } },
{ "type": "Feature", "properties": { "内容": "医療法人社団半田内科医院【2:診療所】【診療科目:内科_循環器内科_消化器内科】石川県金沢市小立野３丁目２８番１７号", "url": "https://www.iryou.teikyouseido.mhlw.go.jp/znk-web/juminkanja/S2430/initialize?prefCd=17&kikanCd=5120190&kikanKbn=2", "url2": "http://www.handanaika.jp" }, "geometry": { "type": "Point", "coordinates": [ 136.680179, 36.546352 ] } },
{ "type": "Feature", "properties": { "内容": "小林内科医院【2:診療所】【診療科目:内科_循環器内科_胃腸内科】石川県金沢市三口新町２丁目３番１５号", "url": "https://www.iryou.teikyouseido.mhlw.go.jp/znk-web/juminkanja/S2430/initialize?prefCd=17&kikanCd=5120194&kikanKbn=2", "url2": null }, "geometry": { "type": "Point", "coordinates": [ 136.681128, 36.539933 ] } },
{ "type": "Feature", "properties": { "内容": "医療法人社団細川整形外科医院【2:診療所】【診療科目:整形外科_リウマチ科_リハビリテーション科】石川県金沢市笠舞本町１－６－２３", "url": "https://www.iryou.teikyouseido.mhlw.go.jp/znk-web/juminkanja/S2430/initialize?prefCd=17&kikanCd=5120195&kikanKbn=2", "url2": null }, "geometry": { "type": "Point", "coordinates": [ 136.673896, 36.546174 ] } },
{ "type": "Feature", "properties": { "内容": "医療法人社団　健祥会　たけうち内科クリニック【2:診療所】【診療科目:内科_消化器内科】石川県金沢市涌波１－７－１", "url": "https://www.iryou.teikyouseido.mhlw.go.jp/znk-web/juminkanja/S2430/initialize?prefCd=17&kikanCd=5120199&kikanKbn=2", "url2": "http://www.myclinic.ne.jp/tnc_7822" }, "geometry": { "type": "Point", "coordinates": [ 136.685849, 36.53311 ] } },
{ "type": "Feature", "properties": { "内容": "医療法人社団香林坊メディカルクリニック【2:診療所】【診療科目:内科_外科_整形外科】石川県金沢市香林坊２丁目９−１０", "url": "https://www.iryou.teikyouseido.mhlw.go.jp/znk-web/juminkanja/S2430/initialize?prefCd=17&kikanCd=5120202&kikanKbn=2", "url2": null }, "geometry": { "type": "Point", "coordinates": [ 136.651916, 36.566228 ] } },
{ "type": "Feature", "properties": { "内容": "医療法人社団飛祥会　北國クリニック【2:診療所】【診療科目:内科_糖尿病・内分泌内科_循環器内科_消化器内科_腎臓内科_泌尿器科】石川県金沢市南町", "url": "https://www.iryou.teikyouseido.mhlw.go.jp/znk-web/juminkanja/S2430/initialize?prefCd=17&kikanCd=5120203&kikanKbn=2", "url2": "http://www.clinic.hokkoku.co.jp" }, "geometry": { "type": "Point", "coordinates": [ 136.653212, 36.564945 ] } },
{ "type": "Feature", "properties": { "内容": "本多町皮膚科クリニック【2:診療所】【診療科目:皮膚科】石川県金沢市本多町", "url": "https://www.iryou.teikyouseido.mhlw.go.jp/znk-web/juminkanja/S2430/initialize?prefCd=17&kikanCd=5120212&kikanKbn=2", "url2": null }, "geometry": { "type": "Point", "coordinates": [ 136.659394, 36.556908 ] } },
{ "type": "Feature", "properties": { "内容": "金沢医療生活協同組合　けんろく診療所【2:診療所】【診療科目:内科_循環器内科_消化器内科_外科】石川県金沢市天神町１丁目１８番３７号", "url": "https://www.iryou.teikyouseido.mhlw.go.jp/znk-web/juminkanja/S2430/initialize?prefCd=17&kikanCd=5120217&kikanKbn=2", "url2": "http://www.imir.jp/kenroku.htm" }, "geometry": { "type": "Point", "coordinates": [ 136.679261, 36.557681 ] } },
{ "type": "Feature", "properties": { "内容": "医療法人社団小川医院【2:診療所】【診療科目:内科_循環器内科_消化器内科】石川県金沢市笠舞２－２８－１２", "url": "https://www.iryou.teikyouseido.mhlw.go.jp/znk-web/juminkanja/S2430/initialize?prefCd=17&kikanCd=5120218&kikanKbn=2", "url2": "https://www.ogawaiin.jp/pc/" }, "geometry": { "type": "Point", "coordinates": [ 136.669769, 36.549885 ] } },
{ "type": "Feature", "properties": { "内容": "きたばやし医院【2:診療所】【診療科目:内科】石川県金沢市笠舞１－２３－４０", "url": "https://www.iryou.teikyouseido.mhlw.go.jp/znk-web/juminkanja/S2430/initialize?prefCd=17&kikanCd=5120219&kikanKbn=2", "url2": "http://www.kitabayashi.net/" }, "geometry": { "type": "Point", "coordinates": [ 136.674952, 36.546536 ] } },
{ "type": "Feature", "properties": { "内容": "医療法人社団三平クリニック【2:診療所】【診療科目:整形外科_リウマチ科_リハビリテーション科】石川県金沢市笠舞３丁目２－３１", "url": "https://www.iryou.teikyouseido.mhlw.go.jp/znk-web/juminkanja/S2430/initialize?prefCd=17&kikanCd=5120220&kikanKbn=2", "url2": "http://mihira-r.jp" }, "geometry": { "type": "Point", "coordinates": [ 136.664815, 36.552681 ] } },
{ "type": "Feature", "properties": { "内容": "横井小児科内科医院【2:診療所】【診療科目:内科_小児科】石川県金沢市菊川１丁目１０番３号", "url": "https://www.iryou.teikyouseido.mhlw.go.jp/znk-web/juminkanja/S2430/initialize?prefCd=17&kikanCd=5120225&kikanKbn=2", "url2": "http://www3.nsknet.or.jp/~t-yokoi/" }, "geometry": { "type": "Point", "coordinates": [ 136.662111, 36.551142 ] } },
{ "type": "Feature", "properties": { "内容": "医療法人社団北野内科クリニック【2:診療所】【診療科目:内科_循環器内科_消化器内科】石川県金沢市幸町５番２７号", "url": "https://www.iryou.teikyouseido.mhlw.go.jp/znk-web/juminkanja/S2430/initialize?prefCd=17&kikanCd=5120226&kikanKbn=2", "url2": null }, "geometry": { "type": "Point", "coordinates": [ 136.659611, 36.555094 ] } },
{ "type": "Feature", "properties": { "内容": "松田小児科・消化器ＩＢＤクリニック【2:診療所】【診療科目:内科_消化器内科_小児科】石川県金沢市片町２丁目１３番１３号", "url": "https://www.iryou.teikyouseido.mhlw.go.jp/znk-web/juminkanja/S2430/initialize?prefCd=17&kikanCd=5120233&kikanKbn=2", "url2": "matsuda-shonika.jp" }, "geometry": { "type": "Point", "coordinates": [ 136.640284, 36.559037 ] } },
{ "type": "Feature", "properties": { "内容": "早川浩之の内科医院【2:診療所】【診療科目:内科_糖尿病・内分泌内科】石川県金沢市上柿木畠", "url": "https://www.iryou.teikyouseido.mhlw.go.jp/znk-web/juminkanja/S2430/initialize?prefCd=17&kikanCd=5120241&kikanKbn=2", "url2": "http://www.dr-hayakawa.com/" }, "geometry": { "type": "Point", "coordinates": [ 136.657183, 36.559387 ] } },
{ "type": "Feature", "properties": { "内容": "医療法人社団　康仁会　金沢たまごクリニック【2:診療所】【診療科目:産婦人科（生殖医療）_美容皮膚科】石川県金沢市諸江町", "url": "https://www.iryou.teikyouseido.mhlw.go.jp/znk-web/juminkanja/S2430/initialize?prefCd=17&kikanCd=5120243&kikanKbn=2", "url2": "http://tamagoclinic.com/" }, "geometry": { "type": "Point", "coordinates": [ 136.642885, 36.599009 ] } },
{ "type": "Feature", "properties": { "内容": "特別養護老人ホーム戸室和楽ホーム付属診療所【2:診療所】【診療科目:内科_整形外科】石川県金沢市俵町コ１番地１", "url": "https://www.iryou.teikyouseido.mhlw.go.jp/znk-web/juminkanja/S2430/initialize?prefCd=17&kikanCd=5120244&kikanKbn=2", "url2": null }, "geometry": { "type": "Point", "coordinates": [ 136.717247, 36.53339 ] } },
{ "type": "Feature", "properties": { "内容": "医療法人社団　なからい小児科クリニック【2:診療所】【診療科目:小児科】石川県金沢市田上の里２－６８", "url": "https://www.iryou.teikyouseido.mhlw.go.jp/znk-web/juminkanja/S2430/initialize?prefCd=17&kikanCd=5120246&kikanKbn=2", "url2": "http://www.nakarai-ped.sakura.ne.jp" }, "geometry": { "type": "Point", "coordinates": [ 136.691071, 36.547576 ] } },
{ "type": "Feature", "properties": { "内容": "医療法人社団やまぐち内科クリニック【2:診療所】【診療科目:内科_消化器内科】石川県金沢市田上本町３丁目２０５番地１", "url": "https://www.iryou.teikyouseido.mhlw.go.jp/znk-web/juminkanja/S2430/initialize?prefCd=17&kikanCd=5120249&kikanKbn=2", "url2": "https://yamatagami.jp/" }, "geometry": { "type": "Point", "coordinates": [ 136.696111, 36.540053 ] } },
{ "type": "Feature", "properties": { "内容": "ナガサト太陽クリニック【2:診療所】【診療科目:内科_消化器内科_外科】石川県金沢市田上の里２ー６６", "url": "https://www.iryou.teikyouseido.mhlw.go.jp/znk-web/juminkanja/S2430/initialize?prefCd=17&kikanCd=5120250&kikanKbn=2", "url2": "http://www.nagasato-taiyo.clinic/index.html" }, "geometry": { "type": "Point", "coordinates": [ 136.691288, 36.547988 ] } },
{ "type": "Feature", "properties": { "内容": "クリニック杜の里【2:診療所】【診療科目:胃腸内科_外科_肛門外科】石川県金沢市もりの里", "url": "https://www.iryou.teikyouseido.mhlw.go.jp/znk-web/juminkanja/S2430/initialize?prefCd=17&kikanCd=5120252&kikanKbn=2", "url2": null }, "geometry": { "type": "Point", "coordinates": [ 136.68622, 36.554393 ] } },
{ "type": "Feature", "properties": { "内容": "内田マタニティクリニック【2:診療所】【診療科目:産婦人科】石川県金沢市もりの里１丁目２１２番地", "url": "https://www.iryou.teikyouseido.mhlw.go.jp/znk-web/juminkanja/S2430/initialize?prefCd=17&kikanCd=5120253&kikanKbn=2", "url2": "http://www.uchidamaternity.com/" }, "geometry": { "type": "Point", "coordinates": [ 136.689578, 36.549285 ] } },
{ "type": "Feature", "properties": { "内容": "医療法人社団杉原沼田クリニック【2:診療所】【診療科目:内科_循環器内科_小児科】石川県金沢市末町１６の２０番地１", "url": "https://www.iryou.teikyouseido.mhlw.go.jp/znk-web/juminkanja/S2430/initialize?prefCd=17&kikanCd=5120255&kikanKbn=2", "url2": null }, "geometry": { "type": "Point", "coordinates": [ 136.686311, 36.520401 ] } },
{ "type": "Feature", "properties": { "内容": "つちや眼科クリニック【2:診療所】【診療科目:眼科】石川県金沢市吉原町ヨ１３０番地２", "url": "https://www.iryou.teikyouseido.mhlw.go.jp/znk-web/juminkanja/S2430/initialize?prefCd=17&kikanCd=5120265&kikanKbn=2", "url2": "http://www.tsuchiyagankaclinic.jp/tsuchiya_yan_kekurinikku/toppupeji.html" }, "geometry": { "type": "Point", "coordinates": [ 136.691074, 36.611086 ] } },
{ "type": "Feature", "properties": { "内容": "丘村クリニック【2:診療所】【診療科目:内科_産科_婦人科】石川県金沢市荒屋", "url": "https://www.iryou.teikyouseido.mhlw.go.jp/znk-web/juminkanja/S2430/initialize?prefCd=17&kikanCd=5120271&kikanKbn=2", "url2": null }, "geometry": { "type": "Point", "coordinates": [ 136.684288, 36.615209 ] } },
{ "type": "Feature", "properties": { "内容": "おおのこどもクリニック【2:診療所】【診療科目:小児科】石川県金沢市荒屋", "url": "https://www.iryou.teikyouseido.mhlw.go.jp/znk-web/juminkanja/S2430/initialize?prefCd=17&kikanCd=5120272&kikanKbn=2", "url2": null }, "geometry": { "type": "Point", "coordinates": [ 136.684454, 36.615364 ] } },
{ "type": "Feature", "properties": { "内容": "三宅医院【2:診療所】【診療科目:内科_呼吸器内科_循環器内科_アレルギー科】石川県金沢市福久１丁目９５", "url": "https://www.iryou.teikyouseido.mhlw.go.jp/znk-web/juminkanja/S2430/initialize?prefCd=17&kikanCd=5120274&kikanKbn=2", "url2": "https://miyakeya-clinic.com/" }, "geometry": { "type": "Point", "coordinates": [ 136.679294, 36.616459 ] } },
{ "type": "Feature", "properties": { "内容": "医療法人社団おおもりクリニック【2:診療所】【診療科目:内科_消化器内科_胃腸内科_肝臓内科】石川県金沢市鞍月４－１４４", "url": "https://www.iryou.teikyouseido.mhlw.go.jp/znk-web/juminkanja/S2430/initialize?prefCd=17&kikanCd=5120279&kikanKbn=2", "url2": "http://www.omori-clinic.com" }, "geometry": { "type": "Point", "coordinates": [ 136.623603, 36.596896 ] } },
{ "type": "Feature", "properties": { "内容": "木村内科医院【2:診療所】【診療科目:内科_循環器内科_消化器内科_放射線科】石川県金沢市間明町１丁目３４６", "url": "https://www.iryou.teikyouseido.mhlw.go.jp/znk-web/juminkanja/S2430/initialize?prefCd=17&kikanCd=5120286&kikanKbn=2", "url2": null }, "geometry": { "type": "Point", "coordinates": [ 136.620902, 36.567407 ] } },
{ "type": "Feature", "properties": { "内容": "川口眼科医院【2:診療所】【診療科目:小児眼科_眼科】石川県金沢市入江２丁目１６３－２", "url": "https://www.iryou.teikyouseido.mhlw.go.jp/znk-web/juminkanja/S2430/initialize?prefCd=17&kikanCd=5120288&kikanKbn=2", "url2": null }, "geometry": { "type": "Point", "coordinates": [ 136.62673, 36.565289 ] } },
{ "type": "Feature", "properties": { "内容": "医療法人社団岡本小児科医院【2:診療所】【診療科目:小児科】石川県金沢市入江１丁目６１６－１", "url": "https://www.iryou.teikyouseido.mhlw.go.jp/znk-web/juminkanja/S2430/initialize?prefCd=17&kikanCd=5120291&kikanKbn=2", "url2": null }, "geometry": { "type": "Point", "coordinates": [ 136.629784, 36.568135 ] } },
{ "type": "Feature", "properties": { "内容": "医療法人社団加藤整形外科医院【2:診療所】【診療科目:整形外科_リハビリテーション科】石川県金沢市本江町８番１８号", "url": "https://www.iryou.teikyouseido.mhlw.go.jp/znk-web/juminkanja/S2430/initialize?prefCd=17&kikanCd=5120292&kikanKbn=2", "url2": "www.katouseikei.com" }, "geometry": { "type": "Point", "coordinates": [ 136.63429, 36.567207 ] } },
{ "type": "Feature", "properties": { "内容": "医療法人社団英和会うきた産婦人科医院【2:診療所】【診療科目:内科_形成外科_美容外科_小児科_小児外科_産婦人科】石川県金沢市新神田４丁目７－２５", "url": "https://www.iryou.teikyouseido.mhlw.go.jp/znk-web/juminkanja/S2430/initialize?prefCd=17&kikanCd=5120295&kikanKbn=2", "url2": "http://www.ukita.or.jp/" }, "geometry": { "type": "Point", "coordinates": [ 136.628465, 36.561916 ] } },
{ "type": "Feature", "properties": { "内容": "医療法人社団福申会野町広小路医院【2:診療所】【診療科目:内科_外科_美容外科_皮膚科_美容皮膚科】石川県金沢市中村町９番２３号", "url": "https://www.iryou.teikyouseido.mhlw.go.jp/znk-web/juminkanja/S2430/initialize?prefCd=17&kikanCd=5120298&kikanKbn=2", "url2": "http://www.nomachi-cl.com/" }, "geometry": { "type": "Point", "coordinates": [ 136.643761, 36.559472 ] } },
{ "type": "Feature", "properties": { "内容": "医療法人社団岡部診療所【2:診療所】【診療科目:精神科_心療内科】石川県金沢市増泉１丁目１９番１７号", "url": "https://www.iryou.teikyouseido.mhlw.go.jp/znk-web/juminkanja/S2430/initialize?prefCd=17&kikanCd=5120302&kikanKbn=2", "url2": "clinic-okabe.com" }, "geometry": { "type": "Point", "coordinates": [ 136.641898, 36.558405 ] } },
{ "type": "Feature", "properties": { "内容": "医療法人社団横井内科医院【2:診療所】【診療科目:内科】石川県金沢市野町", "url": "https://www.iryou.teikyouseido.mhlw.go.jp/znk-web/juminkanja/S2430/initialize?prefCd=17&kikanCd=5120311&kikanKbn=2", "url2": null }, "geometry": { "type": "Point", "coordinates": [ 136.647107, 36.554715 ] } },
{ "type": "Feature", "properties": { "内容": "医療法人社団かわきた眼科クリニック【2:診療所】【診療科目:眼科】石川県金沢市野町１丁目３－６７", "url": "https://www.iryou.teikyouseido.mhlw.go.jp/znk-web/juminkanja/S2430/initialize?prefCd=17&kikanCd=5120312&kikanKbn=2", "url2": null }, "geometry": { "type": "Point", "coordinates": [ 136.647957, 36.555027 ] } },
{ "type": "Feature", "properties": { "内容": "津川医院【2:診療所】【診療科目:内科_循環器内科】石川県金沢市弥生１丁目１７番１０号", "url": "https://www.iryou.teikyouseido.mhlw.go.jp/znk-web/juminkanja/S2430/initialize?prefCd=17&kikanCd=5120322&kikanKbn=2", "url2": null }, "geometry": { "type": "Point", "coordinates": [ 136.649545, 36.549543 ] } },
{ "type": "Feature", "properties": { "内容": "佐伯ペインクリニック【2:診療所】【診療科目:内科_ペインクリニック外科_リハビリテーション科_麻酔科】石川県金沢市弥生", "url": "https://www.iryou.teikyouseido.mhlw.go.jp/znk-web/juminkanja/S2430/initialize?prefCd=17&kikanCd=5120323&kikanKbn=2", "url2": null }, "geometry": { "type": "Point", "coordinates": [ 136.644508, 36.547068 ] } },
{ "type": "Feature", "properties": { "内容": "四位例内科クリニック【2:診療所】【診療科目:内科_循環器内科_消化器内科】石川県金沢市泉１丁目１番５号", "url": "https://www.iryou.teikyouseido.mhlw.go.jp/znk-web/juminkanja/S2430/initialize?prefCd=17&kikanCd=5120324&kikanKbn=2", "url2": "https://www.yayoi-kanazawa.com" }, "geometry": { "type": "Point", "coordinates": [ 136.644932, 36.551627 ] } },
{ "type": "Feature", "properties": { "内容": "山崎皮膚科医院【2:診療所】【診療科目:小児皮膚科_皮膚科】石川県金沢市泉２－３１－１", "url": "https://www.iryou.teikyouseido.mhlw.go.jp/znk-web/juminkanja/S2430/initialize?prefCd=17&kikanCd=5120326&kikanKbn=2", "url2": null }, "geometry": { "type": "Point", "coordinates": [ 136.640943, 36.550328 ] } },
{ "type": "Feature", "properties": { "内容": "わたなべ小児科医院【2:診療所】【診療科目:小児科】石川県金沢市泉本町５丁目５番地１", "url": "https://www.iryou.teikyouseido.mhlw.go.jp/znk-web/juminkanja/S2430/initialize?prefCd=17&kikanCd=5120328&kikanKbn=2", "url2": "http://watanabe-ped-cl.com" }, "geometry": { "type": "Point", "coordinates": [ 136.63639, 36.551287 ] } },
{ "type": "Feature", "properties": { "内容": "中谷整形外科【2:診療所】【診療科目:整形外科_リウマチ科_リハビリテーション科】石川県金沢市泉本町４−１２", "url": "https://www.iryou.teikyouseido.mhlw.go.jp/znk-web/juminkanja/S2430/initialize?prefCd=17&kikanCd=5120329&kikanKbn=2", "url2": null }, "geometry": { "type": "Point", "coordinates": [ 136.640215, 36.550882 ] } },
{ "type": "Feature", "properties": { "内容": "医療法人社団永幸会ながい内科クリニック【2:診療所】【診療科目:内科_循環器内科_消化器内科】石川県金沢市保古１丁目１７５番地", "url": "https://www.iryou.teikyouseido.mhlw.go.jp/znk-web/juminkanja/S2430/initialize?prefCd=17&kikanCd=5120335&kikanKbn=2", "url2": "http://www.dr-nagai-clinic.com" }, "geometry": { "type": "Point", "coordinates": [ 136.620205, 36.558169 ] } },
{ "type": "Feature", "properties": { "内容": "宮下眼科医院【2:診療所】【診療科目:眼科】石川県金沢市西金沢", "url": "https://www.iryou.teikyouseido.mhlw.go.jp/znk-web/juminkanja/S2430/initialize?prefCd=17&kikanCd=5120337&kikanKbn=2", "url2": null }, "geometry": { "type": "Point", "coordinates": [ 136.611758, 36.552312 ] } },
{ "type": "Feature", "properties": { "内容": "医療法人社団くじらぐも　のぞみ小児科医院【2:診療所】【診療科目:小児科】石川県金沢市八日市４町目３７３番", "url": "https://www.iryou.teikyouseido.mhlw.go.jp/znk-web/juminkanja/S2430/initialize?prefCd=17&kikanCd=5120340&kikanKbn=2", "url2": "https://nozomi-shounika.com" }, "geometry": { "type": "Point", "coordinates": [ 136.608454, 36.550367 ] } },
{ "type": "Feature", "properties": { "内容": "医療法人社団フォレスト産科婦人科佐川クリニック【2:診療所】【診療科目:産科_婦人科】石川県金沢市上荒屋", "url": "https://www.iryou.teikyouseido.mhlw.go.jp/znk-web/juminkanja/S2430/initialize?prefCd=17&kikanCd=5120343&kikanKbn=2", "url2": "http://www.sagawa-clinic.com" }, "geometry": { "type": "Point", "coordinates": [ 136.592889, 36.547943 ] } },
{ "type": "Feature", "properties": { "内容": "上荒屋クリニック【2:診療所】【診療科目:内科_リウマチ科】石川県金沢市上荒屋１－７９", "url": "https://www.iryou.teikyouseido.mhlw.go.jp/znk-web/juminkanja/S2430/initialize?prefCd=17&kikanCd=5120344&kikanKbn=2", "url2": "http://kamiaraya.jp/" }, "geometry": { "type": "Point", "coordinates": [ 136.59235, 36.54634 ] } },
{ "type": "Feature", "properties": { "内容": "森下整形外科医院【2:診療所】【診療科目:内科_外科_整形外科_リハビリテーション科】石川県金沢市矢木１－９６", "url": "https://www.iryou.teikyouseido.mhlw.go.jp/znk-web/juminkanja/S2430/initialize?prefCd=17&kikanCd=5120345&kikanKbn=2", "url2": "https://morisita-seikei.com/index.html" }, "geometry": { "type": "Point", "coordinates": [ 136.597266, 36.555021 ] } },
{ "type": "Feature", "properties": { "内容": "医療法人中嶋医院【2:診療所】【診療科目:皮膚科_泌尿器科】石川県金沢市若草町", "url": "https://www.iryou.teikyouseido.mhlw.go.jp/znk-web/juminkanja/S2430/initialize?prefCd=17&kikanCd=5120350&kikanKbn=2", "url2": "https://www.nakashimaiin.jp/" }, "geometry": { "type": "Point", "coordinates": [ 136.656425, 36.544768 ] } },
{ "type": "Feature", "properties": { "内容": "みずのクリニック【2:診療所】【診療科目:内科_精神科_神経科_心療内科】石川県金沢市長坂台１ー２４", "url": "https://www.iryou.teikyouseido.mhlw.go.jp/znk-web/juminkanja/S2430/initialize?prefCd=17&kikanCd=5120351&kikanKbn=2", "url2": null }, "geometry": { "type": "Point", "coordinates": [ 136.652133, 36.534463 ] } },
{ "type": "Feature", "properties": { "内容": "伊藤整形外科・内科クリニック【2:診療所】【診療科目:内科_整形外科_リウマチ科_リハビリテーション科】石川県金沢市長坂３－２－２１", "url": "https://www.iryou.teikyouseido.mhlw.go.jp/znk-web/juminkanja/S2430/initialize?prefCd=17&kikanCd=5120352&kikanKbn=2", "url2": "http://www.nsknet.or.jp/~takaokun/" }, "geometry": { "type": "Point", "coordinates": [ 136.653968, 36.535726 ] } },
{ "type": "Feature", "properties": { "内容": "ふじもとクリニック【2:診療所】【診療科目:内科_胃腸内科_外科】石川県金沢市長坂", "url": "https://www.iryou.teikyouseido.mhlw.go.jp/znk-web/juminkanja/S2430/initialize?prefCd=17&kikanCd=5120353&kikanKbn=2", "url2": null }, "geometry": { "type": "Point", "coordinates": [ 136.656478, 36.537659 ] } },
{ "type": "Feature", "properties": { "内容": "いずみの耳鼻咽喉科医院【2:診療所】【診療科目:耳鼻いんこう科】石川県金沢市泉野出町３－１－２８", "url": "https://www.iryou.teikyouseido.mhlw.go.jp/znk-web/juminkanja/S2430/initialize?prefCd=17&kikanCd=5120355&kikanKbn=2", "url2": null }, "geometry": { "type": "Point", "coordinates": [ 136.648654, 36.540236 ] } },
{ "type": "Feature", "properties": { "内容": "医療法人社団ひがしやまクリニック【2:診療所】【診療科目:形成外科_美容外科_皮膚科】石川県金沢市泉野出町１ー１９ー２０", "url": "https://www.iryou.teikyouseido.mhlw.go.jp/znk-web/juminkanja/S2430/initialize?prefCd=17&kikanCd=5120356&kikanKbn=2", "url2": "http://www.higashiyama-clinic.jp/" }, "geometry": { "type": "Point", "coordinates": [ 136.654995, 36.539072 ] } },
{ "type": "Feature", "properties": { "内容": "ふじさわ眼科小児科クリニック【2:診療所】【診療科目:小児科_眼科】石川県金沢市泉野出町３－３－２５", "url": "https://www.iryou.teikyouseido.mhlw.go.jp/znk-web/juminkanja/S2430/initialize?prefCd=17&kikanCd=5120357&kikanKbn=2", "url2": null }, "geometry": { "type": "Point", "coordinates": [ 136.649239, 36.540222 ] } },
{ "type": "Feature", "properties": { "内容": "山下医院【2:診療所】【診療科目:内科】石川県金沢市緑が丘", "url": "https://www.iryou.teikyouseido.mhlw.go.jp/znk-web/juminkanja/S2430/initialize?prefCd=17&kikanCd=5120359&kikanKbn=2", "url2": null }, "geometry": { "type": "Point", "coordinates": [ 136.65518, 36.543275 ] } },
{ "type": "Feature", "properties": { "内容": "医療法人社団仁信会杉原整形外科クリニック【2:診療所】【診療科目:内科_外科_整形外科_リハビリテーション科】石川県金沢市額乙丸町ロ１５３番地", "url": "https://www.iryou.teikyouseido.mhlw.go.jp/znk-web/juminkanja/S2430/initialize?prefCd=17&kikanCd=5120365&kikanKbn=2", "url2": "http://www.kma.jp/mypage/docdetail.php?org_cd=118199" }, "geometry": { "type": "Point", "coordinates": [ 136.620884, 36.511975 ] } },
{ "type": "Feature", "properties": { "内容": "医療法人社団いしぐろクリニック　いしぐろ脳神経・整形外科クリニック【2:診療所】【診療科目:内科_脳神経内科_神経内科_脳神経外科_脳外科_整形外科_リウマチ科_リハビリテーション科】石川県金沢市窪４丁目５１５番地", "url": "https://www.iryou.teikyouseido.mhlw.go.jp/znk-web/juminkanja/S2430/initialize?prefCd=17&kikanCd=5120372&kikanKbn=2", "url2": "http://www.ishiguro-cli.com" }, "geometry": { "type": "Point", "coordinates": [ 136.640182, 36.526193 ] } },
{ "type": "Feature", "properties": { "内容": "さかえ内科クリニック【2:診療所】【診療科目:内科_消化器内科】石川県金沢市窪３−１８５", "url": "https://www.iryou.teikyouseido.mhlw.go.jp/znk-web/juminkanja/S2430/initialize?prefCd=17&kikanCd=5120374&kikanKbn=2", "url2": "http://www3.spacelan.ne.jp/~sakae/" }, "geometry": { "type": "Point", "coordinates": [ 136.64209, 36.523524 ] } },
{ "type": "Feature", "properties": { "内容": "医療法人社団健真会耳鼻咽喉科安田医院【2:診療所】【診療科目:耳鼻いんこう科】石川県金沢市高尾南３丁目１８番地", "url": "https://www.iryou.teikyouseido.mhlw.go.jp/znk-web/juminkanja/S2430/initialize?prefCd=17&kikanCd=5120376&kikanKbn=2", "url2": "http://yasuda-clinic.net/" }, "geometry": { "type": "Point", "coordinates": [ 136.628842, 36.519346 ] } },
{ "type": "Feature", "properties": { "内容": "わかば内科クリニック【2:診療所】【診療科目:内科_呼吸器内科_循環器内科_消化器内科】石川県金沢市高尾台２丁目１４７番地", "url": "https://www.iryou.teikyouseido.mhlw.go.jp/znk-web/juminkanja/S2430/initialize?prefCd=17&kikanCd=5120378&kikanKbn=2", "url2": null }, "geometry": { "type": "Point", "coordinates": [ 136.628125, 36.522602 ] } },
{ "type": "Feature", "properties": { "内容": "医療法人社団藤村有松眼科医院【2:診療所】【診療科目:眼科】石川県金沢市有松２丁目５番３６号", "url": "https://www.iryou.teikyouseido.mhlw.go.jp/znk-web/juminkanja/S2430/initialize?prefCd=17&kikanCd=5120379&kikanKbn=2", "url2": "https://fujimuraganka.com" }, "geometry": { "type": "Point", "coordinates": [ 136.639253, 36.541784 ] } },
{ "type": "Feature", "properties": { "内容": "西田小児科医院【2:診療所】【診療科目:小児科】石川県金沢市富樫１丁目２ー２０", "url": "https://www.iryou.teikyouseido.mhlw.go.jp/znk-web/juminkanja/S2430/initialize?prefCd=17&kikanCd=5120390&kikanKbn=2", "url2": "https://www.nishida-syonika.com/" }, "geometry": { "type": "Point", "coordinates": [ 136.647799, 36.538948 ] } },
{ "type": "Feature", "properties": { "内容": "医療法人社団　福島医院【2:診療所】【診療科目:内科_神経内科_脳神経外科】石川県金沢市円光寺２丁目５番２０号", "url": "https://www.iryou.teikyouseido.mhlw.go.jp/znk-web/juminkanja/S2430/initialize?prefCd=17&kikanCd=5120393&kikanKbn=2", "url2": "https://www.fukushima-clinic-kanazawa.com" }, "geometry": { "type": "Point", "coordinates": [ 136.64802, 36.532526 ] } },
{ "type": "Feature", "properties": { "内容": "つじ小児科医院【2:診療所】【診療科目:小児科】石川県金沢市窪５－６３０", "url": "https://www.iryou.teikyouseido.mhlw.go.jp/znk-web/juminkanja/S2430/initialize?prefCd=17&kikanCd=513&kikanKbn=2", "url2": null }, "geometry": { "type": "Point", "coordinates": [ 136.782532, 36.862043 ] } },
{ "type": "Feature", "properties": { "内容": "ソフィア内科クリニック【2:診療所】【診療科目:内科_糖尿病・内分泌内科_呼吸器内科_循環器内科_消化器内科】石川県金沢市泉が丘２－１４－１", "url": "https://www.iryou.teikyouseido.mhlw.go.jp/znk-web/juminkanja/S2430/initialize?prefCd=17&kikanCd=516&kikanKbn=2", "url2": "https://sophia-hosp.jp/information/physician/" }, "geometry": { "type": "Point", "coordinates": [ 136.645198, 36.544274 ] } },
{ "type": "Feature", "properties": { "内容": "ソフィアひふ科クリニック【2:診療所】【診療科目:皮膚科】石川県金沢市泉が丘２丁目１４番１号", "url": "https://www.iryou.teikyouseido.mhlw.go.jp/znk-web/juminkanja/S2430/initialize?prefCd=17&kikanCd=517&kikanKbn=2", "url2": "https://sophia-hosp.jp/information/physician/" }, "geometry": { "type": "Point", "coordinates": [ 136.645523, 36.543937 ] } },
{ "type": "Feature", "properties": { "内容": "ユトリヒト診療所【2:診療所】【診療科目:精神科_心療内科】石川県能美市中ノ江町は７６番地", "url": "https://www.iryou.teikyouseido.mhlw.go.jp/znk-web/juminkanja/S2430/initialize?prefCd=17&kikanCd=519&kikanKbn=2", "url2": "https://www.yutorihito-clinic.com" }, "geometry": { "type": "Point", "coordinates": [ 136.468888, 36.439361 ] } },
{ "type": "Feature", "properties": { "内容": "津山整形外科クリニック【2:診療所】【診療科目:整形外科_美容外科_リウマチ科_リハビリテーション科】石川県野々市市中林一丁目６４街区１番", "url": "https://www.iryou.teikyouseido.mhlw.go.jp/znk-web/juminkanja/S2430/initialize?prefCd=17&kikanCd=521&kikanKbn=2", "url2": "www.tsuyamaortho.jp" }, "geometry": { "type": "Point", "coordinates": [ 136.602178, 36.505789 ] } },
{ "type": "Feature", "properties": { "内容": "いそべ糖尿病内科クリニック【2:診療所】【診療科目:内科_糖尿病内科】石川県金沢市磯部町ヌ３２－３", "url": "https://www.iryou.teikyouseido.mhlw.go.jp/znk-web/juminkanja/S2430/initialize?prefCd=17&kikanCd=522&kikanKbn=2", "url2": "https://isobe-dmc.com/about/" }, "geometry": { "type": "Point", "coordinates": [ 136.652197, 36.5956977 ] } },
{ "type": "Feature", "properties": { "内容": "湘南美容クリニック金沢院【2:診療所】【診療科目:美容外科_美容皮膚科】石川県金沢市本町２丁目１５－１　ポルテ金沢３階", "url": "https://www.iryou.teikyouseido.mhlw.go.jp/znk-web/juminkanja/S2430/initialize?prefCd=17&kikanCd=523&kikanKbn=2", "url2": "https://www.s-b-c.net/clinic/branch/kanazawa/" }, "geometry": { "type": "Point", "coordinates": [ 136.649422, 36.576453 ] } },
{ "type": "Feature", "properties": { "内容": "医療法人社団くろしお会　かほく眼科【2:診療所】【診療科目:眼科】石川県かほく市内日角タ２５イオンモールかほく１階", "url": "https://www.iryou.teikyouseido.mhlw.go.jp/znk-web/juminkanja/S2430/initialize?prefCd=17&kikanCd=531&kikanKbn=2", "url2": "http://kahoku-eyeclinic.com/" }, "geometry": { "type": "Point", "coordinates": [ 136.702265, 36.709195 ] } },
{ "type": "Feature", "properties": { "内容": "なかむら整形外科クリニック【2:診療所】【診療科目:整形外科_形成外科_リウマチ科_リハビリテーション科】石川県小松市沖町ソ１１７－１", "url": "https://www.iryou.teikyouseido.mhlw.go.jp/znk-web/juminkanja/S2430/initialize?prefCd=17&kikanCd=532&kikanKbn=2", "url2": "http://nakamuraseikei.net/" }, "geometry": { "type": "Point", "coordinates": [ 136.467396, 36.397927 ] } },
{ "type": "Feature", "properties": { "内容": "かないちクリニック【2:診療所】【診療科目:内科】石川県金沢市金市町ロ１２番地", "url": "https://www.iryou.teikyouseido.mhlw.go.jp/znk-web/juminkanja/S2430/initialize?prefCd=17&kikanCd=535&kikanKbn=2", "url2": "http://kanaichi-clinic.com/" }, "geometry": { "type": "Point", "coordinates": [ 136.680127, 36.610877 ] } },
{ "type": "Feature", "properties": { "内容": "医療法人社団瞳友会　新小松アイクリニック【2:診療所】【診療科目:眼科】石川県小松市清六町３１５番地　イオンモール新小松２Ｆ", "url": "https://www.iryou.teikyouseido.mhlw.go.jp/znk-web/juminkanja/S2430/initialize?prefCd=17&kikanCd=537&kikanKbn=2", "url2": "http://www.shinkomatsu-ganka.com/" }, "geometry": { "type": "Point", "coordinates": [ 136.466123, 36.395619 ] } },
{ "type": "Feature", "properties": { "内容": "にじの森皮フ科クリニック【2:診療所】【診療科目:小児皮膚科_皮膚科_美容皮膚科_アレルギー科】石川県金沢市額新保２丁目２５６番地", "url": "https://www.iryou.teikyouseido.mhlw.go.jp/znk-web/juminkanja/S2430/initialize?prefCd=17&kikanCd=543&kikanKbn=2", "url2": "https://nijinomori-hifuka.com/" }, "geometry": { "type": "Point", "coordinates": [ 136.615374, 36.517637 ] } },
{ "type": "Feature", "properties": { "内容": "といたレディースクリニック【2:診療所】【診療科目:産科_婦人科】石川県金沢市戸板４丁目３５番地", "url": "https://www.iryou.teikyouseido.mhlw.go.jp/znk-web/juminkanja/S2430/initialize?prefCd=17&kikanCd=544&kikanKbn=2", "url2": "https://toita-lc.com" }, "geometry": { "type": "Point", "coordinates": [ 136.62519, 36.581029 ] } },
{ "type": "Feature", "properties": { "内容": "特定医療法人扇翔会南ヶ丘クリニック【2:診療所】【診療科目:内科】石川県金沢市馬替３－１３６", "url": "https://www.iryou.teikyouseido.mhlw.go.jp/znk-web/juminkanja/S2430/initialize?prefCd=17&kikanCd=546&kikanKbn=2", "url2": "https://www.minamigaoka-hp.or.jp/clinic/index.html" }, "geometry": { "type": "Point", "coordinates": [ 136.620116, 36.52126 ] } },
{ "type": "Feature", "properties": { "内容": "石引こころの診療所【2:診療所】【診療科目:精神科_心療内科】石川県金沢市石引１－３－３２", "url": "https://www.iryou.teikyouseido.mhlw.go.jp/znk-web/juminkanja/S2430/initialize?prefCd=17&kikanCd=548&kikanKbn=2", "url2": null }, "geometry": { "type": "Point", "coordinates": [ 136.669946, 36.556246 ] } },
{ "type": "Feature", "properties": { "内容": "痛みとストレスのクリニック【2:診療所】【診療科目:ペインクリニック内科_精神科_心療内科】石川県金沢市増泉１丁目１７‐２２", "url": "https://www.iryou.teikyouseido.mhlw.go.jp/znk-web/juminkanja/S2430/initialize?prefCd=17&kikanCd=549&kikanKbn=2", "url2": "https://painandstress.sakura.ne.jp/" }, "geometry": { "type": "Point", "coordinates": [ 136.644334, 36.558693 ] } },
{ "type": "Feature", "properties": { "内容": "ブランクリニック金沢院【2:診療所】【診療科目:美容皮膚科】石川県金沢市堀川新町２番４８号サンファーストビル４階", "url": "https://www.iryou.teikyouseido.mhlw.go.jp/znk-web/juminkanja/S2430/initialize?prefCd=17&kikanCd=550&kikanKbn=2", "url2": "https://bccl.jp/about/kanazawa/" }, "geometry": { "type": "Point", "coordinates": [ 136.650908, 36.579264 ] } },
{ "type": "Feature", "properties": { "内容": "よこやま整形外科　手とリウマチクリニック【2:診療所】【診療科目:整形外科_リウマチ科_リハビリテーション科】石川県金沢市安江町１４－１　金澤雅壇１０１区画", "url": "https://www.iryou.teikyouseido.mhlw.go.jp/znk-web/juminkanja/S2430/initialize?prefCd=17&kikanCd=551&kikanKbn=2", "url2": "https://yokoyama-seikei.jp/" }, "geometry": { "type": "Point", "coordinates": [ 136.653578, 36.573781 ] } },
{ "type": "Feature", "properties": { "内容": "なかざわ腎泌尿器科クリニック【2:診療所】【診療科目:内科_泌尿器科_精神科】石川県野々市市新庄６丁目４４５番地", "url": "https://www.iryou.teikyouseido.mhlw.go.jp/znk-web/juminkanja/S2430/initialize?prefCd=17&kikanCd=552&kikanKbn=2", "url2": "https://www.nakazawa-cl.jp/index.php" }, "geometry": { "type": "Point", "coordinates": [ 136.607974, 36.507874 ] } },
{ "type": "Feature", "properties": { "内容": "顔のクリニック金沢【2:診療所】【診療科目:形成外科_美容外科】石川県金沢市鞍月５－１５０", "url": "https://www.iryou.teikyouseido.mhlw.go.jp/znk-web/juminkanja/S2430/initialize?prefCd=17&kikanCd=553&kikanKbn=2", "url2": "https://www.craniofacialclinic.jp" }, "geometry": { "type": "Point", "coordinates": [ 136.624151, 36.598692 ] } },
{ "type": "Feature", "properties": { "内容": "さいとう家族のクリニック【2:診療所】【診療科目:内科_呼吸器内科_アレルギー疾患内科_歯科_アレルギー科】石川県金沢市黒田一丁目１８８番地", "url": "https://www.iryou.teikyouseido.mhlw.go.jp/znk-web/juminkanja/S2430/initialize?prefCd=17&kikanCd=554&kikanKbn=2", "url2": "https://www.kazokunoclinic.com/consultation" }, "geometry": { "type": "Point", "coordinates": [ 136.6115, 36.563 ] } },
{ "type": "Feature", "properties": { "内容": "藤田内科リウマチ膠原病クリニック【2:診療所】【診療科目:内科_リウマチ科】石川県金沢市直江西一丁目９９番地", "url": "https://www.iryou.teikyouseido.mhlw.go.jp/znk-web/juminkanja/S2430/initialize?prefCd=17&kikanCd=555&kikanKbn=2", "url2": "https://fujitanaikaclinic.com/" }, "geometry": { "type": "Point", "coordinates": [ 136.63487, 36.61327 ] } },
{ "type": "Feature", "properties": { "内容": "医療法人功起会　いのき内科・循環器内科クリニック【2:診療所】【診療科目:内科_呼吸器内科_循環器内科】石川県小松市矢崎町ネ４９番", "url": "https://www.iryou.teikyouseido.mhlw.go.jp/znk-web/juminkanja/S2430/initialize?prefCd=17&kikanCd=556&kikanKbn=2", "url2": "https://www.inokiclinic.com/" }, "geometry": { "type": "Point", "coordinates": [ 136.43136, 36.36445 ] } },
{ "type": "Feature", "properties": { "内容": "メンタルクリニックくまぶん【2:診療所】【診療科目:精神科_心療内科】石川県金沢市本町２丁目１５番１号　ポルテ金沢３階", "url": "https://www.iryou.teikyouseido.mhlw.go.jp/znk-web/juminkanja/S2430/initialize?prefCd=17&kikanCd=558&kikanKbn=2", "url2": "www.kumabunclinic.com" }, "geometry": { "type": "Point", "coordinates": [ 136.64975, 36.57658 ] } },
{ "type": "Feature", "properties": { "内容": "わせだ＠ホームクリニック【2:診療所】【診療科目:内科_消化器内科_肝臓内科_内視鏡内科_緩和ケア内科】石川県金沢市駅西本町２丁目５番２０号", "url": "https://www.iryou.teikyouseido.mhlw.go.jp/znk-web/juminkanja/S2430/initialize?prefCd=17&kikanCd=560&kikanKbn=2", "url2": "https://waseda-athome.jp" }, "geometry": { "type": "Point", "coordinates": [ 136.636146, 36.581734 ] } },
{ "type": "Feature", "properties": { "内容": "えぐち内科【2:診療所】【診療科目:内科_脳神経内科】石川県金沢市鳴和１－２０－１１", "url": "https://www.iryou.teikyouseido.mhlw.go.jp/znk-web/juminkanja/S2430/initialize?prefCd=17&kikanCd=562&kikanKbn=2", "url2": "http://eguchi.clinic/" }, "geometry": { "type": "Point", "coordinates": [ 136.675883, 36.589185 ] } },
{ "type": "Feature", "properties": { "内容": "アリシア　クリニック　金沢院【2:診療所】【診療科目:美容皮膚科】石川県金沢市此花町３番２号　　ライブ１ビル２階", "url": "https://www.iryou.teikyouseido.mhlw.go.jp/znk-web/juminkanja/S2430/initialize?prefCd=17&kikanCd=564&kikanKbn=2", "url2": "https://www.aletheia-clinic.com/" }, "geometry": { "type": "Point", "coordinates": [ 136.651373, 36.576885 ] } },
{ "type": "Feature", "properties": { "内容": "ＴＣＢ　東京中央美容外科・ＴＣＢ　スキンクリニック　金沢院【2:診療所】【診療科目:形成外科_美容外科_皮膚科_美容皮膚科】石川県金沢市堀川町４－１セントラルビル５階", "url": "https://www.iryou.teikyouseido.mhlw.go.jp/znk-web/juminkanja/S2430/initialize?prefCd=17&kikanCd=565&kikanKbn=2", "url2": "https://aoki-tsuyoshi.com/clinic/kanazawa" }, "geometry": { "type": "Point", "coordinates": [ 136.651613, 36.579352 ] } },
{ "type": "Feature", "properties": { "内容": "つばきメンタルクリニック【2:診療所】【診療科目:精神科_心療内科】石川県野々市市粟田６－４５０", "url": "https://www.iryou.teikyouseido.mhlw.go.jp/znk-web/juminkanja/S2430/initialize?prefCd=17&kikanCd=566&kikanKbn=2", "url2": "https://tsubakimc.jp/" }, "geometry": { "type": "Point", "coordinates": [ 136.607925, 36.510178 ] } },
{ "type": "Feature", "properties": { "内容": "酒井内科クリニック【2:診療所】【診療科目:内科_消化器内科】石川県野々市市三納三丁目１０９番地１", "url": "https://www.iryou.teikyouseido.mhlw.go.jp/znk-web/juminkanja/S2430/initialize?prefCd=17&kikanCd=567&kikanKbn=2", "url2": "https://sakai-intmed.com" }, "geometry": { "type": "Point", "coordinates": [ 136.610417, 36.524127 ] } },
{ "type": "Feature", "properties": { "内容": "かみむらクリニック【2:診療所】【診療科目:内科_形成外科_美容外科_泌尿器科】石川県金沢市南新保町ロ２８番地１", "url": "https://www.iryou.teikyouseido.mhlw.go.jp/znk-web/juminkanja/S2430/initialize?prefCd=17&kikanCd=569&kikanKbn=2", "url2": "https://kamimura-clinic.jp/access/" }, "geometry": { "type": "Point", "coordinates": [ 136.637763, 36.599409 ] } },
{ "type": "Feature", "properties": { "内容": "エミナルクリニック金沢院【2:診療所】【診療科目:美容皮膚科】石川県金沢市本町１丁目５番３号リファーレ２階", "url": "https://www.iryou.teikyouseido.mhlw.go.jp/znk-web/juminkanja/S2430/initialize?prefCd=17&kikanCd=570&kikanKbn=2", "url2": null }, "geometry": { "type": "Point", "coordinates": [ 136.651882, 36.575662 ] } },
{ "type": "Feature", "properties": { "内容": "まきの皮ふ科【2:診療所】【診療科目:皮膚科】石川県河北郡津幡町中須加ろ５２番地１", "url": "https://www.iryou.teikyouseido.mhlw.go.jp/znk-web/juminkanja/S2430/initialize?prefCd=17&kikanCd=773&kikanKbn=2", "url2": null }, "geometry": { "type": "Point", "coordinates": [ 136.726046, 36.67158 ] } },
{ "type": "Feature", "properties": { "内容": "ＡＧＡスキンクリニック金沢駅前院【2:診療所】【診療科目:美容皮膚科】石川県金沢市本町１－７－２みやび・る１階１０４", "url": "https://www.iryou.teikyouseido.mhlw.go.jp/znk-web/juminkanja/S2430/initialize?prefCd=17&kikanCd=774&kikanKbn=2", "url2": "https://www.agaskin.net/clinic/lk/" }, "geometry": { "type": "Point", "coordinates": [ 136.653513, 36.575338 ] } },
{ "type": "Feature", "properties": { "内容": "メンズライフクリニック金沢院【2:診療所】【診療科目:形成外科_皮膚科_泌尿器科_頭部皮膚科】石川県金沢市竪町１１０番地１ＥＰ金沢ビル２階Ｂ区画", "url": "https://www.iryou.teikyouseido.mhlw.go.jp/znk-web/juminkanja/S2430/initialize?prefCd=17&kikanCd=775&kikanKbn=2", "url2": "https://www.mens-life-clinic.com/clinic/kanazawa/" }, "geometry": { "type": "Point", "coordinates": [ 136.654854, 36.558174 ] } },
{ "type": "Feature", "properties": { "内容": "医療法人社団生駒会　いこまともみレディースクリニック婦人科本院【2:診療所】【診療科目:女性内科_産婦人科】石川県白山市北安田西２丁目４１番", "url": "https://www.iryou.teikyouseido.mhlw.go.jp/znk-web/juminkanja/S2430/initialize?prefCd=17&kikanCd=776&kikanKbn=2", "url2": "https://www.ikomatomomi-clinic.jp" }, "geometry": { "type": "Point", "coordinates": [ 136.544726, 36.520164 ] } },
{ "type": "Feature", "properties": { "内容": "医療法人社団たきの整形外科クリニック【2:診療所】【診療科目:整形外科_リハビリテーション科】石川県金沢市疋田２丁目４６番地", "url": "https://www.iryou.teikyouseido.mhlw.go.jp/znk-web/juminkanja/S2430/initialize?prefCd=17&kikanCd=780&kikanKbn=2", "url2": "takino-clinic.com" }, "geometry": { "type": "Point", "coordinates": [ 136.673819, 36.603871 ] } },
{ "type": "Feature", "properties": { "内容": "金澤なかでクリニック【2:診療所】【診療科目:内科_糖尿病・内分泌内科_循環器内科_腎臓内科_形成外科_婦人科_皮膚科_泌尿器科】石川県金沢市近岡町２９４－７", "url": "https://www.iryou.teikyouseido.mhlw.go.jp/znk-web/juminkanja/S2430/initialize?prefCd=17&kikanCd=782&kikanKbn=2", "url2": "https://kanazawa-jabez.jp/%e3%82%a2%e3%82%af%e3%82%bb%e3%82%b9" }, "geometry": { "type": "Point", "coordinates": [ 136.631964, 36.609114 ] } },
{ "type": "Feature", "properties": { "内容": "ことのハートクリニック【2:診療所】【診療科目:内科_循環器内科_小児科】石川県小松市北浅井町ち２７－５", "url": "https://www.iryou.teikyouseido.mhlw.go.jp/znk-web/juminkanja/S2430/initialize?prefCd=17&kikanCd=791&kikanKbn=2", "url2": "https://kotono-heart-clinic.com/" }, "geometry": { "type": "Point", "coordinates": [ 136.457371, 36.388457 ] } },
{ "type": "Feature", "properties": { "内容": "きりの里診療所【2:診療所】【診療科目:内科_整形外科_リウマチ科】石川県白山市河内町きりの里６３－１", "url": "https://www.iryou.teikyouseido.mhlw.go.jp/znk-web/juminkanja/S2430/initialize?prefCd=17&kikanCd=792&kikanKbn=2", "url2": "http://kirinosato.com" }, "geometry": { "type": "Point", "coordinates": [ 136.6173806, 36.3912434 ] } },
{ "type": "Feature", "properties": { "内容": "しばた眼科クリニック【2:診療所】【診療科目:眼科】石川県かほく市高松ム６０番地１４", "url": "https://www.iryou.teikyouseido.mhlw.go.jp/znk-web/juminkanja/S2430/initialize?prefCd=17&kikanCd=796&kikanKbn=2", "url2": "https://shibata-eye.clinic/" }, "geometry": { "type": "Point", "coordinates": [ 136.726112, 36.771515 ] } },
{ "type": "Feature", "properties": { "内容": "いこまともみレディースクリニック産科分院【2:診療所】【診療科目:産科】石川県白山市北安田西２丁目１６４番地", "url": "https://www.iryou.teikyouseido.mhlw.go.jp/znk-web/juminkanja/S2430/initialize?prefCd=17&kikanCd=798&kikanKbn=2", "url2": "https://ikomatomomi-sanka-clinic.com/" }, "geometry": { "type": "Point", "coordinates": [ 136.546599, 36.520726 ] } },
{ "type": "Feature", "properties": { "内容": "城北クリニック【2:診療所】【診療科目:内科_神経内科】石川県金沢市京町２０－５０", "url": "https://www.iryou.teikyouseido.mhlw.go.jp/znk-web/juminkanja/S2430/initialize?prefCd=17&kikanCd=800&kikanKbn=2", "url2": "http://jouhoku-clinic.com/" }, "geometry": { "type": "Point", "coordinates": [ 136.6565492, 36.5830028 ] } },
{ "type": "Feature", "properties": { "内容": "きのした内科・循環器内科クリニック【2:診療所】【診療科目:内科_循環器内科】石川県金沢市西金沢３－１９６－１", "url": "https://www.iryou.teikyouseido.mhlw.go.jp/znk-web/juminkanja/S2430/initialize?prefCd=17&kikanCd=812&kikanKbn=2", "url2": "https://kinoshita-naika-kanazawa.jp/" }, "geometry": { "type": "Point", "coordinates": [ 136.614065, 36.552508 ] } },
{ "type": "Feature", "properties": { "内容": "ののいちメディカルクリニック【2:診療所】【診療科目:内科_糖尿病内科_脳神経内科_循環器内科_消化器内科_腎臓内科_老年内科_女性内科_内視鏡内科_脳神経外科_整形外科】石川県野々市市矢作４丁目４２番地１の３", "url": "https://www.iryou.teikyouseido.mhlw.go.jp/znk-web/juminkanja/S2430/initialize?prefCd=17&kikanCd=815&kikanKbn=2", "url2": null }, "geometry": { "type": "Point", "coordinates": [ 136.61432, 36.52375 ] } },
{ "type": "Feature", "properties": { "内容": "ｅクリニック金沢本院【2:診療所】【診療科目:美容外科】石川県金沢市広岡３丁目３−１１ＪＲ金沢駅西第四ＮＫビル　２Ｆ", "url": "https://www.iryou.teikyouseido.mhlw.go.jp/znk-web/juminkanja/S2430/initialize?prefCd=17&kikanCd=816&kikanKbn=2", "url2": "https://eclinic-kanazawa.jp/" }, "geometry": { "type": "Point", "coordinates": [ 136.6456808, 36.5809183 ] } },
{ "type": "Feature", "properties": { "内容": "金沢駅前内科・糖尿病クリニック【2:診療所】【診療科目:内科_糖尿病・内分泌内科】石川県金沢市本町２丁目１５番地１号ポルテ金沢地下１階", "url": "https://www.iryou.teikyouseido.mhlw.go.jp/znk-web/juminkanja/S2430/initialize?prefCd=17&kikanCd=817&kikanKbn=2", "url2": "https://kanazawa-naika.jp/access/" }, "geometry": { "type": "Point", "coordinates": [ 136.6494328, 36.57634 ] } },
{ "type": "Feature", "properties": { "内容": "せせらぎこどもクリニック【2:診療所】【診療科目:小児科】石川県小松市白嶺町３丁目２８番地", "url": "https://www.iryou.teikyouseido.mhlw.go.jp/znk-web/juminkanja/S2430/initialize?prefCd=17&kikanCd=818&kikanKbn=2", "url2": null }, "geometry": { "type": "Point", "coordinates": [ 136.4513411, 36.3890125 ] } },
{ "type": "Feature", "properties": { "内容": "野々市なずな診療所【2:診療所】【診療科目:内科_精神科】石川県野々市市藤平田１丁目２５６－１", "url": "https://www.iryou.teikyouseido.mhlw.go.jp/znk-web/juminkanja/S2430/initialize?prefCd=17&kikanCd=823&kikanKbn=2", "url2": null }, "geometry": { "type": "Point", "coordinates": [ 136.606741, 36.5203173 ] } },
{ "type": "Feature", "properties": { "内容": "医療法人社団　純正会　箱宮こどもクリニック【2:診療所】【診療科目:小児科_アレルギー科】石川県加賀市箱宮町ム１０８番地", "url": "https://www.iryou.teikyouseido.mhlw.go.jp/znk-web/juminkanja/S2430/initialize?prefCd=17&kikanCd=827&kikanKbn=2", "url2": null }, "geometry": { "type": "Point", "coordinates": [ 136.411402399999986, 36.3285772 ] } },
{ "type": "Feature", "properties": { "内容": "おりた内科クリニック　おなかとカメラと糖尿病　金沢院【2:診療所】【診療科目:内科_糖尿病・内分泌内科_消化器内科_女性内科_内視鏡内科】石川県野々市市御経塚１丁目４４５番", "url": "https://www.iryou.teikyouseido.mhlw.go.jp/znk-web/juminkanja/S2430/initialize?prefCd=17&kikanCd=835&kikanKbn=2", "url2": "https://orita-onakaclinic.com/" }, "geometry": { "type": "Point", "coordinates": [ 136.595804, 36.543883 ] } },
{ "type": "Feature", "properties": { "内容": "医療法人社団健巧会　なつこクリニック【2:診療所】【診療科目:形成外科_小児皮膚科_皮膚科_美容皮膚科】石川県金沢市近岡町４２８－１　ＳＯＯＬ　ＢＵＩＬＤＩＮＧ　１階", "url": "https://www.iryou.teikyouseido.mhlw.go.jp/znk-web/juminkanja/S2430/initialize?prefCd=17&kikanCd=836&kikanKbn=2", "url2": null }, "geometry": { "type": "Point", "coordinates": [ 136.631252, 36.610376 ] } }
]
}
